// 4.23.2 0x53893ffb D2 AY R0 FARGB8888 U888 N0 SExtFlashSection
// Generated by imageconverter. Please, do not edit!

#include <touchgfx/hal/Config.hpp>

LOCATION_PRAGMA("ExtFlashSection")
KEEP extern const unsigned char image_needle2[] LOCATION_ATTRIBUTE("ExtFlashSection") = { // 40x110 ARGB8888 pixels.
    0x00, 0x00, 0x00, 0x00, 0x00, 0x00, 0x00, 0x00, 0x00, 0x00, 0x00, 0x00,
    0x00, 0x00, 0x00, 0x00, 0x00, 0x00, 0x00, 0x00, 0x00, 0x00, 0x00, 0x00,
    0x00, 0x00, 0x00, 0x00, 0x00, 0x00, 0x00, 0x00, 0x00, 0x00, 0x00, 0x00,
    0x00, 0x00, 0x00, 0x00, 0x00, 0x00, 0x00, 0x00, 0x00, 0x00, 0x00, 0x00,
    0x00, 0x00, 0x00, 0x00, 0x01, 0x70, 0x14, 0xff, 0x21, 0xeb, 0x44, 0xff,
    0x03, 0xfc, 0x2b, 0xff, 0x05, 0xfe, 0x2d, 0xff, 0x04, 0xff, 0x2c, 0xff,
    0x00, 0xfe, 0x2f, 0xff, 0x00, 0xff, 0x2d, 0xff, 0x00, 0xff, 0x2a, 0xff,
    0x00, 0xff, 0x29, 0xff, 0x04, 0xff, 0x2c, 0xff, 0x04, 0xff, 0x2c, 0xff,
    0x03, 0xfc, 0x2e, 0xff, 0x1f, 0xeb, 0x44, 0xea, 0x00, 0x00, 0x00, 0x00,
    0x00, 0x00, 0x00, 0x00, 0x00, 0x00, 0x00, 0x00, 0x00, 0x00, 0x00, 0x00,
    0x00, 0x00, 0x00, 0x00, 0x00, 0x00, 0x00, 0x00, 0x00, 0x00, 0x00, 0x00,
    0x00, 0x00, 0x00, 0x00, 0x00, 0x00, 0x00, 0x00, 0x00, 0x00, 0x00, 0x00,
    0x00, 0x00, 0x00, 0x00, 0x00, 0x00, 0x00, 0x00, 0x00, 0x00, 0x00, 0x00,
    0x00, 0x00, 0x00, 0x00, 0x00, 0x00, 0x00, 0x00, 0x00, 0x00, 0x00, 0x00,
    0x00, 0x00, 0x00, 0x00, 0x00, 0x00, 0x00, 0x00, 0x00, 0x00, 0x00, 0x00,
    0x00, 0x00, 0x00, 0x00, 0x00, 0x00, 0x00, 0x00, 0x00, 0x00, 0x00, 0x00,
    0x00, 0x00, 0x00, 0x00, 0x00, 0x00, 0x00, 0x00, 0x00, 0x00, 0x00, 0x00,
    0x00, 0x00, 0x00, 0x00, 0x00, 0x00, 0x00, 0x00, 0x01, 0x70, 0x14, 0xff,
    0x21, 0xeb, 0x44, 0xff, 0x03, 0xfc, 0x2b, 0xff, 0x05, 0xfe, 0x2d, 0xff,
    0x04, 0xff, 0x2c, 0xff, 0x00, 0xfe, 0x2f, 0xff, 0x00, 0xff, 0x2d, 0xff,
    0x00, 0xff, 0x2a, 0xff, 0x00, 0xff, 0x29, 0xff, 0x04, 0xff, 0x2c, 0xff,
    0x04, 0xff, 0x2c, 0xff, 0x03, 0xfc, 0x2e, 0xff, 0x20, 0xec, 0x45, 0xef,
    0x05, 0x70, 0x1a, 0x62, 0x00, 0x00, 0x00, 0x00, 0x00, 0x00, 0x00, 0x00,
    0x00, 0x00, 0x00, 0x00, 0x00, 0x00, 0x00, 0x00, 0x00, 0x00, 0x00, 0x00,
    0x00, 0x00, 0x00, 0x00, 0x00, 0x00, 0x00, 0x00, 0x00, 0x00, 0x00, 0x00,
    0x00, 0x00, 0x00, 0x00, 0x00, 0x00, 0x00, 0x00, 0x00, 0x00, 0x00, 0x00,
    0x00, 0x00, 0x00, 0x00, 0x00, 0x00, 0x00, 0x00, 0x00, 0x00, 0x00, 0x00,
    0x00, 0x00, 0x00, 0x00, 0x00, 0x00, 0x00, 0x00, 0x00, 0x00, 0x00, 0x00,
    0x00, 0x00, 0x00, 0x00, 0x00, 0x00, 0x00, 0x00, 0x00, 0x00, 0x00, 0x00,
    0x00, 0x00, 0x00, 0x00, 0x00, 0x00, 0x00, 0x00, 0x00, 0x00, 0x00, 0x00,
    0x00, 0x00, 0x00, 0x00, 0x00, 0x00, 0x00, 0x00, 0x00, 0x00, 0x00, 0x00,
    0x02, 0x71, 0x15, 0xff, 0x21, 0xeb, 0x44, 0xff, 0x03, 0xfc, 0x2b, 0xff,
    0x05, 0xfe, 0x2d, 0xff, 0x04, 0xff, 0x2c, 0xff, 0x00, 0xfe, 0x2f, 0xff,
    0x00, 0xff, 0x2d, 0xff, 0x00, 0xff, 0x2a, 0xff, 0x00, 0xff, 0x29, 0xff,
    0x04, 0xff, 0x2c, 0xff, 0x04, 0xff, 0x2c, 0xff, 0x02, 0xfb, 0x2d, 0xff,
    0x20, 0xec, 0x45, 0xe1, 0x04, 0x71, 0x1a, 0x46, 0x00, 0x00, 0x00, 0x00,
    0x00, 0x00, 0x00, 0x00, 0x00, 0x00, 0x00, 0x00, 0x00, 0x00, 0x00, 0x00,
    0x00, 0x00, 0x00, 0x00, 0x00, 0x00, 0x00, 0x00, 0x00, 0x00, 0x00, 0x00,
    0x00, 0x00, 0x00, 0x00, 0x00, 0x00, 0x00, 0x00, 0x00, 0x00, 0x00, 0x00,
    0x00, 0x00, 0x00, 0x00, 0x00, 0x00, 0x00, 0x00, 0x00, 0x00, 0x00, 0x00,
    0x00, 0x00, 0x00, 0x00, 0x00, 0x00, 0x00, 0x00, 0x00, 0x00, 0x00, 0x00,
    0x00, 0x00, 0x00, 0x00, 0x00, 0x00, 0x00, 0x00, 0x00, 0x00, 0x00, 0x00,
    0x00, 0x00, 0x00, 0x00, 0x00, 0x00, 0x00, 0x00, 0x00, 0x00, 0x00, 0x00,
    0x00, 0x00, 0x00, 0x00, 0x00, 0x00, 0x00, 0x00, 0x00, 0x00, 0x00, 0x00,
    0x00, 0x00, 0x00, 0x00, 0x04, 0x73, 0x17, 0xff, 0x22, 0xec, 0x45, 0xff,
    0x02, 0xfb, 0x2a, 0xff, 0x05, 0xfe, 0x2d, 0xff, 0x04, 0xff, 0x2c, 0xff,
    0x00, 0xfe, 0x2f, 0xff, 0x00, 0xff, 0x2d, 0xff, 0x00, 0xff, 0x2a, 0xff,
    0x00, 0xff, 0x29, 0xff, 0x04, 0xff, 0x2c, 0xff, 0x04, 0xff, 0x2c, 0xff,
    0x02, 0xfb, 0x2d, 0xff, 0x21, 0xed, 0x46, 0xe1, 0x05, 0x71, 0x1c, 0x36,
    0x00, 0x00, 0x00, 0x00, 0x00, 0x00, 0x00, 0x00, 0x00, 0x00, 0x00, 0x00,
    0x00, 0x00, 0x00, 0x00, 0x00, 0x00, 0x00, 0x00, 0x00, 0x00, 0x00, 0x00,
    0x00, 0x00, 0x00, 0x00, 0x00, 0x00, 0x00, 0x00, 0x00, 0x00, 0x00, 0x00,
    0x00, 0x00, 0x00, 0x00, 0x00, 0x00, 0x00, 0x00, 0x00, 0x00, 0x00, 0x00,
    0x00, 0x00, 0x00, 0x00, 0x00, 0x00, 0x00, 0x00, 0x00, 0x00, 0x00, 0x00,
    0x00, 0x00, 0x00, 0x00, 0x00, 0x00, 0x00, 0x00, 0x00, 0x00, 0x00, 0x00,
    0x00, 0x00, 0x00, 0x00, 0x00, 0x00, 0x00, 0x00, 0x00, 0x00, 0x00, 0x00,
    0x00, 0x00, 0x00, 0x00, 0x00, 0x00, 0x00, 0x00, 0x00, 0x00, 0x00, 0x00,
    0x00, 0x00, 0x00, 0x00, 0x00, 0x00, 0x00, 0x00, 0x05, 0x74, 0x18, 0xff,
    0x23, 0xed, 0x46, 0xff, 0x02, 0xfb, 0x2a, 0xff, 0x05, 0xfe, 0x2d, 0xff,
    0x04, 0xff, 0x2c, 0xff, 0x00, 0xfe, 0x2f, 0xff, 0x00, 0xff, 0x2d, 0xff,
    0x00, 0xff, 0x2a, 0xff, 0x00, 0xff, 0x29, 0xff, 0x04, 0xff, 0x2c, 0xff,
    0x04, 0xff, 0x2c, 0xff, 0x01, 0xfa, 0x2c, 0xff, 0x21, 0xee, 0x48, 0xdd,
    0x06, 0x74, 0x1c, 0x2e, 0x00, 0x00, 0x00, 0x00, 0x00, 0x00, 0x00, 0x00,
    0x00, 0x00, 0x00, 0x00, 0x00, 0x00, 0x00, 0x00, 0x00, 0x00, 0x00, 0x00,
    0x00, 0x00, 0x00, 0x00, 0x00, 0x00, 0x00, 0x00, 0x00, 0x00, 0x00, 0x00,
    0x00, 0x00, 0x00, 0x00, 0x00, 0x00, 0x00, 0x00, 0x00, 0x00, 0x00, 0x00,
    0x00, 0x00, 0x00, 0x00, 0x00, 0x00, 0x00, 0x00, 0x00, 0x00, 0x00, 0x00,
    0x00, 0x00, 0x00, 0x00, 0x00, 0x00, 0x00, 0x00, 0x00, 0x00, 0x00, 0x00,
    0x00, 0x00, 0x00, 0x00, 0x00, 0x00, 0x00, 0x00, 0x00, 0x00, 0x00, 0x00,
    0x00, 0x00, 0x00, 0x00, 0x00, 0x00, 0x00, 0x00, 0x00, 0x00, 0x00, 0x00,
    0x00, 0x00, 0x00, 0x00, 0x00, 0x00, 0x00, 0x00, 0x00, 0x00, 0x00, 0x00,
    0x06, 0x75, 0x19, 0xff, 0x24, 0xee, 0x47, 0xff, 0x01, 0xfa, 0x29, 0xff,
    0x05, 0xfe, 0x2d, 0xff, 0x04, 0xff, 0x2c, 0xff, 0x00, 0xfe, 0x2f, 0xff,
    0x00, 0xff, 0x2d, 0xff, 0x00, 0xff, 0x2a, 0xff, 0x00, 0xff, 0x29, 0xff,
    0x04, 0xff, 0x2c, 0xff, 0x04, 0xff, 0x2c, 0xff, 0x01, 0xfa, 0x2c, 0xff,
    0x23, 0xee, 0x47, 0xd6, 0x06, 0x73, 0x20, 0x28, 0x00, 0x00, 0x00, 0x00,
    0x00, 0x00, 0x00, 0x00, 0x00, 0x00, 0x00, 0x00, 0x00, 0x00, 0x00, 0x00,
    0x00, 0x00, 0x00, 0x00, 0x00, 0x00, 0x00, 0x00, 0x00, 0x00, 0x00, 0x00,
    0x00, 0x00, 0x00, 0x00, 0x00, 0x00, 0x00, 0x00, 0x00, 0x00, 0x00, 0x00,
    0x00, 0x00, 0x00, 0x00, 0x00, 0x00, 0x00, 0x00, 0x00, 0x00, 0x00, 0x00,
    0x00, 0x00, 0x00, 0x00, 0x00, 0x00, 0x00, 0x00, 0x00, 0x00, 0x00, 0x00,
    0x00, 0x00, 0x00, 0x00, 0x00, 0x00, 0x00, 0x00, 0x00, 0x00, 0x00, 0x00,
    0x00, 0x00, 0x00, 0x00, 0x00, 0x00, 0x00, 0x00, 0x00, 0x00, 0x00, 0x00,
    0x00, 0x00, 0x00, 0x00, 0x00, 0x00, 0x00, 0x00, 0x00, 0x00, 0x00, 0x00,
    0x00, 0x00, 0x00, 0x00, 0x07, 0x76, 0x1a, 0xff, 0x24, 0xee, 0x47, 0xff,
    0x01, 0xfa, 0x29, 0xff, 0x05, 0xfe, 0x2d, 0xff, 0x04, 0xff, 0x2c, 0xff,
    0x00, 0xfe, 0x2f, 0xff, 0x00, 0xff, 0x2d, 0xff, 0x00, 0xff, 0x2a, 0xff,
    0x00, 0xff, 0x29, 0xff, 0x04, 0xff, 0x2c, 0xff, 0x04, 0xff, 0x2c, 0xff,
    0x01, 0xfa, 0x2c, 0xff, 0x23, 0xee, 0x48, 0xd8, 0x06, 0x76, 0x1f, 0x29,
    0x00, 0x00, 0x00, 0x00, 0x00, 0x00, 0x00, 0x00, 0x00, 0x00, 0x00, 0x00,
    0x00, 0x00, 0x00, 0x00, 0x00, 0x00, 0x00, 0x00, 0x00, 0x00, 0x00, 0x00,
    0x00, 0x00, 0x00, 0x00, 0x00, 0x00, 0x00, 0x00, 0x00, 0x00, 0x00, 0x00,
    0x00, 0x00, 0x00, 0x00, 0x00, 0x00, 0x00, 0x00, 0x00, 0x00, 0x00, 0x00,
    0x00, 0x00, 0x00, 0x00, 0x00, 0x00, 0x00, 0x00, 0x00, 0x00, 0x00, 0x00,
    0x00, 0x00, 0x00, 0x00, 0x00, 0x00, 0x00, 0x00, 0x00, 0x00, 0x00, 0x00,
    0x00, 0x00, 0x00, 0x00, 0x00, 0x00, 0x00, 0x00, 0x00, 0x00, 0x00, 0x00,
    0x00, 0x00, 0x00, 0x00, 0x00, 0x00, 0x00, 0x00, 0x00, 0x00, 0x00, 0x00,
    0x00, 0x00, 0x00, 0x00, 0x00, 0x00, 0x00, 0x00, 0x07, 0x76, 0x1a, 0xff,
    0x24, 0xee, 0x47, 0xff, 0x01, 0xfa, 0x29, 0xff, 0x05, 0xfe, 0x2d, 0xff,
    0x04, 0xff, 0x2c, 0xff, 0x00, 0xfe, 0x2f, 0xff, 0x00, 0xff, 0x2d, 0xff,
    0x00, 0xff, 0x2a, 0xff, 0x00, 0xff, 0x29, 0xff, 0x04, 0xff, 0x2c, 0xff,
    0x04, 0xff, 0x2c, 0xff, 0x00, 0xf9, 0x2b, 0xff, 0x23, 0xef, 0x49, 0xe1,
    0x07, 0x72, 0x22, 0x26, 0x00, 0x00, 0x00, 0x00, 0x00, 0x00, 0x00, 0x00,
    0x00, 0x00, 0x00, 0x00, 0x00, 0x00, 0x00, 0x00, 0x00, 0x00, 0x00, 0x00,
    0x00, 0x00, 0x00, 0x00, 0x00, 0x00, 0x00, 0x00, 0x00, 0x00, 0x00, 0x00,
    0x00, 0x00, 0x00, 0x00, 0x00, 0x00, 0x00, 0x00, 0x00, 0x00, 0x00, 0x00,
    0x00, 0x00, 0x00, 0x00, 0x00, 0x00, 0x00, 0x00, 0x00, 0x00, 0x00, 0x00,
    0x00, 0x00, 0x00, 0x00, 0x00, 0x00, 0x00, 0x00, 0x00, 0x00, 0x00, 0x00,
    0x00, 0x00, 0x00, 0x00, 0x00, 0x00, 0x00, 0x00, 0x00, 0x00, 0x00, 0x00,
    0x00, 0x00, 0x00, 0x00, 0x00, 0x00, 0x00, 0x00, 0x00, 0x00, 0x00, 0x00,
    0x00, 0x00, 0x00, 0x00, 0x00, 0x00, 0x00, 0x00, 0x00, 0x00, 0x00, 0x00,
    0x0a, 0x79, 0x1d, 0xff, 0x21, 0xeb, 0x44, 0xff, 0x02, 0xfb, 0x2a, 0xff,
    0x05, 0xfe, 0x2d, 0xff, 0x04, 0xff, 0x2c, 0xff, 0x00, 0xfe, 0x2f, 0xff,
    0x00, 0xff, 0x2d, 0xff, 0x00, 0xff, 0x2a, 0xff, 0x00, 0xff, 0x29, 0xff,
    0x04, 0xff, 0x2c, 0xff, 0x04, 0xff, 0x2c, 0xff, 0x01, 0xfa, 0x2c, 0xff,
    0x1f, 0xeb, 0x44, 0xe6, 0x08, 0x73, 0x21, 0x1f, 0x00, 0x00, 0x00, 0x00,
    0x00, 0x00, 0x00, 0x00, 0x00, 0x00, 0x00, 0x00, 0x00, 0x00, 0x00, 0x00,
    0x00, 0x00, 0x00, 0x00, 0x00, 0x00, 0x00, 0x00, 0x00, 0x00, 0x00, 0x00,
    0x00, 0x00, 0x00, 0x00, 0x00, 0x00, 0x00, 0x00, 0x00, 0x00, 0x00, 0x00,
    0x00, 0x00, 0x00, 0x00, 0x00, 0x00, 0x00, 0x00, 0x00, 0x00, 0x00, 0x00,
    0x00, 0x00, 0x00, 0x00, 0x00, 0x00, 0x00, 0x00, 0x00, 0x00, 0x00, 0x00,
    0x00, 0x00, 0x00, 0x00, 0x00, 0x00, 0x00, 0x00, 0x00, 0x00, 0x00, 0x00,
    0x00, 0x00, 0x00, 0x00, 0x00, 0x00, 0x00, 0x00, 0x00, 0x00, 0x00, 0x00,
    0x00, 0x00, 0x00, 0x00, 0x00, 0x00, 0x00, 0x00, 0x00, 0x00, 0x00, 0x00,
    0x00, 0x00, 0x00, 0x00, 0x0a, 0x79, 0x1d, 0xe3, 0x21, 0xeb, 0x44, 0xfb,
    0x02, 0xfb, 0x2a, 0xff, 0x05, 0xfe, 0x2d, 0xff, 0x04, 0xff, 0x2c, 0xff,
    0x00, 0xfe, 0x2f, 0xff, 0x00, 0xff, 0x2d, 0xff, 0x00, 0xff, 0x2a, 0xff,
    0x00, 0xff, 0x29, 0xff, 0x04, 0xff, 0x2c, 0xff, 0x04, 0xff, 0x2c, 0xff,
    0x01, 0xfa, 0x2c, 0xff, 0x1f, 0xeb, 0x44, 0xe8, 0x0e, 0x78, 0x23, 0x24,
    0x00, 0x00, 0x00, 0x00, 0x00, 0x00, 0x00, 0x00, 0x00, 0x00, 0x00, 0x00,
    0x00, 0x00, 0x00, 0x00, 0x00, 0x00, 0x00, 0x00, 0x00, 0x00, 0x00, 0x00,
    0x00, 0x00, 0x00, 0x00, 0x00, 0x00, 0x00, 0x00, 0x00, 0x00, 0x00, 0x00,
    0x00, 0x00, 0x00, 0x00, 0x00, 0x00, 0x00, 0x00, 0x00, 0x00, 0x00, 0x00,
    0x00, 0x00, 0x00, 0x00, 0x00, 0x00, 0x00, 0x00, 0x00, 0x00, 0x00, 0x00,
    0x00, 0x00, 0x00, 0x00, 0x00, 0x00, 0x00, 0x00, 0x00, 0x00, 0x00, 0x00,
    0x00, 0x00, 0x00, 0x00, 0x00, 0x00, 0x00, 0x00, 0x00, 0x00, 0x00, 0x00,
    0x00, 0x00, 0x00, 0x00, 0x00, 0x00, 0x00, 0x00, 0x00, 0x00, 0x00, 0x00,
    0x00, 0x00, 0x00, 0x00, 0x00, 0x00, 0x00, 0x00, 0x0a, 0x79, 0x1d, 0xb1,
    0x21, 0xeb, 0x44, 0xfb, 0x02, 0xfb, 0x2a, 0xff, 0x05, 0xfe, 0x2d, 0xff,
    0x04, 0xff, 0x2c, 0xff, 0x00, 0xfe, 0x2f, 0xff, 0x00, 0xff, 0x2d, 0xff,
    0x00, 0xff, 0x2a, 0xff, 0x00, 0xff, 0x29, 0xff, 0x04, 0xff, 0x2c, 0xff,
    0x04, 0xff, 0x2c, 0xff, 0x01, 0xfa, 0x2c, 0xff, 0x1f, 0xeb, 0x44, 0xe7,
    0x0f, 0x78, 0x1e, 0x22, 0x00, 0x00, 0x00, 0x00, 0x00, 0x00, 0x00, 0x00,
    0x00, 0x00, 0x00, 0x00, 0x00, 0x00, 0x00, 0x00, 0x00, 0x00, 0x00, 0x00,
    0x00, 0x00, 0x00, 0x00, 0x00, 0x00, 0x00, 0x00, 0x00, 0x00, 0x00, 0x00,
    0x00, 0x00, 0x00, 0x00, 0x00, 0x00, 0x00, 0x00, 0x00, 0x00, 0x00, 0x00,
    0x00, 0x00, 0x00, 0x00, 0x00, 0x00, 0x00, 0x00, 0x00, 0x00, 0x00, 0x00,
    0x00, 0x00, 0x00, 0x00, 0x00, 0x00, 0x00, 0x00, 0x00, 0x00, 0x00, 0x00,
    0x00, 0x00, 0x00, 0x00, 0x00, 0x00, 0x00, 0x00, 0x00, 0x00, 0x00, 0x00,
    0x00, 0x00, 0x00, 0x00, 0x00, 0x00, 0x00, 0x00, 0x00, 0x00, 0x00, 0x00,
    0x00, 0x00, 0x00, 0x00, 0x00, 0x00, 0x00, 0x00, 0x00, 0x00, 0x00, 0x00,
    0x09, 0x79, 0x1c, 0x87, 0x21, 0xeb, 0x44, 0xfb, 0x02, 0xfb, 0x2a, 0xff,
    0x05, 0xfe, 0x2d, 0xff, 0x04, 0xff, 0x2c, 0xff, 0x00, 0xfe, 0x2f, 0xff,
    0x00, 0xff, 0x2d, 0xff, 0x00, 0xff, 0x2a, 0xff, 0x00, 0xff, 0x29, 0xff,
    0x04, 0xff, 0x2c, 0xff, 0x04, 0xff, 0x2c, 0xff, 0x01, 0xfa, 0x2c, 0xff,
    0x1e, 0xeb, 0x44, 0xe2, 0x08, 0x77, 0x22, 0x1e, 0x00, 0x00, 0x00, 0x00,
    0x00, 0x00, 0x00, 0x00, 0x00, 0x00, 0x00, 0x00, 0x00, 0x00, 0x00, 0x00,
    0x00, 0x00, 0x00, 0x00, 0x00, 0x00, 0x00, 0x00, 0x00, 0x00, 0x00, 0x00,
    0x00, 0x00, 0x00, 0x00, 0x00, 0x00, 0x00, 0x00, 0x00, 0x00, 0x00, 0x00,
    0x00, 0x00, 0x00, 0x00, 0x00, 0x00, 0x00, 0x00, 0x00, 0x00, 0x00, 0x00,
    0x00, 0x00, 0x00, 0x00, 0x00, 0x00, 0x00, 0x00, 0x00, 0x00, 0x00, 0x00,
    0x00, 0x00, 0x00, 0x00, 0x00, 0x00, 0x00, 0x00, 0x00, 0x00, 0x00, 0x00,
    0x00, 0x00, 0x00, 0x00, 0x00, 0x00, 0x00, 0x00, 0x00, 0x00, 0x00, 0x00,
    0x00, 0x00, 0x00, 0x00, 0x00, 0x00, 0x00, 0x00, 0x00, 0x00, 0x00, 0x00,
    0x00, 0x00, 0x00, 0x00, 0x0b, 0x78, 0x1e, 0x77, 0x21, 0xeb, 0x44, 0xfd,
    0x02, 0xfb, 0x2a, 0xff, 0x05, 0xfe, 0x2d, 0xff, 0x04, 0xff, 0x2c, 0xff,
    0x00, 0xfe, 0x2f, 0xff, 0x00, 0xff, 0x2d, 0xff, 0x00, 0xff, 0x2a, 0xff,
    0x00, 0xff, 0x29, 0xff, 0x04, 0xff, 0x2c, 0xff, 0x04, 0xff, 0x2c, 0xff,
    0x01, 0xfa, 0x2c, 0xff, 0x20, 0xeb, 0x44, 0xda, 0x0a, 0x76, 0x1d, 0x1a,
    0x00, 0x00, 0x00, 0x00, 0x00, 0x00, 0x00, 0x00, 0x00, 0x00, 0x00, 0x00,
    0x00, 0x00, 0x00, 0x00, 0x00, 0x00, 0x00, 0x00, 0x00, 0x00, 0x00, 0x00,
    0x00, 0x00, 0x00, 0x00, 0x00, 0x00, 0x00, 0x00, 0x00, 0x00, 0x00, 0x00,
    0x00, 0x00, 0x00, 0x00, 0x00, 0x00, 0x00, 0x00, 0x00, 0x00, 0x00, 0x00,
    0x00, 0x00, 0x00, 0x00, 0x00, 0x00, 0x00, 0x00, 0x00, 0x00, 0x00, 0x00,
    0x00, 0x00, 0x00, 0x00, 0x00, 0x00, 0x00, 0x00, 0x00, 0x00, 0x00, 0x00,
    0x00, 0x00, 0x00, 0x00, 0x00, 0x00, 0x00, 0x00, 0x00, 0x00, 0x00, 0x00,
    0x00, 0x00, 0x00, 0x00, 0x00, 0x00, 0x00, 0x00, 0x00, 0x00, 0x00, 0x00,
    0x00, 0x00, 0x00, 0x00, 0x00, 0x00, 0x00, 0x00, 0x09, 0x79, 0x1d, 0x72,
    0x21, 0xeb, 0x44, 0xff, 0x02, 0xfb, 0x2a, 0xff, 0x05, 0xfe, 0x2d, 0xff,
    0x04, 0xff, 0x2c, 0xff, 0x00, 0xfe, 0x2f, 0xff, 0x00, 0xff, 0x2d, 0xff,
    0x00, 0xff, 0x2a, 0xff, 0x00, 0xff, 0x29, 0xff, 0x04, 0xff, 0x2c, 0xff,
    0x04, 0xff, 0x2c, 0xff, 0x01, 0xfa, 0x2c, 0xff, 0x1f, 0xeb, 0x44, 0xce,
    0x0d, 0x79, 0x1b, 0x13, 0x00, 0x00, 0x00, 0x00, 0x00, 0x00, 0x00, 0x00,
    0x00, 0x00, 0x00, 0x00, 0x00, 0x00, 0x00, 0x00, 0x00, 0x00, 0x00, 0x00,
    0x00, 0x00, 0x00, 0x00, 0x00, 0x00, 0x00, 0x00, 0x00, 0x00, 0x00, 0x00,
    0x00, 0x00, 0x00, 0x00, 0x00, 0x00, 0x00, 0x00, 0x00, 0x00, 0x00, 0x00,
    0x00, 0x00, 0x00, 0x00, 0x00, 0x00, 0x00, 0x00, 0x00, 0x00, 0x00, 0x00,
    0x00, 0x00, 0x00, 0x00, 0x00, 0x00, 0x00, 0x00, 0x00, 0x00, 0x00, 0x00,
    0x00, 0x00, 0x00, 0x00, 0x00, 0x00, 0x00, 0x00, 0x00, 0x00, 0x00, 0x00,
    0x00, 0x00, 0x00, 0x00, 0x00, 0x00, 0x00, 0x00, 0x00, 0x00, 0x00, 0x00,
    0x00, 0x00, 0x00, 0x00, 0x00, 0x00, 0x00, 0x00, 0x00, 0x00, 0x00, 0x00,
    0x0b, 0x7a, 0x1c, 0x75, 0x21, 0xeb, 0x44, 0xff, 0x02, 0xfb, 0x2a, 0xff,
    0x05, 0xfe, 0x2d, 0xff, 0x04, 0xff, 0x2c, 0xff, 0x00, 0xfe, 0x2f, 0xff,
    0x00, 0xff, 0x2d, 0xff, 0x00, 0xff, 0x2a, 0xff, 0x00, 0xff, 0x29, 0xff,
    0x04, 0xff, 0x2c, 0xff, 0x04, 0xff, 0x2c, 0xff, 0x01, 0xfa, 0x2c, 0xff,
    0x20, 0xea, 0x45, 0xba, 0x17, 0x74, 0x17, 0x0b, 0x00, 0x00, 0x00, 0x00,
    0x00, 0x00, 0x00, 0x00, 0x00, 0x00, 0x00, 0x00, 0x00, 0x00, 0x00, 0x00,
    0x00, 0x00, 0x00, 0x00, 0x00, 0x00, 0x00, 0x00, 0x00, 0x00, 0x00, 0x00,
    0x00, 0x00, 0x00, 0x00, 0x00, 0x00, 0x00, 0x00, 0x00, 0x00, 0x00, 0x00,
    0x00, 0x00, 0x00, 0x00, 0x00, 0x00, 0x00, 0x00, 0x00, 0x00, 0x00, 0x00,
    0x00, 0x00, 0x00, 0x00, 0x00, 0x00, 0x00, 0x00, 0x00, 0x00, 0x00, 0x00,
    0x00, 0x00, 0x00, 0x00, 0x00, 0x00, 0x00, 0x00, 0x00, 0x00, 0x00, 0x00,
    0x00, 0x00, 0x00, 0x00, 0x00, 0x00, 0x00, 0x00, 0x00, 0x00, 0x00, 0x00,
    0x00, 0x00, 0x00, 0x00, 0x00, 0x00, 0x00, 0x00, 0x00, 0x00, 0x00, 0x00,
    0x00, 0x00, 0x00, 0x00, 0x08, 0x7a, 0x1e, 0x80, 0x21, 0xeb, 0x44, 0xff,
    0x02, 0xfb, 0x2a, 0xff, 0x05, 0xfe, 0x2d, 0xff, 0x04, 0xff, 0x2c, 0xff,
    0x00, 0xfe, 0x2f, 0xff, 0x00, 0xff, 0x2d, 0xff, 0x00, 0xff, 0x2a, 0xff,
    0x00, 0xff, 0x29, 0xff, 0x04, 0xff, 0x2c, 0xff, 0x04, 0xff, 0x2c, 0xff,
    0x01, 0xfa, 0x2c, 0xff, 0x1f, 0xeb, 0x44, 0xa4, 0x00, 0x80, 0x40, 0x04,
    0x00, 0x00, 0x00, 0x00, 0x00, 0x00, 0x00, 0x00, 0x00, 0x00, 0x00, 0x00,
    0x00, 0x00, 0x00, 0x00, 0x00, 0x00, 0x00, 0x00, 0x00, 0x00, 0x00, 0x00,
    0x00, 0x00, 0x00, 0x00, 0x00, 0x00, 0x00, 0x00, 0x00, 0x00, 0x00, 0x00,
    0x00, 0x00, 0x00, 0x00, 0x00, 0x00, 0x00, 0x00, 0x00, 0x00, 0x00, 0x00,
    0x00, 0x00, 0x00, 0x00, 0x00, 0x00, 0x00, 0x00, 0x00, 0x00, 0x00, 0x00,
    0x00, 0x00, 0x00, 0x00, 0x00, 0x00, 0x00, 0x00, 0x00, 0x00, 0x00, 0x00,
    0x00, 0x00, 0x00, 0x00, 0x00, 0x00, 0x00, 0x00, 0x00, 0x00, 0x00, 0x00,
    0x00, 0x00, 0x00, 0x00, 0x00, 0x00, 0x00, 0x00, 0x00, 0x00, 0x00, 0x00,
    0x00, 0x00, 0x00, 0x00, 0x00, 0x00, 0x00, 0x00, 0x09, 0x79, 0x1d, 0x93,
    0x21, 0xeb, 0x44, 0xff, 0x01, 0xfb, 0x2a, 0xff, 0x05, 0xfe, 0x2d, 0xff,
    0x04, 0xff, 0x2c, 0xff, 0x00, 0xfe, 0x2f, 0xff, 0x00, 0xff, 0x2d, 0xff,
    0x00, 0xff, 0x2a, 0xff, 0x00, 0xff, 0x29, 0xff, 0x04, 0xff, 0x2c, 0xff,
    0x04, 0xff, 0x2c, 0xff, 0x01, 0xfa, 0x2c, 0xff, 0x1f, 0xea, 0x44, 0x93,
    0x00, 0x00, 0x00, 0x00, 0x00, 0x00, 0x00, 0x00, 0x00, 0x00, 0x00, 0x00,
    0x00, 0x00, 0x00, 0x00, 0x00, 0x00, 0x00, 0x00, 0x00, 0x00, 0x00, 0x00,
    0x00, 0x00, 0x00, 0x00, 0x00, 0x00, 0x00, 0x00, 0x00, 0x00, 0x00, 0x00,
    0x00, 0x00, 0x00, 0x00, 0x00, 0x00, 0x00, 0x00, 0x00, 0x00, 0x00, 0x00,
    0x00, 0x00, 0x00, 0x00, 0x00, 0x00, 0x00, 0x00, 0x00, 0x00, 0x00, 0x00,
    0x00, 0x00, 0x00, 0x00, 0x00, 0x00, 0x00, 0x00, 0x00, 0x00, 0x00, 0x00,
    0x00, 0x00, 0x00, 0x00, 0x00, 0x00, 0x00, 0x00, 0x00, 0x00, 0x00, 0x00,
    0x00, 0x00, 0x00, 0x00, 0x00, 0x00, 0x00, 0x00, 0x00, 0x00, 0x00, 0x00,
    0x00, 0x00, 0x00, 0x00, 0x00, 0x00, 0x00, 0x00, 0x00, 0x00, 0x00, 0x00,
    0x08, 0x7a, 0x1d, 0xaa, 0x1f, 0xeb, 0x44, 0xff, 0x01, 0xfb, 0x2a, 0xff,
    0x05, 0xfe, 0x2d, 0xff, 0x04, 0xff, 0x2c, 0xff, 0x00, 0xfe, 0x2f, 0xff,
    0x00, 0xff, 0x2d, 0xff, 0x00, 0xff, 0x2a, 0xff, 0x00, 0xff, 0x29, 0xff,
    0x04, 0xff, 0x2c, 0xff, 0x04, 0xff, 0x2c, 0xff, 0x01, 0xfa, 0x2c, 0xff,
    0x1e, 0xea, 0x45, 0x86, 0x00, 0x00, 0x00, 0x00, 0x00, 0x00, 0x00, 0x00,
    0x00, 0x00, 0x00, 0x00, 0x00, 0x00, 0x00, 0x00, 0x00, 0x00, 0x00, 0x00,
    0x00, 0x00, 0x00, 0x00, 0x00, 0x00, 0x00, 0x00, 0x00, 0x00, 0x00, 0x00,
    0x00, 0x00, 0x00, 0x00, 0x00, 0x00, 0x00, 0x00, 0x00, 0x00, 0x00, 0x00,
    0x00, 0x00, 0x00, 0x00, 0x00, 0x00, 0x00, 0x00, 0x00, 0x00, 0x00, 0x00,
    0x00, 0x00, 0x00, 0x00, 0x00, 0x00, 0x00, 0x00, 0x00, 0x00, 0x00, 0x00,
    0x00, 0x00, 0x00, 0x00, 0x00, 0x00, 0x00, 0x00, 0x00, 0x00, 0x00, 0x00,
    0x00, 0x00, 0x00, 0x00, 0x00, 0x00, 0x00, 0x00, 0x00, 0x00, 0x00, 0x00,
    0x00, 0x00, 0x00, 0x00, 0x00, 0x00, 0x00, 0x00, 0x00, 0x00, 0x00, 0x00,
    0x00, 0x00, 0x00, 0x00, 0x08, 0x7a, 0x1c, 0xc5, 0x1f, 0xeb, 0x44, 0xff,
    0x01, 0xfb, 0x2a, 0xff, 0x05, 0xfe, 0x2d, 0xff, 0x04, 0xff, 0x2c, 0xff,
    0x00, 0xfe, 0x2f, 0xff, 0x00, 0xff, 0x2d, 0xff, 0x00, 0xff, 0x2a, 0xff,
    0x00, 0xff, 0x29, 0xff, 0x04, 0xff, 0x2c, 0xff, 0x04, 0xff, 0x2c, 0xff,
    0x01, 0xfa, 0x2c, 0xff, 0x1e, 0xeb, 0x45, 0x7e, 0x00, 0x00, 0x00, 0x00,
    0x00, 0x00, 0x00, 0x00, 0x00, 0x00, 0x00, 0x00, 0x00, 0x00, 0x00, 0x00,
    0x00, 0x00, 0x00, 0x00, 0x00, 0x00, 0x00, 0x00, 0x00, 0x00, 0x00, 0x00,
    0x00, 0x00, 0x00, 0x00, 0x00, 0x00, 0x00, 0x00, 0x00, 0x00, 0x00, 0x00,
    0x00, 0x00, 0x00, 0x00, 0x00, 0x00, 0x00, 0x00, 0x00, 0x00, 0x00, 0x00,
    0x00, 0x00, 0x00, 0x00, 0x00, 0x00, 0x00, 0x00, 0x00, 0x00, 0x00, 0x00,
    0x00, 0x00, 0x00, 0x00, 0x00, 0x00, 0x00, 0x00, 0x00, 0x00, 0x00, 0x00,
    0x00, 0x00, 0x00, 0x00, 0x00, 0x00, 0x00, 0x00, 0x00, 0x00, 0x00, 0x00,
    0x00, 0x00, 0x00, 0x00, 0x00, 0x00, 0x00, 0x00, 0x00, 0x00, 0x00, 0x00,
    0x00, 0x00, 0x00, 0x00, 0x00, 0x00, 0x00, 0x00, 0x08, 0x7a, 0x1d, 0xde,
    0x1f, 0xeb, 0x44, 0xff, 0x01, 0xfb, 0x2a, 0xff, 0x05, 0xfe, 0x2d, 0xff,
    0x04, 0xff, 0x2c, 0xff, 0x00, 0xfe, 0x2f, 0xff, 0x00, 0xff, 0x2d, 0xff,
    0x00, 0xff, 0x2a, 0xff, 0x00, 0xff, 0x29, 0xff, 0x04, 0xff, 0x2c, 0xff,
    0x04, 0xff, 0x2c, 0xff, 0x01, 0xfa, 0x2c, 0xff, 0x1f, 0xea, 0x44, 0x7b,
    0x00, 0x00, 0x00, 0x00, 0x00, 0x00, 0x00, 0x00, 0x00, 0x00, 0x00, 0x00,
    0x00, 0x00, 0x00, 0x00, 0x00, 0x00, 0x00, 0x00, 0x00, 0x00, 0x00, 0x00,
    0x00, 0x00, 0x00, 0x00, 0x00, 0x00, 0x00, 0x00, 0x00, 0x00, 0x00, 0x00,
    0x00, 0x00, 0x00, 0x00, 0x00, 0x00, 0x00, 0x00, 0x00, 0x00, 0x00, 0x00,
    0x00, 0x00, 0x00, 0x00, 0x00, 0x00, 0x00, 0x00, 0x00, 0x00, 0x00, 0x00,
    0x00, 0x00, 0x00, 0x00, 0x00, 0x00, 0x00, 0x00, 0x00, 0x00, 0x00, 0x00,
    0x00, 0x00, 0x00, 0x00, 0x00, 0x00, 0x00, 0x00, 0x00, 0x00, 0x00, 0x00,
    0x00, 0x00, 0x00, 0x00, 0x00, 0x00, 0x00, 0x00, 0x00, 0x00, 0x00, 0x00,
    0x00, 0x00, 0x00, 0x00, 0x00, 0x00, 0x00, 0x00, 0x00, 0x00, 0x00, 0x00,
    0x08, 0x7a, 0x1e, 0xf2, 0x1f, 0xeb, 0x44, 0xff, 0x01, 0xfb, 0x2a, 0xff,
    0x05, 0xfe, 0x2d, 0xff, 0x04, 0xff, 0x2c, 0xff, 0x00, 0xfe, 0x2f, 0xff,
    0x00, 0xff, 0x2d, 0xff, 0x00, 0xff, 0x2a, 0xff, 0x00, 0xff, 0x29, 0xff,
    0x04, 0xff, 0x2c, 0xff, 0x04, 0xff, 0x2c, 0xff, 0x01, 0xfa, 0x2c, 0xff,
    0x1f, 0xea, 0x45, 0x7a, 0x00, 0x00, 0x00, 0x00, 0x00, 0x00, 0x00, 0x00,
    0x00, 0x00, 0x00, 0x00, 0x00, 0x00, 0x00, 0x00, 0x00, 0x00, 0x00, 0x00,
    0x00, 0x00, 0x00, 0x00, 0x00, 0x00, 0x00, 0x00, 0x00, 0x00, 0x00, 0x00,
    0x00, 0x00, 0x00, 0x00, 0x00, 0x00, 0x00, 0x00, 0x00, 0x00, 0x00, 0x00,
    0x00, 0x00, 0x00, 0x00, 0x00, 0x00, 0x00, 0x00, 0x00, 0x00, 0x00, 0x00,
    0x00, 0x00, 0x00, 0x00, 0x00, 0x00, 0x00, 0x00, 0x00, 0x00, 0x00, 0x00,
    0x00, 0x00, 0x00, 0x00, 0x00, 0x00, 0x00, 0x00, 0x00, 0x00, 0x00, 0x00,
    0x00, 0x00, 0x00, 0x00, 0x00, 0x00, 0x00, 0x00, 0x00, 0x00, 0x00, 0x00,
    0x00, 0x00, 0x00, 0x00, 0x00, 0x00, 0x00, 0x00, 0x00, 0x00, 0x00, 0x00,
    0x00, 0x00, 0x00, 0x00, 0x08, 0x7a, 0x1d, 0xfc, 0x1f, 0xeb, 0x44, 0xff,
    0x01, 0xfb, 0x2a, 0xff, 0x05, 0xfe, 0x2d, 0xff, 0x04, 0xff, 0x2c, 0xff,
    0x00, 0xfe, 0x2f, 0xff, 0x00, 0xff, 0x2d, 0xff, 0x00, 0xff, 0x2a, 0xff,
    0x00, 0xff, 0x29, 0xff, 0x04, 0xff, 0x2c, 0xff, 0x04, 0xff, 0x2c, 0xff,
    0x01, 0xfa, 0x2c, 0xff, 0x1f, 0xeb, 0x43, 0x7d, 0x00, 0x00, 0x00, 0x00,
    0x00, 0x00, 0x00, 0x00, 0x00, 0x00, 0x00, 0x00, 0x00, 0x00, 0x00, 0x00,
    0x00, 0x00, 0x00, 0x00, 0x00, 0x00, 0x00, 0x00, 0x00, 0x00, 0x00, 0x00,
    0x00, 0x00, 0x00, 0x00, 0x00, 0x00, 0x00, 0x00, 0x00, 0x00, 0x00, 0x00,
    0x00, 0x00, 0x00, 0x00, 0x00, 0x00, 0x00, 0x00, 0x00, 0x00, 0x00, 0x00,
    0x00, 0x00, 0x00, 0x00, 0x00, 0x00, 0x00, 0x00, 0x00, 0x00, 0x00, 0x00,
    0x00, 0x00, 0x00, 0x00, 0x00, 0x00, 0x00, 0x00, 0x00, 0x00, 0x00, 0x00,
    0x00, 0x00, 0x00, 0x00, 0x00, 0x00, 0x00, 0x00, 0x00, 0x00, 0x00, 0x00,
    0x00, 0x00, 0x00, 0x00, 0x00, 0x00, 0x00, 0x00, 0x00, 0x00, 0x00, 0x00,
    0x00, 0x00, 0x00, 0x00, 0x00, 0x00, 0x00, 0x00, 0x08, 0x7a, 0x1d, 0xff,
    0x1f, 0xeb, 0x44, 0xff, 0x01, 0xfb, 0x2a, 0xff, 0x05, 0xfe, 0x2d, 0xff,
    0x04, 0xff, 0x2c, 0xff, 0x00, 0xfe, 0x2f, 0xff, 0x00, 0xff, 0x2d, 0xff,
    0x00, 0xff, 0x2a, 0xff, 0x00, 0xff, 0x29, 0xff, 0x04, 0xff, 0x2c, 0xff,
    0x04, 0xff, 0x2c, 0xff, 0x01, 0xfa, 0x2c, 0xff, 0x20, 0xeb, 0x43, 0x81,
    0x00, 0x00, 0x00, 0x00, 0x00, 0x00, 0x00, 0x00, 0x00, 0x00, 0x00, 0x00,
    0x00, 0x00, 0x00, 0x00, 0x00, 0x00, 0x00, 0x00, 0x00, 0x00, 0x00, 0x00,
    0x00, 0x00, 0x00, 0x00, 0x00, 0x00, 0x00, 0x00, 0x00, 0x00, 0x00, 0x00,
    0x00, 0x00, 0x00, 0x00, 0x00, 0x00, 0x00, 0x00, 0x00, 0x00, 0x00, 0x00,
    0x00, 0x00, 0x00, 0x00, 0x00, 0x00, 0x00, 0x00, 0x00, 0x00, 0x00, 0x00,
    0x00, 0x00, 0x00, 0x00, 0x00, 0x00, 0x00, 0x00, 0x00, 0x00, 0x00, 0x00,
    0x00, 0x00, 0x00, 0x00, 0x00, 0x00, 0x00, 0x00, 0x00, 0x00, 0x00, 0x00,
    0x00, 0x00, 0x00, 0x00, 0x00, 0x00, 0x00, 0x00, 0x00, 0x00, 0x00, 0x00,
    0x00, 0x00, 0x00, 0x00, 0x00, 0x00, 0x00, 0x00, 0x00, 0x00, 0x00, 0x00,
    0x08, 0x7a, 0x1d, 0xff, 0x1f, 0xeb, 0x44, 0xff, 0x01, 0xfb, 0x2a, 0xff,
    0x05, 0xfe, 0x2d, 0xff, 0x04, 0xff, 0x2c, 0xff, 0x00, 0xfe, 0x2f, 0xff,
    0x00, 0xff, 0x2d, 0xff, 0x00, 0xff, 0x2a, 0xff, 0x00, 0xff, 0x29, 0xff,
    0x04, 0xff, 0x2c, 0xff, 0x04, 0xff, 0x2c, 0xff, 0x01, 0xfa, 0x2c, 0xff,
    0x1f, 0xeb, 0x43, 0x8c, 0x00, 0x00, 0x00, 0x00, 0x00, 0x00, 0x00, 0x00,
    0x00, 0x00, 0x00, 0x00, 0x00, 0x00, 0x00, 0x00, 0x00, 0x00, 0x00, 0x00,
    0x00, 0x00, 0x00, 0x00, 0x00, 0x00, 0x00, 0x00, 0x00, 0x00, 0x00, 0x00,
    0x00, 0x00, 0x00, 0x00, 0x00, 0x00, 0x00, 0x00, 0x00, 0x00, 0x00, 0x00,
    0x00, 0x00, 0x00, 0x00, 0x00, 0x00, 0x00, 0x00, 0x00, 0x00, 0x00, 0x00,
    0x00, 0x00, 0x00, 0x00, 0x00, 0x00, 0x00, 0x00, 0x00, 0x00, 0x00, 0x00,
    0x00, 0x00, 0x00, 0x00, 0x00, 0x00, 0x00, 0x00, 0x00, 0x00, 0x00, 0x00,
    0x00, 0x00, 0x00, 0x00, 0x00, 0x00, 0x00, 0x00, 0x00, 0x00, 0x00, 0x00,
    0x00, 0x00, 0x00, 0x00, 0x00, 0x00, 0x00, 0x00, 0x00, 0x00, 0x00, 0x00,
    0x00, 0x00, 0x00, 0x00, 0x08, 0x7a, 0x1d, 0xff, 0x1f, 0xeb, 0x44, 0xff,
    0x01, 0xfb, 0x2a, 0xff, 0x05, 0xfe, 0x2d, 0xff, 0x04, 0xff, 0x2c, 0xff,
    0x00, 0xfe, 0x2f, 0xff, 0x00, 0xff, 0x2d, 0xff, 0x00, 0xff, 0x2a, 0xff,
    0x00, 0xff, 0x29, 0xff, 0x04, 0xff, 0x2c, 0xff, 0x04, 0xff, 0x2c, 0xff,
    0x01, 0xfa, 0x2c, 0xff, 0x1f, 0xeb, 0x45, 0x9c, 0x00, 0x00, 0x00, 0x00,
    0x00, 0x00, 0x00, 0x00, 0x00, 0x00, 0x00, 0x00, 0x00, 0x00, 0x00, 0x00,
    0x00, 0x00, 0x00, 0x00, 0x00, 0x00, 0x00, 0x00, 0x00, 0x00, 0x00, 0x00,
    0x00, 0x00, 0x00, 0x00, 0x00, 0x00, 0x00, 0x00, 0x00, 0x00, 0x00, 0x00,
    0x00, 0x00, 0x00, 0x00, 0x00, 0x00, 0x00, 0x00, 0x00, 0x00, 0x00, 0x00,
    0x00, 0x00, 0x00, 0x00, 0x00, 0x00, 0x00, 0x00, 0x00, 0x00, 0x00, 0x00,
    0x00, 0x00, 0x00, 0x00, 0x00, 0x00, 0x00, 0x00, 0x00, 0x00, 0x00, 0x00,
    0x00, 0x00, 0x00, 0x00, 0x00, 0x00, 0x00, 0x00, 0x00, 0x00, 0x00, 0x00,
    0x00, 0x00, 0x00, 0x00, 0x00, 0x00, 0x00, 0x00, 0x00, 0x00, 0x00, 0x00,
    0x00, 0x00, 0x00, 0x00, 0x00, 0x00, 0x00, 0x00, 0x08, 0x7a, 0x1d, 0xff,
    0x1f, 0xeb, 0x44, 0xff, 0x01, 0xfb, 0x2a, 0xff, 0x05, 0xfe, 0x2d, 0xff,
    0x04, 0xff, 0x2c, 0xff, 0x00, 0xfe, 0x2f, 0xff, 0x00, 0xff, 0x2d, 0xff,
    0x00, 0xff, 0x2a, 0xff, 0x00, 0xff, 0x29, 0xff, 0x04, 0xff, 0x2c, 0xff,
    0x04, 0xff, 0x2c, 0xff, 0x01, 0xfa, 0x2c, 0xff, 0x1f, 0xea, 0x44, 0xad,
    0x00, 0x00, 0x00, 0x00, 0x00, 0x00, 0x00, 0x00, 0x00, 0x00, 0x00, 0x00,
    0x00, 0x00, 0x00, 0x00, 0x00, 0x00, 0x00, 0x00, 0x00, 0x00, 0x00, 0x00,
    0x00, 0x00, 0x00, 0x00, 0x00, 0x00, 0x00, 0x00, 0x00, 0x00, 0x00, 0x00,
    0x00, 0x00, 0x00, 0x00, 0x00, 0x00, 0x00, 0x00, 0x00, 0x00, 0x00, 0x00,
    0x00, 0x00, 0x00, 0x00, 0x00, 0x00, 0x00, 0x00, 0x00, 0x00, 0x00, 0x00,
    0x00, 0x00, 0x00, 0x00, 0x00, 0x00, 0x00, 0x00, 0x00, 0x00, 0x00, 0x00,
    0x00, 0x00, 0x00, 0x00, 0x00, 0x00, 0x00, 0x00, 0x00, 0x00, 0x00, 0x00,
    0x00, 0x00, 0x00, 0x00, 0x00, 0x00, 0x00, 0x00, 0x00, 0x00, 0x00, 0x00,
    0x00, 0x00, 0x00, 0x00, 0x00, 0x00, 0x00, 0x00, 0x00, 0x00, 0x00, 0x00,
    0x08, 0x7a, 0x1d, 0xff, 0x1f, 0xeb, 0x44, 0xff, 0x01, 0xfb, 0x2a, 0xff,
    0x05, 0xfe, 0x2d, 0xff, 0x04, 0xff, 0x2c, 0xff, 0x00, 0xfe, 0x2f, 0xff,
    0x00, 0xff, 0x2d, 0xff, 0x00, 0xff, 0x2a, 0xff, 0x00, 0xff, 0x29, 0xff,
    0x04, 0xff, 0x2c, 0xff, 0x04, 0xff, 0x2c, 0xff, 0x01, 0xfa, 0x2c, 0xff,
    0x1f, 0xeb, 0x44, 0xbc, 0x00, 0x00, 0x00, 0x01, 0x00, 0x00, 0x00, 0x00,
    0x00, 0x00, 0x00, 0x00, 0x00, 0x00, 0x00, 0x00, 0x00, 0x00, 0x00, 0x00,
    0x00, 0x00, 0x00, 0x00, 0x00, 0x00, 0x00, 0x00, 0x00, 0x00, 0x00, 0x00,
    0x00, 0x00, 0x00, 0x00, 0x00, 0x00, 0x00, 0x00, 0x00, 0x00, 0x00, 0x00,
    0x00, 0x00, 0x00, 0x00, 0x00, 0x00, 0x00, 0x00, 0x00, 0x00, 0x00, 0x00,
    0x00, 0x00, 0x00, 0x00, 0x00, 0x00, 0x00, 0x00, 0x00, 0x00, 0x00, 0x00,
    0x00, 0x00, 0x00, 0x00, 0x00, 0x00, 0x00, 0x00, 0x00, 0x00, 0x00, 0x00,
    0x00, 0x00, 0x00, 0x00, 0x00, 0x00, 0x00, 0x00, 0x00, 0x00, 0x00, 0x00,
    0x00, 0x00, 0x00, 0x00, 0x00, 0x00, 0x00, 0x00, 0x00, 0x00, 0x00, 0x00,
    0x00, 0x00, 0x00, 0x00, 0x08, 0x7a, 0x1d, 0xff, 0x1f, 0xeb, 0x44, 0xff,
    0x01, 0xfb, 0x2a, 0xff, 0x05, 0xfe, 0x2d, 0xff, 0x04, 0xff, 0x2c, 0xff,
    0x00, 0xfe, 0x2f, 0xff, 0x00, 0xff, 0x2d, 0xff, 0x00, 0xff, 0x2a, 0xff,
    0x00, 0xff, 0x29, 0xff, 0x04, 0xff, 0x2c, 0xff, 0x04, 0xff, 0x2c, 0xff,
    0x01, 0xfa, 0x2c, 0xff, 0x1f, 0xeb, 0x44, 0xcd, 0x00, 0x80, 0x00, 0x02,
    0x00, 0x00, 0x00, 0x00, 0x00, 0x00, 0x00, 0x00, 0x00, 0x00, 0x00, 0x00,
    0x00, 0x00, 0x00, 0x00, 0x00, 0x00, 0x00, 0x00, 0x00, 0x00, 0x00, 0x00,
    0x00, 0x00, 0x00, 0x00, 0x00, 0x00, 0x00, 0x00, 0x00, 0x00, 0x00, 0x00,
    0x00, 0x00, 0x00, 0x00, 0x00, 0x00, 0x00, 0x00, 0x00, 0x00, 0x00, 0x00,
    0x00, 0x00, 0x00, 0x00, 0x00, 0x00, 0x00, 0x00, 0x00, 0x00, 0x00, 0x00,
    0x00, 0x00, 0x00, 0x00, 0x00, 0x00, 0x00, 0x00, 0x00, 0x00, 0x00, 0x00,
    0x00, 0x00, 0x00, 0x00, 0x00, 0x00, 0x00, 0x00, 0x00, 0x00, 0x00, 0x00,
    0x00, 0x00, 0x00, 0x00, 0x00, 0x00, 0x00, 0x00, 0x00, 0x00, 0x00, 0x00,
    0x00, 0x00, 0x00, 0x00, 0x00, 0x00, 0x00, 0x00, 0x08, 0x7a, 0x1d, 0xfd,
    0x1f, 0xeb, 0x44, 0xff, 0x01, 0xfb, 0x2a, 0xff, 0x05, 0xfe, 0x2d, 0xff,
    0x04, 0xff, 0x2c, 0xff, 0x00, 0xfe, 0x2f, 0xff, 0x00, 0xff, 0x2d, 0xff,
    0x00, 0xff, 0x2a, 0xff, 0x00, 0xff, 0x29, 0xff, 0x04, 0xff, 0x2c, 0xff,
    0x04, 0xff, 0x2c, 0xff, 0x01, 0xfa, 0x2c, 0xff, 0x1f, 0xeb, 0x44, 0xd9,
    0x00, 0x00, 0x00, 0x00, 0x00, 0x00, 0x00, 0x00, 0x00, 0x00, 0x00, 0x00,
    0x00, 0x00, 0x00, 0x00, 0x00, 0x00, 0x00, 0x00, 0x00, 0x00, 0x00, 0x00,
    0x00, 0x00, 0x00, 0x00, 0x00, 0x00, 0x00, 0x00, 0x00, 0x00, 0x00, 0x00,
    0x00, 0x00, 0x00, 0x00, 0x00, 0x00, 0x00, 0x00, 0x00, 0x00, 0x00, 0x00,
    0x00, 0x00, 0x00, 0x00, 0x00, 0x00, 0x00, 0x00, 0x00, 0x00, 0x00, 0x00,
    0x00, 0x00, 0x00, 0x00, 0x00, 0x00, 0x00, 0x00, 0x00, 0x00, 0x00, 0x00,
    0x00, 0x00, 0x00, 0x00, 0x00, 0x00, 0x00, 0x00, 0x00, 0x00, 0x00, 0x00,
    0x00, 0x00, 0x00, 0x00, 0x00, 0x00, 0x00, 0x00, 0x00, 0x00, 0x00, 0x00,
    0x00, 0x00, 0x00, 0x00, 0x00, 0x00, 0x00, 0x00, 0x00, 0x00, 0x00, 0x00,
    0x08, 0x7a, 0x1e, 0xf2, 0x1f, 0xeb, 0x44, 0xff, 0x01, 0xfb, 0x2a, 0xff,
    0x05, 0xfe, 0x2d, 0xff, 0x04, 0xff, 0x2c, 0xff, 0x00, 0xfe, 0x2f, 0xff,
    0x00, 0xff, 0x2d, 0xff, 0x00, 0xff, 0x2a, 0xff, 0x00, 0xff, 0x29, 0xff,
    0x04, 0xff, 0x2c, 0xff, 0x04, 0xff, 0x2c, 0xff, 0x01, 0xfa, 0x2c, 0xff,
    0x1e, 0xeb, 0x44, 0xe2, 0x00, 0x00, 0x00, 0x00, 0x00, 0x00, 0x00, 0x00,
    0x00, 0x00, 0x00, 0x00, 0x00, 0x00, 0x00, 0x00, 0x00, 0x00, 0x00, 0x00,
    0x00, 0x00, 0x00, 0x00, 0x00, 0x00, 0x00, 0x00, 0x00, 0x00, 0x00, 0x00,
    0x00, 0x00, 0x00, 0x00, 0x00, 0x00, 0x00, 0x00, 0x00, 0x00, 0x00, 0x00,
    0x00, 0x00, 0x00, 0x00, 0x00, 0x00, 0x00, 0x00, 0x00, 0x00, 0x00, 0x00,
    0x00, 0x00, 0x00, 0x00, 0x00, 0x00, 0x00, 0x00, 0x00, 0x00, 0x00, 0x00,
    0x00, 0x00, 0x00, 0x00, 0x00, 0x00, 0x00, 0x00, 0x00, 0x00, 0x00, 0x00,
    0x00, 0x00, 0x00, 0x00, 0x00, 0x00, 0x00, 0x00, 0x00, 0x00, 0x00, 0x00,
    0x00, 0x00, 0x00, 0x00, 0x00, 0x00, 0x00, 0x00, 0x00, 0x00, 0x00, 0x00,
    0x00, 0x00, 0x00, 0x00, 0x08, 0x7a, 0x1d, 0xda, 0x1f, 0xeb, 0x44, 0xff,
    0x01, 0xfb, 0x2a, 0xff, 0x05, 0xfe, 0x2d, 0xff, 0x04, 0xff, 0x2c, 0xff,
    0x00, 0xfe, 0x2f, 0xff, 0x00, 0xff, 0x2d, 0xff, 0x00, 0xff, 0x2a, 0xff,
    0x00, 0xff, 0x29, 0xff, 0x04, 0xff, 0x2c, 0xff, 0x04, 0xff, 0x2c, 0xff,
    0x01, 0xfa, 0x2c, 0xff, 0x1f, 0xeb, 0x44, 0xe6, 0x00, 0x00, 0x00, 0x00,
    0x00, 0x00, 0x00, 0x00, 0x00, 0x00, 0x00, 0x00, 0x00, 0x00, 0x00, 0x00,
    0x00, 0x00, 0x00, 0x00, 0x00, 0x00, 0x00, 0x00, 0x00, 0x00, 0x00, 0x00,
    0x00, 0x00, 0x00, 0x00, 0x00, 0x00, 0x00, 0x00, 0x00, 0x00, 0x00, 0x00,
    0x00, 0x00, 0x00, 0x00, 0x00, 0x00, 0x00, 0x00, 0x00, 0x00, 0x00, 0x00,
    0x00, 0x00, 0x00, 0x00, 0x00, 0x00, 0x00, 0x00, 0x00, 0x00, 0x00, 0x00,
    0x00, 0x00, 0x00, 0x00, 0x00, 0x00, 0x00, 0x00, 0x00, 0x00, 0x00, 0x00,
    0x00, 0x00, 0x00, 0x00, 0x00, 0x00, 0x00, 0x00, 0x00, 0x00, 0x00, 0x00,
    0x00, 0x00, 0x00, 0x00, 0x00, 0x00, 0x00, 0x00, 0x00, 0x00, 0x00, 0x00,
    0x00, 0x00, 0x00, 0x00, 0x00, 0x00, 0x00, 0x00, 0x08, 0x7a, 0x1d, 0xcb,
    0x1f, 0xeb, 0x44, 0xff, 0x01, 0xfb, 0x2a, 0xff, 0x05, 0xfe, 0x2d, 0xff,
    0x04, 0xff, 0x2c, 0xff, 0x00, 0xfe, 0x2f, 0xff, 0x00, 0xff, 0x2d, 0xff,
    0x00, 0xff, 0x2a, 0xff, 0x00, 0xff, 0x29, 0xff, 0x04, 0xff, 0x2c, 0xff,
    0x04, 0xff, 0x2c, 0xff, 0x01, 0xfa, 0x2c, 0xff, 0x1f, 0xeb, 0x44, 0xe9,
    0x00, 0x00, 0x00, 0x00, 0x00, 0x00, 0x00, 0x00, 0x00, 0x00, 0x00, 0x00,
    0x00, 0x00, 0x00, 0x00, 0x00, 0x00, 0x00, 0x00, 0x00, 0x00, 0x00, 0x00,
    0x00, 0x00, 0x00, 0x00, 0x00, 0x00, 0x00, 0x00, 0x00, 0x00, 0x00, 0x00,
    0x00, 0x00, 0x00, 0x00, 0x00, 0x00, 0x00, 0x00, 0x00, 0x00, 0x00, 0x00,
    0x00, 0x00, 0x00, 0x00, 0x00, 0x00, 0x00, 0x00, 0x00, 0x00, 0x00, 0x00,
    0x00, 0x00, 0x00, 0x00, 0x00, 0x00, 0x00, 0x00, 0x00, 0x00, 0x00, 0x00,
    0x00, 0x00, 0x00, 0x00, 0x00, 0x00, 0x00, 0x00, 0x00, 0x00, 0x00, 0x00,
    0x00, 0x00, 0x00, 0x00, 0x00, 0x00, 0x00, 0x00, 0x00, 0x00, 0x00, 0x00,
    0x00, 0x00, 0x00, 0x00, 0x00, 0x00, 0x00, 0x00, 0x00, 0x00, 0x00, 0x00,
    0x08, 0x7a, 0x1d, 0xc0, 0x1f, 0xeb, 0x44, 0xff, 0x01, 0xfb, 0x2a, 0xff,
    0x05, 0xfe, 0x2d, 0xff, 0x04, 0xff, 0x2c, 0xff, 0x00, 0xfe, 0x2f, 0xff,
    0x00, 0xff, 0x2d, 0xff, 0x00, 0xff, 0x2a, 0xff, 0x00, 0xff, 0x29, 0xff,
    0x04, 0xff, 0x2c, 0xff, 0x04, 0xff, 0x2c, 0xff, 0x01, 0xfa, 0x2c, 0xff,
    0x1f, 0xea, 0x44, 0xec, 0x00, 0x80, 0x00, 0x02, 0x00, 0x00, 0x00, 0x00,
    0x00, 0x00, 0x00, 0x00, 0x00, 0x00, 0x00, 0x00, 0x00, 0x00, 0x00, 0x00,
    0x00, 0x00, 0x00, 0x00, 0x00, 0x00, 0x00, 0x00, 0x00, 0x00, 0x00, 0x00,
    0x00, 0x00, 0x00, 0x00, 0x00, 0x00, 0x00, 0x00, 0x00, 0x00, 0x00, 0x00,
    0x00, 0x00, 0x00, 0x00, 0x00, 0x00, 0x00, 0x00, 0x00, 0x00, 0x00, 0x00,
    0x00, 0x00, 0x00, 0x00, 0x00, 0x00, 0x00, 0x00, 0x00, 0x00, 0x00, 0x00,
    0x00, 0x00, 0x00, 0x00, 0x00, 0x00, 0x00, 0x00, 0x00, 0x00, 0x00, 0x00,
    0x00, 0x00, 0x00, 0x00, 0x00, 0x00, 0x00, 0x00, 0x00, 0x00, 0x00, 0x00,
    0x00, 0x00, 0x00, 0x00, 0x00, 0x00, 0x00, 0x00, 0x00, 0x00, 0x00, 0x00,
    0x00, 0x00, 0x00, 0x00, 0x08, 0x7a, 0x1d, 0xba, 0x1f, 0xeb, 0x44, 0xff,
    0x01, 0xfb, 0x2a, 0xff, 0x05, 0xfe, 0x2d, 0xff, 0x04, 0xff, 0x2c, 0xff,
    0x00, 0xfe, 0x2f, 0xff, 0x00, 0xff, 0x2d, 0xff, 0x00, 0xff, 0x2a, 0xff,
    0x00, 0xff, 0x29, 0xff, 0x04, 0xff, 0x2c, 0xff, 0x04, 0xff, 0x2c, 0xff,
    0x01, 0xfa, 0x2c, 0xff, 0x1f, 0xeb, 0x44, 0xf1, 0x11, 0x77, 0x22, 0x0f,
    0x00, 0x00, 0x00, 0x00, 0x00, 0x00, 0x00, 0x00, 0x00, 0x00, 0x00, 0x00,
    0x00, 0x00, 0x00, 0x00, 0x00, 0x00, 0x00, 0x00, 0x00, 0x00, 0x00, 0x00,
    0x00, 0x00, 0x00, 0x00, 0x00, 0x00, 0x00, 0x00, 0x00, 0x00, 0x00, 0x00,
    0x00, 0x00, 0x00, 0x00, 0x00, 0x00, 0x00, 0x00, 0x00, 0x00, 0x00, 0x00,
    0x00, 0x00, 0x00, 0x00, 0x00, 0x00, 0x00, 0x00, 0x00, 0x00, 0x00, 0x00,
    0x00, 0x00, 0x00, 0x00, 0x00, 0x00, 0x00, 0x00, 0x00, 0x00, 0x00, 0x00,
    0x00, 0x00, 0x00, 0x00, 0x00, 0x00, 0x00, 0x00, 0x00, 0x00, 0x00, 0x00,
    0x00, 0x00, 0x00, 0x00, 0x00, 0x00, 0x00, 0x00, 0x00, 0x00, 0x00, 0x00,
    0x00, 0x00, 0x00, 0x00, 0x00, 0x00, 0x00, 0x00, 0x08, 0x79, 0x1d, 0xbb,
    0x1f, 0xeb, 0x44, 0xff, 0x01, 0xfb, 0x2a, 0xff, 0x05, 0xfe, 0x2d, 0xff,
    0x04, 0xff, 0x2c, 0xff, 0x00, 0xfe, 0x2f, 0xff, 0x00, 0xff, 0x2d, 0xff,
    0x00, 0xff, 0x2a, 0xff, 0x00, 0xff, 0x29, 0xff, 0x04, 0xff, 0x2c, 0xff,
    0x04, 0xff, 0x2c, 0xff, 0x01, 0xfa, 0x2c, 0xff, 0x1f, 0xeb, 0x44, 0xf7,
    0x0f, 0x78, 0x1e, 0x22, 0x00, 0x00, 0x00, 0x00, 0x00, 0x00, 0x00, 0x00,
    0x00, 0x00, 0x00, 0x00, 0x00, 0x00, 0x00, 0x00, 0x00, 0x00, 0x00, 0x00,
    0x00, 0x00, 0x00, 0x00, 0x00, 0x00, 0x00, 0x00, 0x00, 0x00, 0x00, 0x00,
    0x00, 0x00, 0x00, 0x00, 0x00, 0x00, 0x00, 0x00, 0x00, 0x00, 0x00, 0x00,
    0x00, 0x00, 0x00, 0x00, 0x00, 0x00, 0x00, 0x00, 0x00, 0x00, 0x00, 0x00,
    0x00, 0x00, 0x00, 0x00, 0x00, 0x00, 0x00, 0x00, 0x00, 0x00, 0x00, 0x00,
    0x00, 0x00, 0x00, 0x00, 0x00, 0x00, 0x00, 0x00, 0x00, 0x00, 0x00, 0x00,
    0x00, 0x00, 0x00, 0x00, 0x00, 0x00, 0x00, 0x00, 0x00, 0x00, 0x00, 0x00,
    0x00, 0x00, 0x00, 0x00, 0x00, 0x00, 0x00, 0x00, 0x00, 0x00, 0x00, 0x00,
    0x08, 0x7a, 0x1d, 0xc0, 0x1f, 0xeb, 0x44, 0xff, 0x01, 0xfb, 0x2a, 0xff,
    0x05, 0xfe, 0x2d, 0xff, 0x04, 0xff, 0x2c, 0xff, 0x00, 0xfe, 0x2f, 0xff,
    0x00, 0xff, 0x2d, 0xff, 0x00, 0xff, 0x2a, 0xff, 0x00, 0xff, 0x29, 0xff,
    0x04, 0xff, 0x2c, 0xff, 0x04, 0xff, 0x2c, 0xff, 0x01, 0xfa, 0x2c, 0xff,
    0x1f, 0xeb, 0x44, 0xfc, 0x0e, 0x79, 0x20, 0x37, 0x00, 0x00, 0x00, 0x00,
    0x00, 0x00, 0x00, 0x00, 0x00, 0x00, 0x00, 0x00, 0x00, 0x00, 0x00, 0x00,
    0x00, 0x00, 0x00, 0x00, 0x00, 0x00, 0x00, 0x00, 0x00, 0x00, 0x00, 0x00,
    0x00, 0x00, 0x00, 0x00, 0x00, 0x00, 0x00, 0x00, 0x00, 0x00, 0x00, 0x00,
    0x00, 0x00, 0x00, 0x00, 0x00, 0x00, 0x00, 0x00, 0x00, 0x00, 0x00, 0x00,
    0x00, 0x00, 0x00, 0x00, 0x00, 0x00, 0x00, 0x00, 0x00, 0x00, 0x00, 0x00,
    0x00, 0x00, 0x00, 0x00, 0x00, 0x00, 0x00, 0x00, 0x00, 0x00, 0x00, 0x00,
    0x00, 0x00, 0x00, 0x00, 0x00, 0x00, 0x00, 0x00, 0x00, 0x00, 0x00, 0x00,
    0x00, 0x00, 0x00, 0x00, 0x00, 0x00, 0x00, 0x00, 0x00, 0x00, 0x00, 0x00,
    0x00, 0x00, 0x00, 0x00, 0x08, 0x7a, 0x1d, 0xca, 0x1f, 0xeb, 0x44, 0xff,
    0x01, 0xfb, 0x2a, 0xff, 0x05, 0xfe, 0x2d, 0xff, 0x04, 0xff, 0x2c, 0xff,
    0x00, 0xfe, 0x2f, 0xff, 0x00, 0xff, 0x2d, 0xff, 0x00, 0xff, 0x2a, 0xff,
    0x00, 0xff, 0x29, 0xff, 0x04, 0xff, 0x2c, 0xff, 0x04, 0xff, 0x2c, 0xff,
    0x01, 0xfa, 0x2c, 0xff, 0x1f, 0xeb, 0x44, 0xff, 0x0e, 0x77, 0x22, 0x4b,
    0x00, 0x00, 0x00, 0x00, 0x00, 0x00, 0x00, 0x00, 0x00, 0x00, 0x00, 0x00,
    0x00, 0x00, 0x00, 0x00, 0x00, 0x00, 0x00, 0x00, 0x00, 0x00, 0x00, 0x00,
    0x00, 0x00, 0x00, 0x00, 0x00, 0x00, 0x00, 0x00, 0x00, 0x00, 0x00, 0x00,
    0x00, 0x00, 0x00, 0x00, 0x00, 0x00, 0x00, 0x00, 0x00, 0x00, 0x00, 0x00,
    0x00, 0x00, 0x00, 0x00, 0x00, 0x00, 0x00, 0x00, 0x00, 0x00, 0x00, 0x00,
    0x00, 0x00, 0x00, 0x00, 0x00, 0x00, 0x00, 0x00, 0x00, 0x00, 0x00, 0x00,
    0x00, 0x00, 0x00, 0x00, 0x00, 0x00, 0x00, 0x00, 0x00, 0x00, 0x00, 0x00,
    0x00, 0x00, 0x00, 0x00, 0x00, 0x00, 0x00, 0x00, 0x00, 0x00, 0x00, 0x00,
    0x00, 0x00, 0x00, 0x00, 0x00, 0x00, 0x00, 0x00, 0x08, 0x7a, 0x1d, 0xd9,
    0x1f, 0xeb, 0x44, 0xff, 0x01, 0xfb, 0x2a, 0xff, 0x05, 0xfe, 0x2d, 0xff,
    0x04, 0xff, 0x2c, 0xff, 0x00, 0xfe, 0x2f, 0xff, 0x00, 0xff, 0x2d, 0xff,
    0x00, 0xff, 0x2a, 0xff, 0x00, 0xff, 0x29, 0xff, 0x04, 0xff, 0x2c, 0xff,
    0x04, 0xff, 0x2c, 0xff, 0x01, 0xfa, 0x2c, 0xff, 0x1f, 0xeb, 0x44, 0xff,
    0x0b, 0x76, 0x21, 0x5d, 0x00, 0x00, 0x00, 0x00, 0x00, 0x00, 0x00, 0x00,
    0x00, 0x00, 0x00, 0x00, 0x00, 0x00, 0x00, 0x00, 0x00, 0x00, 0x00, 0x00,
    0x00, 0x00, 0x00, 0x00, 0x00, 0x00, 0x00, 0x00, 0x00, 0x00, 0x00, 0x00,
    0x00, 0x00, 0x00, 0x00, 0x00, 0x00, 0x00, 0x00, 0x00, 0x00, 0x00, 0x00,
    0x00, 0x00, 0x00, 0x00, 0x00, 0x00, 0x00, 0x00, 0x00, 0x00, 0x00, 0x00,
    0x00, 0x00, 0x00, 0x00, 0x00, 0x00, 0x00, 0x00, 0x00, 0x00, 0x00, 0x00,
    0x00, 0x00, 0x00, 0x00, 0x00, 0x00, 0x00, 0x00, 0x00, 0x00, 0x00, 0x00,
    0x00, 0x00, 0x00, 0x00, 0x00, 0x00, 0x00, 0x00, 0x00, 0x00, 0x00, 0x00,
    0x00, 0x00, 0x00, 0x00, 0x00, 0x00, 0x00, 0x00, 0x00, 0x00, 0x00, 0x00,
    0x08, 0x7a, 0x1d, 0xea, 0x1f, 0xeb, 0x44, 0xff, 0x01, 0xfb, 0x2a, 0xff,
    0x05, 0xfe, 0x2d, 0xff, 0x04, 0xff, 0x2c, 0xff, 0x00, 0xfe, 0x2f, 0xff,
    0x00, 0xff, 0x2d, 0xff, 0x00, 0xff, 0x2a, 0xff, 0x00, 0xff, 0x29, 0xff,
    0x04, 0xff, 0x2c, 0xff, 0x04, 0xff, 0x2c, 0xff, 0x01, 0xfa, 0x2c, 0xff,
    0x1f, 0xeb, 0x44, 0xff, 0x0c, 0x76, 0x21, 0x6c, 0x00, 0x00, 0x00, 0x00,
    0x00, 0x00, 0x00, 0x00, 0x00, 0x00, 0x00, 0x00, 0x00, 0x00, 0x00, 0x00,
    0x00, 0x00, 0x00, 0x00, 0x00, 0x00, 0x00, 0x00, 0x00, 0x00, 0x00, 0x00,
    0x00, 0x00, 0x00, 0x00, 0x00, 0x00, 0x00, 0x00, 0x00, 0x00, 0x00, 0x00,
    0x00, 0x00, 0x00, 0x00, 0x00, 0x00, 0x00, 0x00, 0x00, 0x00, 0x00, 0x00,
    0x00, 0x00, 0x00, 0x00, 0x00, 0x00, 0x00, 0x00, 0x00, 0x00, 0x00, 0x00,
    0x00, 0x00, 0x00, 0x00, 0x00, 0x00, 0x00, 0x00, 0x00, 0x00, 0x00, 0x00,
    0x00, 0x00, 0x00, 0x00, 0x00, 0x00, 0x00, 0x00, 0x00, 0x00, 0x00, 0x00,
    0x00, 0x00, 0x00, 0x00, 0x00, 0x00, 0x00, 0x00, 0x00, 0x00, 0x00, 0x00,
    0x00, 0x00, 0x00, 0x00, 0x08, 0x7a, 0x1d, 0xf8, 0x1f, 0xeb, 0x44, 0xff,
    0x01, 0xfb, 0x2a, 0xff, 0x05, 0xfe, 0x2d, 0xff, 0x04, 0xff, 0x2c, 0xff,
    0x00, 0xfe, 0x2f, 0xff, 0x00, 0xff, 0x2d, 0xff, 0x00, 0xff, 0x2a, 0xff,
    0x00, 0xff, 0x29, 0xff, 0x04, 0xff, 0x2c, 0xff, 0x04, 0xff, 0x2c, 0xff,
    0x01, 0xfa, 0x2c, 0xff, 0x1f, 0xeb, 0x44, 0xff, 0x0d, 0x78, 0x20, 0x77,
    0x00, 0x00, 0x00, 0x00, 0x00, 0x00, 0x00, 0x00, 0x00, 0x00, 0x00, 0x00,
    0x00, 0x00, 0x00, 0x00, 0x00, 0x00, 0x00, 0x00, 0x00, 0x00, 0x00, 0x00,
    0x00, 0x00, 0x00, 0x00, 0x00, 0x00, 0x00, 0x00, 0x00, 0x00, 0x00, 0x00,
    0x00, 0x00, 0x00, 0x00, 0x00, 0x00, 0x00, 0x00, 0x00, 0x00, 0x00, 0x00,
    0x00, 0x00, 0x00, 0x00, 0x00, 0x00, 0x00, 0x00, 0x00, 0x00, 0x00, 0x00,
    0x00, 0x00, 0x00, 0x00, 0x00, 0x00, 0x00, 0x00, 0x00, 0x00, 0x00, 0x00,
    0x00, 0x00, 0x00, 0x00, 0x00, 0x00, 0x00, 0x00, 0x00, 0x00, 0x00, 0x00,
    0x00, 0x00, 0x00, 0x00, 0x00, 0x00, 0x00, 0x00, 0x00, 0x00, 0x00, 0x00,
    0x00, 0x00, 0x00, 0x00, 0x00, 0x00, 0x00, 0x00, 0x08, 0x7a, 0x1d, 0xfe,
    0x1f, 0xeb, 0x44, 0xff, 0x01, 0xfb, 0x2a, 0xff, 0x05, 0xfe, 0x2d, 0xff,
    0x04, 0xff, 0x2c, 0xff, 0x00, 0xfe, 0x2f, 0xff, 0x00, 0xff, 0x2d, 0xff,
    0x00, 0xff, 0x2a, 0xff, 0x00, 0xff, 0x29, 0xff, 0x04, 0xff, 0x2c, 0xff,
    0x04, 0xff, 0x2c, 0xff, 0x01, 0xfa, 0x2c, 0xff, 0x1f, 0xeb, 0x44, 0xff,
    0x0c, 0x76, 0x20, 0x7f, 0x00, 0x00, 0x00, 0x00, 0x00, 0x00, 0x00, 0x00,
    0x00, 0x00, 0x00, 0x00, 0x00, 0x00, 0x00, 0x00, 0x00, 0x00, 0x00, 0x00,
    0x00, 0x00, 0x00, 0x00, 0x00, 0x00, 0x00, 0x00, 0x00, 0x00, 0x00, 0x00,
    0x00, 0x00, 0x00, 0x00, 0x00, 0x00, 0x00, 0x00, 0x00, 0x00, 0x00, 0x00,
    0x00, 0x00, 0x00, 0x00, 0x00, 0x00, 0x00, 0x00, 0x00, 0x00, 0x00, 0x00,
    0x00, 0x00, 0x00, 0x00, 0x00, 0x00, 0x00, 0x00, 0x00, 0x00, 0x00, 0x00,
    0x00, 0x00, 0x00, 0x00, 0x00, 0x00, 0x00, 0x00, 0x00, 0x00, 0x00, 0x00,
    0x00, 0x00, 0x00, 0x00, 0x00, 0x00, 0x00, 0x00, 0x00, 0x00, 0x00, 0x00,
    0x00, 0x00, 0x00, 0x00, 0x00, 0x00, 0x00, 0x00, 0x00, 0x00, 0x00, 0x00,
    0x08, 0x7a, 0x1d, 0xff, 0x1f, 0xeb, 0x44, 0xff, 0x01, 0xfb, 0x2a, 0xff,
    0x05, 0xfe, 0x2d, 0xff, 0x04, 0xff, 0x2c, 0xff, 0x00, 0xfe, 0x2f, 0xff,
    0x00, 0xff, 0x2d, 0xff, 0x00, 0xff, 0x2a, 0xff, 0x00, 0xff, 0x29, 0xff,
    0x04, 0xff, 0x2c, 0xff, 0x04, 0xff, 0x2c, 0xff, 0x01, 0xfa, 0x2c, 0xff,
    0x1f, 0xeb, 0x44, 0xff, 0x0c, 0x77, 0x21, 0x85, 0x00, 0x00, 0x00, 0x00,
    0x00, 0x00, 0x00, 0x00, 0x00, 0x00, 0x00, 0x00, 0x00, 0x00, 0x00, 0x00,
    0x00, 0x00, 0x00, 0x00, 0x00, 0x00, 0x00, 0x00, 0x00, 0x00, 0x00, 0x00,
    0x00, 0x00, 0x00, 0x00, 0x00, 0x00, 0x00, 0x00, 0x00, 0x00, 0x00, 0x00,
    0x00, 0x00, 0x00, 0x00, 0x00, 0x00, 0x00, 0x00, 0x00, 0x00, 0x00, 0x00,
    0x00, 0x00, 0x00, 0x00, 0x00, 0x00, 0x00, 0x00, 0x00, 0x00, 0x00, 0x00,
    0x00, 0x00, 0x00, 0x00, 0x00, 0x00, 0x00, 0x00, 0x00, 0x00, 0x00, 0x00,
    0x00, 0x00, 0x00, 0x00, 0x00, 0x00, 0x00, 0x00, 0x00, 0x00, 0x00, 0x00,
    0x00, 0x00, 0x00, 0x00, 0x00, 0x00, 0x00, 0x00, 0x00, 0x00, 0x00, 0x00,
    0x00, 0x00, 0x00, 0x00, 0x08, 0x7a, 0x1d, 0xff, 0x1f, 0xeb, 0x44, 0xff,
    0x01, 0xfb, 0x2a, 0xff, 0x05, 0xfe, 0x2d, 0xff, 0x04, 0xff, 0x2c, 0xff,
    0x00, 0xfe, 0x2f, 0xff, 0x00, 0xff, 0x2d, 0xff, 0x00, 0xff, 0x2a, 0xff,
    0x00, 0xff, 0x29, 0xff, 0x04, 0xff, 0x2c, 0xff, 0x04, 0xff, 0x2c, 0xff,
    0x01, 0xfa, 0x2c, 0xff, 0x1f, 0xeb, 0x44, 0xff, 0x0d, 0x77, 0x21, 0x8b,
    0x00, 0x00, 0x00, 0x00, 0x00, 0x00, 0x00, 0x00, 0x00, 0x00, 0x00, 0x00,
    0x00, 0x00, 0x00, 0x00, 0x00, 0x00, 0x00, 0x00, 0x00, 0x00, 0x00, 0x00,
    0x00, 0x00, 0x00, 0x00, 0x00, 0x00, 0x00, 0x00, 0x00, 0x00, 0x00, 0x00,
    0x00, 0x00, 0x00, 0x00, 0x00, 0x00, 0x00, 0x00, 0x00, 0x00, 0x00, 0x00,
    0x00, 0x00, 0x00, 0x00, 0x00, 0x00, 0x00, 0x00, 0x00, 0x00, 0x00, 0x00,
    0x00, 0x00, 0x00, 0x00, 0x00, 0x00, 0x00, 0x00, 0x00, 0x00, 0x00, 0x00,
    0x00, 0x00, 0x00, 0x00, 0x00, 0x00, 0x00, 0x00, 0x00, 0x00, 0x00, 0x00,
    0x00, 0x00, 0x00, 0x00, 0x00, 0x00, 0x00, 0x00, 0x00, 0x00, 0x00, 0x00,
    0x00, 0x00, 0x00, 0x00, 0x00, 0x00, 0x00, 0x00, 0x08, 0x7a, 0x1d, 0xff,
    0x1f, 0xeb, 0x44, 0xff, 0x01, 0xfb, 0x2a, 0xff, 0x05, 0xfe, 0x2d, 0xff,
    0x04, 0xff, 0x2c, 0xff, 0x00, 0xfe, 0x2f, 0xff, 0x00, 0xff, 0x2d, 0xff,
    0x00, 0xff, 0x2a, 0xff, 0x00, 0xff, 0x29, 0xff, 0x04, 0xff, 0x2c, 0xff,
    0x04, 0xff, 0x2c, 0xff, 0x01, 0xfa, 0x2c, 0xff, 0x1f, 0xeb, 0x44, 0xff,
    0x0c, 0x77, 0x22, 0x8f, 0x00, 0x00, 0x00, 0x00, 0x00, 0x00, 0x00, 0x00,
    0x00, 0x00, 0x00, 0x00, 0x00, 0x00, 0x00, 0x00, 0x00, 0x00, 0x00, 0x00,
    0x00, 0x00, 0x00, 0x00, 0x00, 0x00, 0x00, 0x00, 0x00, 0x00, 0x00, 0x00,
    0x00, 0x00, 0x00, 0x00, 0x00, 0x00, 0x00, 0x00, 0x00, 0x00, 0x00, 0x00,
    0x00, 0x00, 0x00, 0x00, 0x00, 0x00, 0x00, 0x00, 0x00, 0x00, 0x00, 0x00,
    0x00, 0x00, 0x00, 0x00, 0x00, 0x00, 0x00, 0x00, 0x00, 0x00, 0x00, 0x00,
    0x00, 0x00, 0x00, 0x00, 0x00, 0x00, 0x00, 0x00, 0x00, 0x00, 0x00, 0x00,
    0x00, 0x00, 0x00, 0x00, 0x00, 0x00, 0x00, 0x00, 0x00, 0x00, 0x00, 0x00,
    0x00, 0x00, 0x00, 0x00, 0x00, 0x00, 0x00, 0x00, 0x00, 0x00, 0x00, 0x00,
    0x08, 0x7a, 0x1d, 0xff, 0x1f, 0xeb, 0x44, 0xff, 0x01, 0xfb, 0x2a, 0xff,
    0x05, 0xfe, 0x2d, 0xff, 0x04, 0xff, 0x2c, 0xff, 0x00, 0xfe, 0x2f, 0xff,
    0x00, 0xff, 0x2d, 0xff, 0x00, 0xff, 0x2a, 0xff, 0x00, 0xff, 0x29, 0xff,
    0x04, 0xff, 0x2c, 0xff, 0x04, 0xff, 0x2c, 0xff, 0x01, 0xfa, 0x2c, 0xff,
    0x1f, 0xeb, 0x44, 0xff, 0x0c, 0x77, 0x21, 0x92, 0x00, 0x00, 0x00, 0x00,
    0x00, 0x00, 0x00, 0x00, 0x00, 0x00, 0x00, 0x00, 0x00, 0x00, 0x00, 0x00,
    0x00, 0x00, 0x00, 0x00, 0x00, 0x00, 0x00, 0x00, 0x00, 0x00, 0x00, 0x00,
    0x00, 0x00, 0x00, 0x00, 0x00, 0x00, 0x00, 0x00, 0x00, 0x00, 0x00, 0x00,
    0x00, 0x00, 0x00, 0x00, 0x00, 0x00, 0x00, 0x00, 0x00, 0x00, 0x00, 0x00,
    0x00, 0x00, 0x00, 0x00, 0x00, 0x00, 0x00, 0x00, 0x00, 0x00, 0x00, 0x00,
    0x00, 0x00, 0x00, 0x00, 0x00, 0x00, 0x00, 0x00, 0x00, 0x00, 0x00, 0x00,
    0x00, 0x00, 0x00, 0x00, 0x00, 0x00, 0x00, 0x00, 0x00, 0x00, 0x00, 0x00,
    0x00, 0x00, 0x00, 0x00, 0x00, 0x00, 0x00, 0x00, 0x00, 0x00, 0x00, 0x00,
    0x00, 0x00, 0x00, 0x00, 0x08, 0x7a, 0x1d, 0xff, 0x1f, 0xeb, 0x44, 0xff,
    0x01, 0xfb, 0x2a, 0xff, 0x05, 0xfe, 0x2d, 0xff, 0x04, 0xff, 0x2c, 0xff,
    0x00, 0xfe, 0x2f, 0xff, 0x00, 0xff, 0x2d, 0xff, 0x00, 0xff, 0x2a, 0xff,
    0x00, 0xff, 0x29, 0xff, 0x04, 0xff, 0x2c, 0xff, 0x04, 0xff, 0x2c, 0xff,
    0x01, 0xfa, 0x2c, 0xff, 0x1f, 0xeb, 0x44, 0xff, 0x0c, 0x78, 0x21, 0x95,
    0x00, 0x00, 0x00, 0x00, 0x00, 0x00, 0x00, 0x00, 0x00, 0x00, 0x00, 0x00,
    0x00, 0x00, 0x00, 0x00, 0x00, 0x00, 0x00, 0x00, 0x00, 0x00, 0x00, 0x00,
    0x00, 0x00, 0x00, 0x00, 0x00, 0x00, 0x00, 0x00, 0x00, 0x00, 0x00, 0x00,
    0x00, 0x00, 0x00, 0x00, 0x00, 0x00, 0x00, 0x00, 0x00, 0x00, 0x00, 0x00,
    0x00, 0x00, 0x00, 0x00, 0x00, 0x00, 0x00, 0x00, 0x00, 0x00, 0x00, 0x00,
    0x00, 0x00, 0x00, 0x00, 0x00, 0x00, 0x00, 0x00, 0x00, 0x00, 0x00, 0x00,
    0x00, 0x00, 0x00, 0x00, 0x00, 0x00, 0x00, 0x00, 0x00, 0x00, 0x00, 0x00,
    0x00, 0x00, 0x00, 0x00, 0x00, 0x00, 0x00, 0x00, 0x00, 0x00, 0x00, 0x00,
    0x00, 0x00, 0x00, 0x00, 0x00, 0x00, 0x00, 0x00, 0x08, 0x7a, 0x1d, 0xff,
    0x1f, 0xeb, 0x44, 0xff, 0x01, 0xfb, 0x2a, 0xff, 0x05, 0xfe, 0x2d, 0xff,
    0x04, 0xff, 0x2c, 0xff, 0x00, 0xfe, 0x2f, 0xff, 0x00, 0xff, 0x2d, 0xff,
    0x00, 0xff, 0x2a, 0xff, 0x00, 0xff, 0x29, 0xff, 0x04, 0xff, 0x2c, 0xff,
    0x04, 0xff, 0x2c, 0xff, 0x01, 0xfa, 0x2c, 0xff, 0x1f, 0xeb, 0x44, 0xff,
    0x0c, 0x76, 0x22, 0x97, 0x00, 0x00, 0x00, 0x00, 0x00, 0x00, 0x00, 0x00,
    0x00, 0x00, 0x00, 0x00, 0x00, 0x00, 0x00, 0x00, 0x00, 0x00, 0x00, 0x00,
    0x00, 0x00, 0x00, 0x00, 0x00, 0x00, 0x00, 0x00, 0x00, 0x00, 0x00, 0x00,
    0x00, 0x00, 0x00, 0x00, 0x00, 0x00, 0x00, 0x00, 0x00, 0x00, 0x00, 0x00,
    0x00, 0x00, 0x00, 0x00, 0x00, 0x00, 0x00, 0x00, 0x00, 0x00, 0x00, 0x00,
    0x00, 0x00, 0x00, 0x00, 0x00, 0x00, 0x00, 0x00, 0x00, 0x00, 0x00, 0x00,
    0x00, 0x00, 0x00, 0x00, 0x00, 0x00, 0x00, 0x00, 0x00, 0x00, 0x00, 0x00,
    0x00, 0x00, 0x00, 0x00, 0x00, 0x00, 0x00, 0x00, 0x00, 0x00, 0x00, 0x00,
    0x00, 0x00, 0x00, 0x00, 0x00, 0x00, 0x00, 0x00, 0x00, 0x00, 0x00, 0x00,
    0x08, 0x7a, 0x1d, 0xff, 0x1f, 0xeb, 0x44, 0xff, 0x01, 0xfb, 0x2a, 0xff,
    0x05, 0xfe, 0x2d, 0xff, 0x04, 0xff, 0x2c, 0xff, 0x00, 0xfe, 0x2f, 0xff,
    0x00, 0xff, 0x2d, 0xff, 0x00, 0xff, 0x2a, 0xff, 0x00, 0xff, 0x29, 0xff,
    0x04, 0xff, 0x2c, 0xff, 0x04, 0xff, 0x2c, 0xff, 0x01, 0xfa, 0x2c, 0xff,
    0x1f, 0xeb, 0x44, 0xff, 0x0c, 0x76, 0x22, 0x97, 0x00, 0x00, 0x00, 0x00,
    0x00, 0x00, 0x00, 0x00, 0x00, 0x00, 0x00, 0x00, 0x00, 0x00, 0x00, 0x00,
    0x00, 0x00, 0x00, 0x00, 0x00, 0x00, 0x00, 0x00, 0x00, 0x00, 0x00, 0x00,
    0x00, 0x00, 0x00, 0x00, 0x00, 0x00, 0x00, 0x00, 0x00, 0x00, 0x00, 0x00,
    0x00, 0x00, 0x00, 0x00, 0x00, 0x00, 0x00, 0x00, 0x00, 0x00, 0x00, 0x00,
    0x00, 0x00, 0x00, 0x00, 0x00, 0x00, 0x00, 0x00, 0x00, 0x00, 0x00, 0x00,
    0x00, 0x00, 0x00, 0x00, 0x00, 0x00, 0x00, 0x00, 0x00, 0x00, 0x00, 0x00,
    0x00, 0x00, 0x00, 0x00, 0x00, 0x00, 0x00, 0x00, 0x00, 0x00, 0x00, 0x00,
    0x00, 0x00, 0x00, 0x00, 0x00, 0x00, 0x00, 0x00, 0x00, 0x00, 0x00, 0x00,
    0x00, 0x00, 0x00, 0x00, 0x08, 0x7a, 0x1d, 0xff, 0x1f, 0xeb, 0x44, 0xff,
    0x01, 0xfb, 0x2a, 0xff, 0x05, 0xfe, 0x2d, 0xff, 0x04, 0xff, 0x2c, 0xff,
    0x00, 0xfe, 0x2f, 0xff, 0x00, 0xff, 0x2d, 0xff, 0x00, 0xff, 0x2a, 0xff,
    0x00, 0xff, 0x29, 0xff, 0x04, 0xff, 0x2c, 0xff, 0x04, 0xff, 0x2c, 0xff,
    0x01, 0xfa, 0x2c, 0xff, 0x1f, 0xeb, 0x44, 0xff, 0x0c, 0x76, 0x22, 0x97,
    0x00, 0x00, 0x00, 0x00, 0x00, 0x00, 0x00, 0x00, 0x00, 0x00, 0x00, 0x00,
    0x00, 0x00, 0x00, 0x00, 0x00, 0x00, 0x00, 0x00, 0x00, 0x00, 0x00, 0x00,
    0x00, 0x00, 0x00, 0x00, 0x00, 0x00, 0x00, 0x00, 0x00, 0x00, 0x00, 0x00,
    0x00, 0x00, 0x00, 0x00, 0x00, 0x00, 0x00, 0x00, 0x00, 0x00, 0x00, 0x00,
    0x00, 0x00, 0x00, 0x00, 0x00, 0x00, 0x00, 0x00, 0x00, 0x00, 0x00, 0x00,
    0x00, 0x00, 0x00, 0x00, 0x00, 0x00, 0x00, 0x00, 0x00, 0x00, 0x00, 0x00,
    0x00, 0x00, 0x00, 0x00, 0x00, 0x00, 0x00, 0x00, 0x00, 0x00, 0x00, 0x00,
    0x00, 0x00, 0x00, 0x00, 0x00, 0x00, 0x00, 0x00, 0x00, 0x00, 0x00, 0x00,
    0x00, 0x00, 0x00, 0x00, 0x00, 0x00, 0x00, 0x00, 0x08, 0x7a, 0x1d, 0xff,
    0x1f, 0xeb, 0x44, 0xff, 0x01, 0xfb, 0x2a, 0xff, 0x05, 0xfe, 0x2d, 0xff,
    0x04, 0xff, 0x2c, 0xff, 0x00, 0xfe, 0x2f, 0xff, 0x00, 0xff, 0x2d, 0xff,
    0x00, 0xff, 0x2a, 0xff, 0x00, 0xff, 0x29, 0xff, 0x04, 0xff, 0x2c, 0xff,
    0x04, 0xff, 0x2c, 0xff, 0x01, 0xfa, 0x2c, 0xff, 0x1f, 0xeb, 0x44, 0xff,
    0x0c, 0x78, 0x21, 0x95, 0x00, 0x00, 0x00, 0x00, 0x00, 0x00, 0x00, 0x00,
    0x00, 0x00, 0x00, 0x00, 0x00, 0x00, 0x00, 0x00, 0x00, 0x00, 0x00, 0x00,
    0x00, 0x00, 0x00, 0x00, 0x00, 0x00, 0x00, 0x00, 0x00, 0x00, 0x00, 0x00,
    0x00, 0x00, 0x00, 0x00, 0x00, 0x00, 0x00, 0x00, 0x00, 0x00, 0x00, 0x00,
    0x00, 0x00, 0x00, 0x00, 0x00, 0x00, 0x00, 0x00, 0x00, 0x00, 0x00, 0x00,
    0x00, 0x00, 0x00, 0x00, 0x00, 0x00, 0x00, 0x00, 0x00, 0x00, 0x00, 0x00,
    0x00, 0x00, 0x00, 0x00, 0x00, 0x00, 0x00, 0x00, 0x00, 0x00, 0x00, 0x00,
    0x00, 0x00, 0x00, 0x00, 0x00, 0x00, 0x00, 0x00, 0x00, 0x00, 0x00, 0x00,
    0x00, 0x00, 0x00, 0x00, 0x00, 0x00, 0x00, 0x00, 0x00, 0x00, 0x00, 0x00,
    0x08, 0x7a, 0x1d, 0xff, 0x1f, 0xeb, 0x44, 0xff, 0x01, 0xfb, 0x2a, 0xff,
    0x05, 0xfe, 0x2d, 0xff, 0x04, 0xff, 0x2c, 0xff, 0x00, 0xfe, 0x2f, 0xff,
    0x00, 0xff, 0x2d, 0xff, 0x00, 0xff, 0x2a, 0xff, 0x00, 0xff, 0x29, 0xff,
    0x04, 0xff, 0x2c, 0xff, 0x04, 0xff, 0x2c, 0xff, 0x01, 0xfa, 0x2c, 0xff,
    0x1f, 0xeb, 0x44, 0xff, 0x0c, 0x77, 0x21, 0x92, 0x00, 0x00, 0x00, 0x00,
    0x00, 0x00, 0x00, 0x00, 0x00, 0x00, 0x00, 0x00, 0x00, 0x00, 0x00, 0x00,
    0x00, 0x00, 0x00, 0x00, 0x00, 0x00, 0x00, 0x00, 0x00, 0x00, 0x00, 0x00,
    0x00, 0x00, 0x00, 0x00, 0x00, 0x00, 0x00, 0x00, 0x00, 0x00, 0x00, 0x00,
    0x00, 0x00, 0x00, 0x00, 0x00, 0x00, 0x00, 0x00, 0x00, 0x00, 0x00, 0x00,
    0x00, 0x00, 0x00, 0x00, 0x00, 0x00, 0x00, 0x00, 0x00, 0x00, 0x00, 0x00,
    0x00, 0x00, 0x00, 0x00, 0x00, 0x00, 0x00, 0x00, 0x00, 0x00, 0x00, 0x00,
    0x00, 0x00, 0x00, 0x00, 0x00, 0x00, 0x00, 0x00, 0x00, 0x00, 0x00, 0x00,
    0x00, 0x00, 0x00, 0x00, 0x00, 0x00, 0x00, 0x00, 0x00, 0x00, 0x00, 0x00,
    0x00, 0x00, 0x00, 0x00, 0x08, 0x7a, 0x1d, 0xff, 0x1f, 0xeb, 0x44, 0xff,
    0x01, 0xfb, 0x2a, 0xff, 0x05, 0xfe, 0x2d, 0xff, 0x04, 0xff, 0x2c, 0xff,
    0x00, 0xfe, 0x2f, 0xff, 0x00, 0xff, 0x2d, 0xff, 0x00, 0xff, 0x2a, 0xff,
    0x00, 0xff, 0x29, 0xff, 0x04, 0xff, 0x2c, 0xff, 0x04, 0xff, 0x2c, 0xff,
    0x01, 0xfa, 0x2c, 0xff, 0x1f, 0xeb, 0x44, 0xff, 0x0c, 0x77, 0x22, 0x8f,
    0x00, 0x00, 0x00, 0x00, 0x00, 0x00, 0x00, 0x00, 0x00, 0x00, 0x00, 0x00,
    0x00, 0x00, 0x00, 0x00, 0x00, 0x00, 0x00, 0x00, 0x00, 0x00, 0x00, 0x00,
    0x00, 0x00, 0x00, 0x00, 0x00, 0x00, 0x00, 0x00, 0x00, 0x00, 0x00, 0x00,
    0x00, 0x00, 0x00, 0x00, 0x00, 0x00, 0x00, 0x00, 0x00, 0x00, 0x00, 0x00,
    0x00, 0x00, 0x00, 0x00, 0x00, 0x00, 0x00, 0x00, 0x00, 0x00, 0x00, 0x00,
    0x00, 0x00, 0x00, 0x00, 0x00, 0x00, 0x00, 0x00, 0x00, 0x00, 0x00, 0x00,
    0x00, 0x00, 0x00, 0x00, 0x00, 0x00, 0x00, 0x00, 0x00, 0x00, 0x00, 0x00,
    0x00, 0x00, 0x00, 0x00, 0x00, 0x00, 0x00, 0x00, 0x00, 0x00, 0x00, 0x00,
    0x00, 0x00, 0x00, 0x00, 0x00, 0x00, 0x00, 0x00, 0x08, 0x7a, 0x1d, 0xff,
    0x1f, 0xeb, 0x44, 0xff, 0x01, 0xfb, 0x2a, 0xff, 0x05, 0xfe, 0x2d, 0xff,
    0x04, 0xff, 0x2c, 0xff, 0x00, 0xfe, 0x2f, 0xff, 0x00, 0xff, 0x2d, 0xff,
    0x00, 0xff, 0x2a, 0xff, 0x00, 0xff, 0x29, 0xff, 0x04, 0xff, 0x2c, 0xff,
    0x04, 0xff, 0x2c, 0xff, 0x01, 0xfa, 0x2c, 0xff, 0x1f, 0xeb, 0x44, 0xff,
    0x0c, 0x77, 0x22, 0x8f, 0x00, 0x00, 0x00, 0x00, 0x00, 0x00, 0x00, 0x00,
    0x00, 0x00, 0x00, 0x00, 0x00, 0x00, 0x00, 0x00, 0x00, 0x00, 0x00, 0x00,
    0x00, 0x00, 0x00, 0x00, 0x00, 0x00, 0x00, 0x00, 0x00, 0x00, 0x00, 0x00,
    0x00, 0x00, 0x00, 0x00, 0x00, 0x00, 0x00, 0x00, 0x00, 0x00, 0x00, 0x00,
    0x00, 0x00, 0x00, 0x00, 0x00, 0x00, 0x00, 0x00, 0x00, 0x00, 0x00, 0x00,
    0x00, 0x00, 0x00, 0x00, 0x00, 0x00, 0x00, 0x00, 0x00, 0x00, 0x00, 0x00,
    0x00, 0x00, 0x00, 0x00, 0x00, 0x00, 0x00, 0x00, 0x00, 0x00, 0x00, 0x00,
    0x00, 0x00, 0x00, 0x00, 0x00, 0x00, 0x00, 0x00, 0x00, 0x00, 0x00, 0x00,
    0x00, 0x00, 0x00, 0x00, 0x00, 0x00, 0x00, 0x00, 0x00, 0x00, 0x00, 0x00,
    0x08, 0x7a, 0x1d, 0xff, 0x1f, 0xeb, 0x44, 0xff, 0x01, 0xfb, 0x2a, 0xff,
    0x05, 0xfe, 0x2d, 0xff, 0x04, 0xff, 0x2c, 0xff, 0x00, 0xfe, 0x2f, 0xff,
    0x00, 0xff, 0x2d, 0xff, 0x00, 0xff, 0x2a, 0xff, 0x00, 0xff, 0x29, 0xff,
    0x04, 0xff, 0x2c, 0xff, 0x04, 0xff, 0x2c, 0xff, 0x01, 0xfa, 0x2c, 0xff,
    0x1f, 0xeb, 0x44, 0xff, 0x0c, 0x77, 0x22, 0x8f, 0x00, 0x00, 0x00, 0x00,
    0x00, 0x00, 0x00, 0x00, 0x00, 0x00, 0x00, 0x00, 0x00, 0x00, 0x00, 0x00,
    0x00, 0x00, 0x00, 0x00, 0x00, 0x00, 0x00, 0x00, 0x00, 0x00, 0x00, 0x00,
    0x00, 0x00, 0x00, 0x00, 0x00, 0x00, 0x00, 0x00, 0x00, 0x00, 0x00, 0x00,
    0x00, 0x00, 0x00, 0x00, 0x00, 0x00, 0x00, 0x00, 0x00, 0x00, 0x00, 0x00,
    0x00, 0x00, 0x00, 0x00, 0x00, 0x00, 0x00, 0x00, 0x00, 0x00, 0x00, 0x00,
    0x00, 0x00, 0x00, 0x00, 0x00, 0x00, 0x00, 0x00, 0x00, 0x00, 0x00, 0x00,
    0x00, 0x00, 0x00, 0x00, 0x00, 0x00, 0x00, 0x00, 0x00, 0x00, 0x00, 0x00,
    0x00, 0x00, 0x00, 0x00, 0x00, 0x00, 0x00, 0x00, 0x00, 0x00, 0x00, 0x00,
    0x00, 0x00, 0x00, 0x00, 0x08, 0x7a, 0x1d, 0xff, 0x1f, 0xeb, 0x44, 0xff,
    0x01, 0xfb, 0x2a, 0xff, 0x05, 0xfe, 0x2d, 0xff, 0x04, 0xff, 0x2c, 0xff,
    0x00, 0xfe, 0x2f, 0xff, 0x00, 0xff, 0x2d, 0xff, 0x00, 0xff, 0x2a, 0xff,
    0x00, 0xff, 0x29, 0xff, 0x04, 0xff, 0x2c, 0xff, 0x04, 0xff, 0x2c, 0xff,
    0x01, 0xfa, 0x2c, 0xff, 0x1f, 0xeb, 0x44, 0xff, 0x0c, 0x77, 0x22, 0x90,
    0x00, 0x00, 0x00, 0x00, 0x00, 0x00, 0x00, 0x00, 0x00, 0x00, 0x00, 0x00,
    0x00, 0x00, 0x00, 0x00, 0x00, 0x00, 0x00, 0x00, 0x00, 0x00, 0x00, 0x00,
    0x00, 0x00, 0x00, 0x00, 0x00, 0x00, 0x00, 0x00, 0x00, 0x00, 0x00, 0x00,
    0x00, 0x00, 0x00, 0x00, 0x00, 0x00, 0x00, 0x00, 0x00, 0x00, 0x00, 0x00,
    0x00, 0x00, 0x00, 0x00, 0x00, 0x00, 0x00, 0x00, 0x00, 0x00, 0x00, 0x00,
    0x00, 0x00, 0x00, 0x00, 0x00, 0x00, 0x00, 0x00, 0x00, 0x00, 0x00, 0x00,
    0x00, 0x00, 0x00, 0x00, 0x00, 0x00, 0x00, 0x00, 0x00, 0x00, 0x00, 0x00,
    0x00, 0x00, 0x00, 0x00, 0x00, 0x00, 0x00, 0x00, 0x00, 0x00, 0x00, 0x00,
    0x00, 0x00, 0x00, 0x00, 0x00, 0x00, 0x00, 0x00, 0x08, 0x7a, 0x1d, 0xff,
    0x1f, 0xeb, 0x44, 0xff, 0x01, 0xfb, 0x2a, 0xff, 0x05, 0xfe, 0x2d, 0xff,
    0x04, 0xff, 0x2c, 0xff, 0x00, 0xfe, 0x2f, 0xff, 0x00, 0xff, 0x2d, 0xff,
    0x00, 0xff, 0x2a, 0xff, 0x00, 0xff, 0x29, 0xff, 0x04, 0xff, 0x2c, 0xff,
    0x04, 0xff, 0x2c, 0xff, 0x01, 0xfa, 0x2c, 0xff, 0x1f, 0xeb, 0x44, 0xff,
    0x0c, 0x77, 0x22, 0x8f, 0x00, 0x00, 0x00, 0x00, 0x00, 0x00, 0x00, 0x00,
    0x00, 0x00, 0x00, 0x00, 0x00, 0x00, 0x00, 0x00, 0x00, 0x00, 0x00, 0x00,
    0x00, 0x00, 0x00, 0x00, 0x00, 0x00, 0x00, 0x00, 0x00, 0x00, 0x00, 0x00,
    0x00, 0x00, 0x00, 0x00, 0x00, 0x00, 0x00, 0x00, 0x00, 0x00, 0x00, 0x00,
    0x00, 0x00, 0x00, 0x00, 0x00, 0x00, 0x00, 0x00, 0x00, 0x00, 0x00, 0x00,
    0x00, 0x00, 0x00, 0x00, 0x00, 0x00, 0x00, 0x00, 0x00, 0x00, 0x00, 0x00,
    0x00, 0x00, 0x00, 0x00, 0x00, 0x00, 0x00, 0x00, 0x00, 0x00, 0x00, 0x00,
    0x00, 0x00, 0x00, 0x00, 0x00, 0x00, 0x00, 0x00, 0x00, 0x00, 0x00, 0x00,
    0x00, 0x00, 0x00, 0x00, 0x00, 0x00, 0x00, 0x00, 0x00, 0x00, 0x00, 0x00,
    0x08, 0x7a, 0x1d, 0xff, 0x1f, 0xeb, 0x44, 0xff, 0x01, 0xfb, 0x2a, 0xff,
    0x05, 0xfe, 0x2d, 0xff, 0x04, 0xff, 0x2c, 0xff, 0x00, 0xfe, 0x2f, 0xff,
    0x00, 0xff, 0x2d, 0xff, 0x00, 0xff, 0x2a, 0xff, 0x00, 0xff, 0x29, 0xff,
    0x04, 0xff, 0x2c, 0xff, 0x04, 0xff, 0x2c, 0xff, 0x01, 0xfa, 0x2c, 0xff,
    0x1f, 0xeb, 0x44, 0xff, 0x0d, 0x77, 0x21, 0x8d, 0x00, 0x00, 0x00, 0x00,
    0x00, 0x00, 0x00, 0x00, 0x00, 0x00, 0x00, 0x00, 0x00, 0x00, 0x00, 0x00,
    0x00, 0x00, 0x00, 0x00, 0x00, 0x00, 0x00, 0x00, 0x00, 0x00, 0x00, 0x00,
    0x00, 0x00, 0x00, 0x00, 0x00, 0x00, 0x00, 0x00, 0x00, 0x00, 0x00, 0x00,
    0x00, 0x00, 0x00, 0x00, 0x00, 0x00, 0x00, 0x00, 0x00, 0x00, 0x00, 0x00,
    0x00, 0x00, 0x00, 0x00, 0x00, 0x00, 0x00, 0x00, 0x00, 0x00, 0x00, 0x00,
    0x00, 0x00, 0x00, 0x00, 0x00, 0x00, 0x00, 0x00, 0x00, 0x00, 0x00, 0x00,
    0x00, 0x00, 0x00, 0x00, 0x00, 0x00, 0x00, 0x00, 0x00, 0x00, 0x00, 0x00,
    0x00, 0x00, 0x00, 0x00, 0x00, 0x00, 0x00, 0x00, 0x00, 0x00, 0x00, 0x00,
    0x00, 0x00, 0x00, 0x00, 0x08, 0x7a, 0x1d, 0xff, 0x1f, 0xeb, 0x44, 0xff,
    0x01, 0xfb, 0x2a, 0xff, 0x05, 0xfe, 0x2d, 0xff, 0x04, 0xff, 0x2c, 0xff,
    0x00, 0xfe, 0x2f, 0xff, 0x00, 0xff, 0x2d, 0xff, 0x00, 0xff, 0x2a, 0xff,
    0x00, 0xff, 0x29, 0xff, 0x04, 0xff, 0x2c, 0xff, 0x04, 0xff, 0x2c, 0xff,
    0x01, 0xfa, 0x2c, 0xff, 0x1f, 0xeb, 0x44, 0xff, 0x0d, 0x77, 0x21, 0x8b,
    0x00, 0x00, 0x00, 0x00, 0x00, 0x00, 0x00, 0x00, 0x00, 0x00, 0x00, 0x00,
    0x00, 0x00, 0x00, 0x00, 0x00, 0x00, 0x00, 0x00, 0x00, 0x00, 0x00, 0x00,
    0x00, 0x00, 0x00, 0x00, 0x00, 0x00, 0x00, 0x00, 0x00, 0x00, 0x00, 0x00,
    0x00, 0x00, 0x00, 0x00, 0x00, 0x00, 0x00, 0x00, 0x00, 0x00, 0x00, 0x00,
    0x00, 0x00, 0x00, 0x00, 0x00, 0x00, 0x00, 0x00, 0x00, 0x00, 0x00, 0x00,
    0x00, 0x00, 0x00, 0x00, 0x00, 0x00, 0x00, 0x00, 0x00, 0x00, 0x00, 0x00,
    0x00, 0x00, 0x00, 0x00, 0x00, 0x00, 0x00, 0x00, 0x00, 0x00, 0x00, 0x00,
    0x00, 0x00, 0x00, 0x00, 0x00, 0x00, 0x00, 0x00, 0x00, 0x00, 0x00, 0x00,
    0x00, 0x00, 0x00, 0x00, 0x00, 0x00, 0x00, 0x00, 0x08, 0x7a, 0x1d, 0xff,
    0x1f, 0xeb, 0x44, 0xff, 0x01, 0xfb, 0x2a, 0xff, 0x05, 0xfe, 0x2d, 0xff,
    0x04, 0xff, 0x2c, 0xff, 0x00, 0xfe, 0x2f, 0xff, 0x00, 0xff, 0x2d, 0xff,
    0x00, 0xff, 0x2a, 0xff, 0x00, 0xff, 0x29, 0xff, 0x04, 0xff, 0x2c, 0xff,
    0x04, 0xff, 0x2c, 0xff, 0x01, 0xfa, 0x2c, 0xff, 0x1f, 0xeb, 0x44, 0xff,
    0x0b, 0x76, 0x21, 0x8a, 0x00, 0x00, 0x00, 0x00, 0x00, 0x00, 0x00, 0x00,
    0x00, 0x00, 0x00, 0x00, 0x00, 0x00, 0x00, 0x00, 0x00, 0x00, 0x00, 0x00,
    0x00, 0x00, 0x00, 0x00, 0x00, 0x00, 0x00, 0x00, 0x00, 0x00, 0x00, 0x00,
    0x00, 0x00, 0x00, 0x00, 0x00, 0x00, 0x00, 0x00, 0x00, 0x00, 0x00, 0x00,
    0x00, 0x00, 0x00, 0x00, 0x00, 0x00, 0x00, 0x00, 0x00, 0x00, 0x00, 0x00,
    0x00, 0x00, 0x00, 0x00, 0x00, 0x00, 0x00, 0x00, 0x00, 0x00, 0x00, 0x00,
    0x00, 0x00, 0x00, 0x00, 0x00, 0x00, 0x00, 0x00, 0x00, 0x00, 0x00, 0x00,
    0x00, 0x00, 0x00, 0x00, 0x00, 0x00, 0x00, 0x00, 0x00, 0x00, 0x00, 0x00,
    0x00, 0x00, 0x00, 0x00, 0x00, 0x00, 0x00, 0x00, 0x00, 0x00, 0x00, 0x00,
    0x08, 0x7a, 0x1d, 0xff, 0x1f, 0xeb, 0x44, 0xff, 0x01, 0xfb, 0x2a, 0xff,
    0x05, 0xfe, 0x2d, 0xff, 0x04, 0xff, 0x2c, 0xff, 0x00, 0xfe, 0x2f, 0xff,
    0x00, 0xff, 0x2d, 0xff, 0x00, 0xff, 0x2a, 0xff, 0x00, 0xff, 0x29, 0xff,
    0x04, 0xff, 0x2c, 0xff, 0x04, 0xff, 0x2c, 0xff, 0x01, 0xfa, 0x2c, 0xff,
    0x1f, 0xeb, 0x44, 0xff, 0x0b, 0x76, 0x21, 0x8a, 0x00, 0x00, 0x00, 0x00,
    0x00, 0x00, 0x00, 0x00, 0x00, 0x00, 0x00, 0x00, 0x00, 0x00, 0x00, 0x00,
    0x00, 0x00, 0x00, 0x00, 0x00, 0x00, 0x00, 0x00, 0x00, 0x00, 0x00, 0x00,
    0x00, 0x00, 0x00, 0x00, 0x00, 0x00, 0x00, 0x00, 0x00, 0x00, 0x00, 0x00,
    0x00, 0x00, 0x00, 0x00, 0x00, 0x00, 0x00, 0x00, 0x00, 0x00, 0x00, 0x00,
    0x00, 0x00, 0x00, 0x00, 0x00, 0x00, 0x00, 0x00, 0x00, 0x00, 0x00, 0x00,
    0x00, 0x00, 0x00, 0x00, 0x00, 0x00, 0x00, 0x00, 0x00, 0x00, 0x00, 0x00,
    0x00, 0x00, 0x00, 0x00, 0x00, 0x00, 0x00, 0x00, 0x00, 0x00, 0x00, 0x00,
    0x00, 0x00, 0x00, 0x00, 0x00, 0x00, 0x00, 0x00, 0x00, 0x00, 0x00, 0x00,
    0x00, 0x00, 0x00, 0x00, 0x08, 0x7a, 0x1d, 0xff, 0x1f, 0xeb, 0x44, 0xff,
    0x01, 0xfb, 0x2a, 0xff, 0x05, 0xfe, 0x2d, 0xff, 0x04, 0xff, 0x2c, 0xff,
    0x00, 0xfe, 0x2f, 0xff, 0x00, 0xff, 0x2d, 0xff, 0x00, 0xff, 0x2a, 0xff,
    0x00, 0xff, 0x29, 0xff, 0x04, 0xff, 0x2c, 0xff, 0x04, 0xff, 0x2c, 0xff,
    0x01, 0xfa, 0x2c, 0xff, 0x1f, 0xeb, 0x44, 0xff, 0x0b, 0x76, 0x21, 0x8a,
    0x00, 0x00, 0x00, 0x00, 0x00, 0x00, 0x00, 0x00, 0x00, 0x00, 0x00, 0x00,
    0x00, 0x00, 0x00, 0x00, 0x00, 0x00, 0x00, 0x00, 0x00, 0x00, 0x00, 0x00,
    0x00, 0x00, 0x00, 0x00, 0x00, 0x00, 0x00, 0x00, 0x00, 0x00, 0x00, 0x00,
    0x00, 0x00, 0x00, 0x00, 0x00, 0x00, 0x00, 0x00, 0x00, 0x00, 0x00, 0x00,
    0x00, 0x00, 0x00, 0x00, 0x00, 0x00, 0x00, 0x00, 0x00, 0x00, 0x00, 0x00,
    0x00, 0x00, 0x00, 0x00, 0x00, 0x00, 0x00, 0x00, 0x00, 0x00, 0x00, 0x00,
    0x00, 0x00, 0x00, 0x00, 0x00, 0x00, 0x00, 0x00, 0x00, 0x00, 0x00, 0x00,
    0x00, 0x00, 0x00, 0x00, 0x00, 0x00, 0x00, 0x00, 0x00, 0x00, 0x00, 0x00,
    0x00, 0x00, 0x00, 0x00, 0x00, 0x00, 0x00, 0x00, 0x08, 0x7a, 0x1d, 0xff,
    0x1f, 0xeb, 0x44, 0xff, 0x01, 0xfb, 0x2a, 0xff, 0x05, 0xfe, 0x2d, 0xff,
    0x04, 0xff, 0x2c, 0xff, 0x00, 0xfe, 0x2f, 0xff, 0x00, 0xff, 0x2d, 0xff,
    0x00, 0xff, 0x2a, 0xff, 0x00, 0xff, 0x29, 0xff, 0x04, 0xff, 0x2c, 0xff,
    0x04, 0xff, 0x2c, 0xff, 0x01, 0xfa, 0x2c, 0xff, 0x1f, 0xeb, 0x44, 0xff,
    0x0d, 0x77, 0x21, 0x8d, 0x00, 0x00, 0x00, 0x00, 0x00, 0x00, 0x00, 0x00,
    0x00, 0x00, 0x00, 0x00, 0x00, 0x00, 0x00, 0x00, 0x00, 0x00, 0x00, 0x00,
    0x00, 0x00, 0x00, 0x00, 0x00, 0x00, 0x00, 0x00, 0x00, 0x00, 0x00, 0x00,
    0x00, 0x00, 0x00, 0x00, 0x00, 0x00, 0x00, 0x00, 0x00, 0x00, 0x00, 0x00,
    0x00, 0x00, 0x00, 0x00, 0x00, 0x00, 0x00, 0x00, 0x00, 0x00, 0x00, 0x00,
    0x00, 0x00, 0x00, 0x00, 0x00, 0x00, 0x00, 0x00, 0x00, 0x00, 0x00, 0x00,
    0x00, 0x00, 0x00, 0x00, 0x00, 0x00, 0x00, 0x00, 0x00, 0x00, 0x00, 0x00,
    0x00, 0x00, 0x00, 0x00, 0x00, 0x00, 0x00, 0x00, 0x00, 0x00, 0x00, 0x00,
    0x00, 0x00, 0x00, 0x00, 0x00, 0x00, 0x00, 0x00, 0x00, 0x00, 0x00, 0x00,
    0x08, 0x7a, 0x1d, 0xff, 0x1f, 0xeb, 0x44, 0xff, 0x01, 0xfb, 0x2a, 0xff,
    0x05, 0xfe, 0x2d, 0xff, 0x04, 0xff, 0x2c, 0xff, 0x00, 0xfe, 0x2f, 0xff,
    0x00, 0xff, 0x2d, 0xff, 0x00, 0xff, 0x2a, 0xff, 0x00, 0xff, 0x29, 0xff,
    0x04, 0xff, 0x2c, 0xff, 0x04, 0xff, 0x2c, 0xff, 0x01, 0xfa, 0x2c, 0xff,
    0x1f, 0xeb, 0x44, 0xff, 0x0b, 0x76, 0x21, 0x8a, 0x00, 0x00, 0x00, 0x00,
    0x00, 0x00, 0x00, 0x00, 0x00, 0x00, 0x00, 0x00, 0x00, 0x00, 0x00, 0x00,
    0x00, 0x00, 0x00, 0x00, 0x00, 0x00, 0x00, 0x00, 0x00, 0x00, 0x00, 0x00,
    0x00, 0x00, 0x00, 0x00, 0x00, 0x00, 0x00, 0x00, 0x00, 0x00, 0x00, 0x00,
    0x00, 0x00, 0x00, 0x00, 0x00, 0x00, 0x00, 0x00, 0x00, 0x00, 0x00, 0x00,
    0x00, 0x00, 0x00, 0x00, 0x00, 0x00, 0x00, 0x00, 0x00, 0x00, 0x00, 0x00,
    0x00, 0x00, 0x00, 0x00, 0x00, 0x00, 0x00, 0x00, 0x00, 0x00, 0x00, 0x00,
    0x00, 0x00, 0x00, 0x00, 0x00, 0x00, 0x00, 0x00, 0x00, 0x00, 0x00, 0x00,
    0x00, 0x00, 0x00, 0x00, 0x00, 0x00, 0x00, 0x00, 0x00, 0x00, 0x00, 0x00,
    0x00, 0x00, 0x00, 0x00, 0x08, 0x7a, 0x1d, 0xff, 0x1f, 0xeb, 0x44, 0xff,
    0x01, 0xfb, 0x2a, 0xff, 0x05, 0xfe, 0x2d, 0xff, 0x04, 0xff, 0x2c, 0xff,
    0x00, 0xfe, 0x2f, 0xff, 0x00, 0xff, 0x2d, 0xff, 0x00, 0xff, 0x2a, 0xff,
    0x00, 0xff, 0x29, 0xff, 0x04, 0xff, 0x2c, 0xff, 0x04, 0xff, 0x2c, 0xff,
    0x01, 0xfa, 0x2c, 0xff, 0x1f, 0xeb, 0x44, 0xff, 0x0c, 0x78, 0x22, 0x80,
    0x00, 0x00, 0x00, 0x00, 0x00, 0x00, 0x00, 0x00, 0x00, 0x00, 0x00, 0x00,
    0x00, 0x00, 0x00, 0x00, 0x00, 0x00, 0x00, 0x00, 0x00, 0x00, 0x00, 0x00,
    0x00, 0x00, 0x00, 0x00, 0x00, 0x00, 0x00, 0x00, 0x00, 0x00, 0x00, 0x00,
    0x00, 0x00, 0x00, 0x00, 0x00, 0x00, 0x00, 0x00, 0x00, 0x00, 0x00, 0x00,
    0x00, 0x00, 0x00, 0x00, 0x00, 0x00, 0x00, 0x00, 0x00, 0x00, 0x00, 0x00,
    0x00, 0x00, 0x00, 0x00, 0x00, 0x00, 0x00, 0x00, 0x00, 0x00, 0x00, 0x00,
    0x00, 0x00, 0x00, 0x00, 0x00, 0x00, 0x00, 0x00, 0x00, 0x00, 0x00, 0x00,
    0x00, 0x00, 0x00, 0x00, 0x00, 0x00, 0x00, 0x00, 0x00, 0x00, 0x00, 0x00,
    0x00, 0x00, 0x00, 0x00, 0x00, 0x00, 0x00, 0x00, 0x08, 0x7a, 0x1d, 0xff,
    0x1f, 0xeb, 0x44, 0xff, 0x01, 0xfb, 0x2a, 0xff, 0x05, 0xfe, 0x2d, 0xff,
    0x04, 0xff, 0x2c, 0xff, 0x00, 0xfe, 0x2f, 0xff, 0x00, 0xff, 0x2d, 0xff,
    0x00, 0xff, 0x2a, 0xff, 0x00, 0xff, 0x29, 0xff, 0x04, 0xff, 0x2c, 0xff,
    0x04, 0xff, 0x2c, 0xff, 0x01, 0xfa, 0x2c, 0xff, 0x1f, 0xeb, 0x44, 0xff,
    0x0b, 0x78, 0x22, 0x71, 0x00, 0x00, 0x00, 0x00, 0x00, 0x00, 0x00, 0x00,
    0x00, 0x00, 0x00, 0x00, 0x00, 0x00, 0x00, 0x00, 0x00, 0x00, 0x00, 0x00,
    0x00, 0x00, 0x00, 0x00, 0x00, 0x00, 0x00, 0x00, 0x00, 0x00, 0x00, 0x00,
    0x00, 0x00, 0x00, 0x00, 0x00, 0x00, 0x00, 0x00, 0x00, 0x00, 0x00, 0x00,
    0x00, 0x00, 0x00, 0x00, 0x00, 0x00, 0x00, 0x00, 0x00, 0x00, 0x00, 0x00,
    0x00, 0x00, 0x00, 0x00, 0x00, 0x00, 0x00, 0x00, 0x00, 0x00, 0x00, 0x00,
    0x00, 0x00, 0x00, 0x00, 0x00, 0x00, 0x00, 0x00, 0x00, 0x00, 0x00, 0x00,
    0x00, 0x00, 0x00, 0x00, 0x00, 0x00, 0x00, 0x00, 0x00, 0x00, 0x00, 0x00,
    0x00, 0x00, 0x00, 0x00, 0x00, 0x00, 0x00, 0x00, 0x00, 0x00, 0x00, 0x00,
    0x08, 0x7a, 0x1d, 0xff, 0x1f, 0xeb, 0x44, 0xff, 0x01, 0xfb, 0x2a, 0xff,
    0x05, 0xfe, 0x2d, 0xff, 0x04, 0xff, 0x2c, 0xff, 0x00, 0xfe, 0x2f, 0xff,
    0x00, 0xff, 0x2d, 0xff, 0x00, 0xff, 0x2a, 0xff, 0x00, 0xff, 0x29, 0xff,
    0x04, 0xff, 0x2c, 0xff, 0x04, 0xff, 0x2c, 0xff, 0x01, 0xfa, 0x2c, 0xff,
    0x1f, 0xeb, 0x44, 0xff, 0x0d, 0x78, 0x22, 0x62, 0x00, 0x00, 0x00, 0x00,
    0x00, 0x00, 0x00, 0x00, 0x00, 0x00, 0x00, 0x00, 0x00, 0x00, 0x00, 0x00,
    0x00, 0x00, 0x00, 0x00, 0x00, 0x00, 0x00, 0x00, 0x00, 0x00, 0x00, 0x00,
    0x00, 0x00, 0x00, 0x00, 0x00, 0x00, 0x00, 0x00, 0x00, 0x00, 0x00, 0x00,
    0x00, 0x00, 0x00, 0x00, 0x00, 0x00, 0x00, 0x00, 0x00, 0x00, 0x00, 0x00,
    0x00, 0x00, 0x00, 0x00, 0x00, 0x00, 0x00, 0x00, 0x00, 0x00, 0x00, 0x00,
    0x00, 0x00, 0x00, 0x00, 0x00, 0x00, 0x00, 0x00, 0x00, 0x00, 0x00, 0x00,
    0x00, 0x00, 0x00, 0x00, 0x00, 0x00, 0x00, 0x00, 0x00, 0x00, 0x00, 0x00,
    0x00, 0x00, 0x00, 0x00, 0x00, 0x00, 0x00, 0x00, 0x00, 0x00, 0x00, 0x00,
    0x00, 0x00, 0x00, 0x00, 0x08, 0x7a, 0x1d, 0xff, 0x1f, 0xeb, 0x44, 0xff,
    0x01, 0xfb, 0x2a, 0xff, 0x05, 0xfe, 0x2d, 0xff, 0x04, 0xff, 0x2c, 0xff,
    0x00, 0xfe, 0x2f, 0xff, 0x00, 0xff, 0x2d, 0xff, 0x00, 0xff, 0x2a, 0xff,
    0x00, 0xff, 0x29, 0xff, 0x04, 0xff, 0x2c, 0xff, 0x04, 0xff, 0x2c, 0xff,
    0x01, 0xfa, 0x2c, 0xff, 0x1f, 0xeb, 0x44, 0xff, 0x0c, 0x77, 0x20, 0x58,
    0x00, 0x00, 0x00, 0x00, 0x00, 0x00, 0x00, 0x00, 0x00, 0x00, 0x00, 0x00,
    0x00, 0x00, 0x00, 0x00, 0x00, 0x00, 0x00, 0x00, 0x00, 0x00, 0x00, 0x00,
    0x00, 0x00, 0x00, 0x00, 0x00, 0x00, 0x00, 0x00, 0x00, 0x00, 0x00, 0x00,
    0x00, 0x00, 0x00, 0x00, 0x00, 0x00, 0x00, 0x00, 0x00, 0x00, 0x00, 0x00,
    0x00, 0x00, 0x00, 0x00, 0x00, 0x00, 0x00, 0x00, 0x00, 0x00, 0x00, 0x00,
    0x00, 0x00, 0x00, 0x00, 0x00, 0x00, 0x00, 0x00, 0x00, 0x00, 0x00, 0x00,
    0x00, 0x00, 0x00, 0x00, 0x00, 0x00, 0x00, 0x00, 0x00, 0x00, 0x00, 0x00,
    0x00, 0x00, 0x00, 0x00, 0x00, 0x00, 0x00, 0x00, 0x00, 0x00, 0x00, 0x00,
    0x00, 0x00, 0x00, 0x00, 0x00, 0x00, 0x00, 0x00, 0x08, 0x7a, 0x1d, 0xff,
    0x1f, 0xeb, 0x44, 0xff, 0x01, 0xfb, 0x2a, 0xff, 0x05, 0xfe, 0x2d, 0xff,
    0x04, 0xff, 0x2c, 0xff, 0x00, 0xfe, 0x2f, 0xff, 0x00, 0xff, 0x2d, 0xff,
    0x00, 0xff, 0x2a, 0xff, 0x00, 0xff, 0x29, 0xff, 0x04, 0xff, 0x2c, 0xff,
    0x04, 0xff, 0x2c, 0xff, 0x01, 0xfa, 0x2c, 0xff, 0x1f, 0xeb, 0x44, 0xff,
    0x0c, 0x76, 0x22, 0x52, 0x00, 0x00, 0x00, 0x00, 0x00, 0x00, 0x00, 0x00,
    0x00, 0x00, 0x00, 0x00, 0x00, 0x00, 0x00, 0x00, 0x00, 0x00, 0x00, 0x00,
    0x00, 0x00, 0x00, 0x00, 0x00, 0x00, 0x00, 0x00, 0x00, 0x00, 0x00, 0x00,
    0x00, 0x00, 0x00, 0x00, 0x00, 0x00, 0x00, 0x00, 0x00, 0x00, 0x00, 0x00,
    0x00, 0x00, 0x00, 0x00, 0x00, 0x00, 0x00, 0x00, 0x00, 0x00, 0x00, 0x00,
    0x00, 0x00, 0x00, 0x00, 0x00, 0x00, 0x00, 0x00, 0x00, 0x00, 0x00, 0x00,
    0x00, 0x00, 0x00, 0x00, 0x00, 0x00, 0x00, 0x00, 0x00, 0x00, 0x00, 0x00,
    0x00, 0x00, 0x00, 0x00, 0x00, 0x00, 0x00, 0x00, 0x00, 0x00, 0x00, 0x00,
    0x00, 0x00, 0x00, 0x00, 0x00, 0x00, 0x00, 0x00, 0x00, 0x00, 0x00, 0x00,
    0x08, 0x7a, 0x1d, 0xff, 0x1f, 0xeb, 0x44, 0xff, 0x01, 0xfb, 0x2a, 0xff,
    0x05, 0xfe, 0x2d, 0xff, 0x04, 0xff, 0x2c, 0xff, 0x00, 0xfe, 0x2f, 0xff,
    0x00, 0xff, 0x2d, 0xff, 0x00, 0xff, 0x2a, 0xff, 0x00, 0xff, 0x29, 0xff,
    0x04, 0xff, 0x2c, 0xff, 0x04, 0xff, 0x2c, 0xff, 0x01, 0xfa, 0x2c, 0xff,
    0x1f, 0xeb, 0x44, 0xff, 0x0d, 0x77, 0x20, 0x4f, 0x00, 0x00, 0x00, 0x00,
    0x00, 0x00, 0x00, 0x00, 0x00, 0x00, 0x00, 0x00, 0x00, 0x00, 0x00, 0x00,
    0x00, 0x00, 0x00, 0x00, 0x00, 0x00, 0x00, 0x00, 0x00, 0x00, 0x00, 0x00,
    0x00, 0x00, 0x00, 0x00, 0x00, 0x00, 0x00, 0x00, 0x00, 0x00, 0x00, 0x00,
    0x00, 0x00, 0x00, 0x00, 0x00, 0x00, 0x00, 0x00, 0x00, 0x00, 0x00, 0x00,
    0x00, 0x00, 0x00, 0x00, 0x00, 0x00, 0x00, 0x00, 0x00, 0x00, 0x00, 0x00,
    0x00, 0x00, 0x00, 0x00, 0x00, 0x00, 0x00, 0x00, 0x00, 0x00, 0x00, 0x00,
    0x00, 0x00, 0x00, 0x00, 0x00, 0x00, 0x00, 0x00, 0x00, 0x00, 0x00, 0x00,
    0x00, 0x00, 0x00, 0x00, 0x00, 0x00, 0x00, 0x00, 0x00, 0x00, 0x00, 0x00,
    0x00, 0x00, 0x00, 0x00, 0x08, 0x7a, 0x1d, 0xff, 0x1f, 0xeb, 0x44, 0xff,
    0x01, 0xfb, 0x2a, 0xff, 0x05, 0xfe, 0x2d, 0xff, 0x04, 0xff, 0x2c, 0xff,
    0x00, 0xfe, 0x2f, 0xff, 0x00, 0xff, 0x2d, 0xff, 0x00, 0xff, 0x2a, 0xff,
    0x00, 0xff, 0x29, 0xff, 0x04, 0xff, 0x2c, 0xff, 0x04, 0xff, 0x2c, 0xff,
    0x01, 0xfa, 0x2c, 0xff, 0x1f, 0xeb, 0x44, 0xff, 0x0d, 0x78, 0x1f, 0x51,
    0x00, 0x00, 0x00, 0x00, 0x00, 0x00, 0x00, 0x00, 0x00, 0x00, 0x00, 0x00,
    0x00, 0x00, 0x00, 0x00, 0x00, 0x00, 0x00, 0x00, 0x00, 0x00, 0x00, 0x00,
    0x00, 0x00, 0x00, 0x00, 0x00, 0x00, 0x00, 0x00, 0x00, 0x00, 0x00, 0x00,
    0x00, 0x00, 0x00, 0x00, 0x00, 0x00, 0x00, 0x00, 0x00, 0x00, 0x00, 0x00,
    0x00, 0x00, 0x00, 0x00, 0x00, 0x00, 0x00, 0x00, 0x00, 0x00, 0x00, 0x00,
    0x00, 0x00, 0x00, 0x00, 0x00, 0x00, 0x00, 0x00, 0x00, 0x00, 0x00, 0x00,
    0x00, 0x00, 0x00, 0x00, 0x00, 0x00, 0x00, 0x00, 0x00, 0x00, 0x00, 0x00,
    0x00, 0x00, 0x00, 0x00, 0x00, 0x00, 0x00, 0x00, 0x00, 0x00, 0x00, 0x00,
    0x00, 0x00, 0x00, 0x00, 0x00, 0x00, 0x00, 0x00, 0x08, 0x7a, 0x1d, 0xff,
    0x1f, 0xeb, 0x44, 0xff, 0x01, 0xfb, 0x2a, 0xff, 0x05, 0xfe, 0x2d, 0xff,
    0x04, 0xff, 0x2c, 0xff, 0x00, 0xfe, 0x2f, 0xff, 0x00, 0xff, 0x2d, 0xff,
    0x00, 0xff, 0x2a, 0xff, 0x00, 0xff, 0x29, 0xff, 0x04, 0xff, 0x2c, 0xff,
    0x04, 0xff, 0x2c, 0xff, 0x01, 0xfa, 0x2c, 0xff, 0x1f, 0xeb, 0x44, 0xff,
    0x0c, 0x76, 0x21, 0x54, 0x00, 0x00, 0x00, 0x00, 0x00, 0x00, 0x00, 0x00,
    0x00, 0x00, 0x00, 0x00, 0x00, 0x00, 0x00, 0x00, 0x00, 0x00, 0x00, 0x00,
    0x00, 0x00, 0x00, 0x00, 0x00, 0x00, 0x00, 0x00, 0x00, 0x00, 0x00, 0x00,
    0x00, 0x00, 0x00, 0x00, 0x00, 0x00, 0x00, 0x00, 0x00, 0x00, 0x00, 0x00,
    0x00, 0x00, 0x00, 0x00, 0x00, 0x00, 0x00, 0x00, 0x00, 0x00, 0x00, 0x00,
    0x00, 0x00, 0x00, 0x00, 0x00, 0x00, 0x00, 0x00, 0x00, 0x00, 0x00, 0x00,
    0x00, 0x00, 0x00, 0x00, 0x00, 0x00, 0x00, 0x00, 0x00, 0x00, 0x00, 0x00,
    0x00, 0x00, 0x00, 0x00, 0x00, 0x00, 0x00, 0x00, 0x00, 0x00, 0x00, 0x00,
    0x00, 0x00, 0x00, 0x00, 0x00, 0x00, 0x00, 0x00, 0x00, 0x00, 0x00, 0x00,
    0x08, 0x7a, 0x1d, 0xff, 0x1f, 0xeb, 0x44, 0xff, 0x01, 0xfb, 0x2a, 0xff,
    0x05, 0xfe, 0x2d, 0xff, 0x04, 0xff, 0x2c, 0xff, 0x00, 0xfe, 0x2f, 0xff,
    0x00, 0xff, 0x2d, 0xff, 0x00, 0xff, 0x2a, 0xff, 0x00, 0xff, 0x29, 0xff,
    0x04, 0xff, 0x2c, 0xff, 0x04, 0xff, 0x2c, 0xff, 0x01, 0xfa, 0x2c, 0xff,
    0x1f, 0xeb, 0x44, 0xff, 0x0c, 0x77, 0x20, 0x58, 0x00, 0x00, 0x00, 0x00,
    0x00, 0x00, 0x00, 0x00, 0x00, 0x00, 0x00, 0x00, 0x00, 0x00, 0x00, 0x00,
    0x00, 0x00, 0x00, 0x00, 0x00, 0x00, 0x00, 0x00, 0x00, 0x00, 0x00, 0x00,
    0x00, 0x00, 0x00, 0x00, 0x00, 0x00, 0x00, 0x00, 0x00, 0x00, 0x00, 0x00,
    0x00, 0x00, 0x00, 0x00, 0x00, 0x00, 0x00, 0x00, 0x00, 0x00, 0x00, 0x00,
    0x00, 0x00, 0x00, 0x00, 0x00, 0x00, 0x00, 0x00, 0x00, 0x00, 0x00, 0x00,
    0x00, 0x00, 0x00, 0x00, 0x00, 0x00, 0x00, 0x00, 0x00, 0x00, 0x00, 0x00,
    0x00, 0x00, 0x00, 0x00, 0x00, 0x00, 0x00, 0x00, 0x00, 0x00, 0x00, 0x00,
    0x00, 0x00, 0x00, 0x00, 0x00, 0x00, 0x00, 0x00, 0x00, 0x00, 0x00, 0x00,
    0x00, 0x00, 0x00, 0x00, 0x08, 0x7a, 0x1d, 0xff, 0x1f, 0xeb, 0x44, 0xff,
    0x01, 0xfb, 0x2a, 0xff, 0x05, 0xfe, 0x2d, 0xff, 0x04, 0xff, 0x2c, 0xff,
    0x00, 0xfe, 0x2f, 0xff, 0x00, 0xff, 0x2d, 0xff, 0x00, 0xff, 0x2a, 0xff,
    0x00, 0xff, 0x29, 0xff, 0x04, 0xff, 0x2c, 0xff, 0x04, 0xff, 0x2c, 0xff,
    0x01, 0xfa, 0x2c, 0xff, 0x1f, 0xeb, 0x44, 0xff, 0x0c, 0x77, 0x20, 0x58,
    0x00, 0x00, 0x00, 0x00, 0x00, 0x00, 0x00, 0x00, 0x00, 0x00, 0x00, 0x00,
    0x00, 0x00, 0x00, 0x00, 0x00, 0x00, 0x00, 0x00, 0x00, 0x00, 0x00, 0x00,
    0x00, 0x00, 0x00, 0x00, 0x00, 0x00, 0x00, 0x00, 0x00, 0x00, 0x00, 0x00,
    0x00, 0x00, 0x00, 0x00, 0x00, 0x00, 0x00, 0x00, 0x00, 0x00, 0x00, 0x00,
    0x00, 0x00, 0x00, 0x00, 0x00, 0x00, 0x00, 0x00, 0x00, 0x00, 0x00, 0x00,
    0x00, 0x00, 0x00, 0x00, 0x00, 0x00, 0x00, 0x00, 0x00, 0x00, 0x00, 0x00,
    0x00, 0x00, 0x00, 0x00, 0x00, 0x00, 0x00, 0x00, 0x00, 0x00, 0x00, 0x00,
    0x00, 0x00, 0x00, 0x00, 0x00, 0x00, 0x00, 0x00, 0x00, 0x00, 0x00, 0x00,
    0x00, 0x00, 0x00, 0x00, 0x00, 0x00, 0x00, 0x00, 0x08, 0x7a, 0x1d, 0xff,
    0x1f, 0xeb, 0x44, 0xff, 0x01, 0xfb, 0x2a, 0xff, 0x05, 0xfe, 0x2d, 0xff,
    0x04, 0xff, 0x2c, 0xff, 0x00, 0xfe, 0x2f, 0xff, 0x00, 0xff, 0x2d, 0xff,
    0x00, 0xff, 0x2a, 0xff, 0x00, 0xff, 0x29, 0xff, 0x04, 0xff, 0x2c, 0xff,
    0x04, 0xff, 0x2c, 0xff, 0x01, 0xfa, 0x2c, 0xff, 0x1f, 0xeb, 0x44, 0xff,
    0x0c, 0x78, 0x20, 0x57, 0x00, 0x00, 0x00, 0x00, 0x00, 0x00, 0x00, 0x00,
    0x00, 0x00, 0x00, 0x00, 0x00, 0x00, 0x00, 0x00, 0x00, 0x00, 0x00, 0x00,
    0x00, 0x00, 0x00, 0x00, 0x00, 0x00, 0x00, 0x00, 0x00, 0x00, 0x00, 0x00,
    0x00, 0x00, 0x00, 0x00, 0x00, 0x00, 0x00, 0x00, 0x00, 0x00, 0x00, 0x00,
    0x00, 0x00, 0x00, 0x00, 0x00, 0x00, 0x00, 0x00, 0x00, 0x00, 0x00, 0x00,
    0x00, 0x00, 0x00, 0x00, 0x00, 0x00, 0x00, 0x00, 0x00, 0x00, 0x00, 0x00,
    0x00, 0x00, 0x00, 0x00, 0x00, 0x00, 0x00, 0x00, 0x00, 0x00, 0x00, 0x00,
    0x00, 0x00, 0x00, 0x00, 0x00, 0x00, 0x00, 0x00, 0x00, 0x00, 0x00, 0x00,
    0x00, 0x00, 0x00, 0x00, 0x00, 0x00, 0x00, 0x00, 0x00, 0x00, 0x00, 0x00,
    0x08, 0x7a, 0x1d, 0xff, 0x1f, 0xeb, 0x44, 0xff, 0x01, 0xfb, 0x2a, 0xff,
    0x05, 0xfe, 0x2d, 0xff, 0x04, 0xff, 0x2c, 0xff, 0x00, 0xfe, 0x2f, 0xff,
    0x00, 0xff, 0x2d, 0xff, 0x00, 0xff, 0x2a, 0xff, 0x00, 0xff, 0x29, 0xff,
    0x04, 0xff, 0x2c, 0xff, 0x04, 0xff, 0x2c, 0xff, 0x01, 0xfa, 0x2c, 0xff,
    0x1f, 0xeb, 0x44, 0xff, 0x0d, 0x78, 0x1f, 0x51, 0x00, 0x00, 0x00, 0x00,
    0x00, 0x00, 0x00, 0x00, 0x00, 0x00, 0x00, 0x00, 0x00, 0x00, 0x00, 0x00,
    0x00, 0x00, 0x00, 0x00, 0x00, 0x00, 0x00, 0x00, 0x00, 0x00, 0x00, 0x00,
    0x00, 0x00, 0x00, 0x00, 0x00, 0x00, 0x00, 0x00, 0x00, 0x00, 0x00, 0x00,
    0x00, 0x00, 0x00, 0x00, 0x00, 0x00, 0x00, 0x00, 0x00, 0x00, 0x00, 0x00,
    0x00, 0x00, 0x00, 0x00, 0x00, 0x00, 0x00, 0x00, 0x00, 0x00, 0x00, 0x00,
    0x00, 0x00, 0x00, 0x00, 0x00, 0x00, 0x00, 0x00, 0x00, 0x00, 0x00, 0x00,
    0x00, 0x00, 0x00, 0x00, 0x00, 0x00, 0x00, 0x00, 0x00, 0x00, 0x00, 0x00,
    0x00, 0x00, 0x00, 0x00, 0x00, 0x00, 0x00, 0x00, 0x00, 0x00, 0x00, 0x00,
    0x00, 0x00, 0x00, 0x00, 0x08, 0x7a, 0x1d, 0xff, 0x1f, 0xeb, 0x44, 0xff,
    0x01, 0xfb, 0x2a, 0xff, 0x05, 0xfe, 0x2d, 0xff, 0x04, 0xff, 0x2c, 0xff,
    0x00, 0xfe, 0x2f, 0xff, 0x00, 0xff, 0x2d, 0xff, 0x00, 0xff, 0x2a, 0xff,
    0x00, 0xff, 0x29, 0xff, 0x04, 0xff, 0x2c, 0xff, 0x04, 0xff, 0x2c, 0xff,
    0x01, 0xfa, 0x2c, 0xff, 0x1f, 0xeb, 0x44, 0xff, 0x0a, 0x79, 0x22, 0x4a,
    0x00, 0x00, 0x00, 0x00, 0x00, 0x00, 0x00, 0x00, 0x00, 0x00, 0x00, 0x00,
    0x00, 0x00, 0x00, 0x00, 0x00, 0x00, 0x00, 0x00, 0x00, 0x00, 0x00, 0x00,
    0x00, 0x00, 0x00, 0x00, 0x00, 0x00, 0x00, 0x00, 0x00, 0x00, 0x00, 0x00,
    0x00, 0x00, 0x00, 0x00, 0x00, 0x00, 0x00, 0x00, 0x00, 0x00, 0x00, 0x00,
    0x00, 0x00, 0x00, 0x00, 0x00, 0x00, 0x00, 0x00, 0x00, 0x00, 0x00, 0x00,
    0x00, 0x00, 0x00, 0x00, 0x00, 0x00, 0x00, 0x00, 0x00, 0x00, 0x00, 0x00,
    0x00, 0x00, 0x00, 0x00, 0x00, 0x00, 0x00, 0x00, 0x00, 0x00, 0x00, 0x00,
    0x00, 0x00, 0x00, 0x00, 0x00, 0x00, 0x00, 0x00, 0x00, 0x00, 0x00, 0x00,
    0x00, 0x00, 0x00, 0x00, 0x00, 0x00, 0x00, 0x00, 0x08, 0x7a, 0x1d, 0xff,
    0x1f, 0xeb, 0x44, 0xff, 0x01, 0xfb, 0x2a, 0xff, 0x05, 0xfe, 0x2d, 0xff,
    0x04, 0xff, 0x2c, 0xff, 0x00, 0xfe, 0x2f, 0xff, 0x00, 0xff, 0x2d, 0xff,
    0x00, 0xff, 0x2a, 0xff, 0x00, 0xff, 0x29, 0xff, 0x04, 0xff, 0x2c, 0xff,
    0x04, 0xff, 0x2c, 0xff, 0x01, 0xfa, 0x2c, 0xff, 0x1f, 0xeb, 0x44, 0xff,
    0x0b, 0x76, 0x21, 0x45, 0x00, 0x00, 0x00, 0x00, 0x00, 0x00, 0x00, 0x00,
    0x00, 0x00, 0x00, 0x00, 0x00, 0x00, 0x00, 0x00, 0x00, 0x00, 0x00, 0x00,
    0x00, 0x00, 0x00, 0x00, 0x00, 0x00, 0x00, 0x00, 0x00, 0x00, 0x00, 0x00,
    0x00, 0x00, 0x00, 0x00, 0x00, 0x00, 0x00, 0x00, 0x00, 0x00, 0x00, 0x00,
    0x00, 0x00, 0x00, 0x00, 0x00, 0x00, 0x00, 0x00, 0x00, 0x00, 0x00, 0x00,
    0x00, 0x00, 0x00, 0x00, 0x00, 0x00, 0x00, 0x00, 0x00, 0x00, 0x00, 0x00,
    0x00, 0x00, 0x00, 0x00, 0x00, 0x00, 0x00, 0x00, 0x00, 0x00, 0x00, 0x00,
    0x00, 0x00, 0x00, 0x00, 0x00, 0x00, 0x00, 0x00, 0x00, 0x00, 0x00, 0x00,
    0x00, 0x00, 0x00, 0x00, 0x00, 0x00, 0x00, 0x00, 0x00, 0x00, 0x00, 0x00,
    0x08, 0x7a, 0x1d, 0xff, 0x1f, 0xeb, 0x44, 0xff, 0x01, 0xfb, 0x2a, 0xff,
    0x05, 0xfe, 0x2d, 0xff, 0x04, 0xff, 0x2c, 0xff, 0x00, 0xfe, 0x2f, 0xff,
    0x00, 0xff, 0x2d, 0xff, 0x00, 0xff, 0x2a, 0xff, 0x00, 0xff, 0x29, 0xff,
    0x04, 0xff, 0x2c, 0xff, 0x04, 0xff, 0x2c, 0xff, 0x01, 0xfa, 0x2c, 0xff,
    0x1f, 0xeb, 0x44, 0xff, 0x0c, 0x75, 0x20, 0x3f, 0x00, 0x00, 0x00, 0x00,
    0x00, 0x00, 0x00, 0x00, 0x00, 0x00, 0x00, 0x00, 0x00, 0x00, 0x00, 0x00,
    0x00, 0x00, 0x00, 0x00, 0x00, 0x00, 0x00, 0x00, 0x00, 0x00, 0x00, 0x00,
    0x00, 0x00, 0x00, 0x00, 0x00, 0x00, 0x00, 0x00, 0x00, 0x00, 0x00, 0x00,
    0x00, 0x00, 0x00, 0x00, 0x00, 0x00, 0x00, 0x00, 0x00, 0x00, 0x00, 0x00,
    0x00, 0x00, 0x00, 0x00, 0x00, 0x00, 0x00, 0x00, 0x00, 0x00, 0x00, 0x00,
    0x00, 0x00, 0x00, 0x00, 0x00, 0x00, 0x00, 0x00, 0x00, 0x00, 0x00, 0x00,
    0x00, 0x00, 0x00, 0x00, 0x00, 0x00, 0x00, 0x00, 0x00, 0x00, 0x00, 0x00,
    0x00, 0x00, 0x00, 0x00, 0x00, 0x00, 0x00, 0x00, 0x00, 0x00, 0x00, 0x00,
    0x00, 0x00, 0x00, 0x00, 0x08, 0x7a, 0x1d, 0xff, 0x1f, 0xeb, 0x44, 0xff,
    0x01, 0xfb, 0x2a, 0xff, 0x05, 0xfe, 0x2d, 0xff, 0x04, 0xff, 0x2c, 0xff,
    0x00, 0xfe, 0x2f, 0xff, 0x00, 0xff, 0x2d, 0xff, 0x00, 0xff, 0x2a, 0xff,
    0x00, 0xff, 0x29, 0xff, 0x04, 0xff, 0x2c, 0xff, 0x04, 0xff, 0x2c, 0xff,
    0x01, 0xfa, 0x2c, 0xff, 0x1f, 0xeb, 0x44, 0xff, 0x0d, 0x77, 0x23, 0x3a,
    0x00, 0x00, 0x00, 0x00, 0x00, 0x00, 0x00, 0x00, 0x00, 0x00, 0x00, 0x00,
    0x00, 0x00, 0x00, 0x00, 0x00, 0x00, 0x00, 0x00, 0x00, 0x00, 0x00, 0x00,
    0x00, 0x00, 0x00, 0x00, 0x00, 0x00, 0x00, 0x00, 0x00, 0x00, 0x00, 0x00,
    0x00, 0x00, 0x00, 0x00, 0x00, 0x00, 0x00, 0x00, 0x00, 0x00, 0x00, 0x00,
    0x00, 0x00, 0x00, 0x00, 0x00, 0x00, 0x00, 0x00, 0x00, 0x00, 0x00, 0x00,
    0x00, 0x00, 0x00, 0x00, 0x00, 0x00, 0x00, 0x00, 0x00, 0x00, 0x00, 0x00,
    0x00, 0x00, 0x00, 0x00, 0x00, 0x00, 0x00, 0x00, 0x00, 0x00, 0x00, 0x00,
    0x00, 0x00, 0x00, 0x00, 0x00, 0x00, 0x00, 0x00, 0x00, 0x00, 0x00, 0x00,
    0x00, 0x00, 0x00, 0x00, 0x00, 0x00, 0x00, 0x00, 0x08, 0x7a, 0x1d, 0xff,
    0x1f, 0xeb, 0x44, 0xff, 0x01, 0xfb, 0x2a, 0xff, 0x05, 0xfe, 0x2d, 0xff,
    0x04, 0xff, 0x2c, 0xff, 0x00, 0xfe, 0x2f, 0xff, 0x00, 0xff, 0x2d, 0xff,
    0x00, 0xff, 0x2a, 0xff, 0x00, 0xff, 0x29, 0xff, 0x04, 0xff, 0x2c, 0xff,
    0x04, 0xff, 0x2c, 0xff, 0x01, 0xfa, 0x2c, 0xff, 0x1f, 0xeb, 0x44, 0xfd,
    0x0e, 0x76, 0x21, 0x36, 0x00, 0x00, 0x00, 0x00, 0x00, 0x00, 0x00, 0x00,
    0x00, 0x00, 0x00, 0x00, 0x00, 0x00, 0x00, 0x00, 0x00, 0x00, 0x00, 0x00,
    0x00, 0x00, 0x00, 0x00, 0x00, 0x00, 0x00, 0x00, 0x00, 0x00, 0x00, 0x00,
    0x00, 0x00, 0x00, 0x00, 0x00, 0x00, 0x00, 0x00, 0x00, 0x00, 0x00, 0x00,
    0x00, 0x00, 0x00, 0x00, 0x00, 0x00, 0x00, 0x00, 0x00, 0x00, 0x00, 0x00,
    0x00, 0x00, 0x00, 0x00, 0x00, 0x00, 0x00, 0x00, 0x00, 0x00, 0x00, 0x00,
    0x00, 0x00, 0x00, 0x00, 0x00, 0x00, 0x00, 0x00, 0x00, 0x00, 0x00, 0x00,
    0x00, 0x00, 0x00, 0x00, 0x00, 0x00, 0x00, 0x00, 0x00, 0x00, 0x00, 0x00,
    0x00, 0x00, 0x00, 0x00, 0x00, 0x00, 0x00, 0x00, 0x00, 0x00, 0x00, 0x00,
    0x08, 0x7a, 0x1d, 0xff, 0x1f, 0xeb, 0x44, 0xff, 0x01, 0xfb, 0x2a, 0xff,
    0x05, 0xfe, 0x2d, 0xff, 0x04, 0xff, 0x2c, 0xff, 0x00, 0xfe, 0x2f, 0xff,
    0x00, 0xff, 0x2d, 0xff, 0x00, 0xff, 0x2a, 0xff, 0x00, 0xff, 0x29, 0xff,
    0x04, 0xff, 0x2c, 0xff, 0x04, 0xff, 0x2c, 0xff, 0x01, 0xfa, 0x2c, 0xff,
    0x1f, 0xeb, 0x44, 0xf9, 0x0e, 0x79, 0x20, 0x37, 0x00, 0x00, 0x00, 0x00,
    0x00, 0x00, 0x00, 0x00, 0x00, 0x00, 0x00, 0x00, 0x00, 0x00, 0x00, 0x00,
    0x00, 0x00, 0x00, 0x00, 0x00, 0x00, 0x00, 0x00, 0x00, 0x00, 0x00, 0x00,
    0x00, 0x00, 0x00, 0x00, 0x00, 0x00, 0x00, 0x00, 0x00, 0x00, 0x00, 0x00,
    0x00, 0x00, 0x00, 0x00, 0x00, 0x00, 0x00, 0x00, 0x00, 0x00, 0x00, 0x00,
    0x00, 0x00, 0x00, 0x00, 0x00, 0x00, 0x00, 0x00, 0x00, 0x00, 0x00, 0x00,
    0x00, 0x00, 0x00, 0x00, 0x00, 0x00, 0x00, 0x00, 0x00, 0x00, 0x00, 0x00,
    0x00, 0x00, 0x00, 0x00, 0x00, 0x00, 0x00, 0x00, 0x00, 0x00, 0x00, 0x00,
    0x00, 0x00, 0x00, 0x00, 0x00, 0x00, 0x00, 0x00, 0x00, 0x00, 0x00, 0x00,
    0x00, 0x00, 0x00, 0x00, 0x08, 0x7a, 0x1d, 0xff, 0x1f, 0xeb, 0x44, 0xff,
    0x01, 0xfb, 0x2a, 0xff, 0x05, 0xfe, 0x2d, 0xff, 0x04, 0xff, 0x2c, 0xff,
    0x00, 0xfe, 0x2f, 0xff, 0x00, 0xff, 0x2d, 0xff, 0x00, 0xff, 0x2a, 0xff,
    0x00, 0xff, 0x29, 0xff, 0x04, 0xff, 0x2c, 0xff, 0x04, 0xff, 0x2c, 0xff,
    0x01, 0xfa, 0x2c, 0xff, 0x1f, 0xeb, 0x44, 0xf8, 0x0d, 0x77, 0x22, 0x3c,
    0x00, 0x00, 0x00, 0x00, 0x00, 0x00, 0x00, 0x00, 0x00, 0x00, 0x00, 0x00,
    0x00, 0x00, 0x00, 0x00, 0x00, 0x00, 0x00, 0x00, 0x00, 0x00, 0x00, 0x00,
    0x00, 0x00, 0x00, 0x00, 0x00, 0x00, 0x00, 0x00, 0x00, 0x00, 0x00, 0x00,
    0x00, 0x00, 0x00, 0x00, 0x00, 0x00, 0x00, 0x00, 0x00, 0x00, 0x00, 0x00,
    0x00, 0x00, 0x00, 0x00, 0x00, 0x00, 0x00, 0x00, 0x00, 0x00, 0x00, 0x00,
    0x00, 0x00, 0x00, 0x00, 0x00, 0x00, 0x00, 0x00, 0x00, 0x00, 0x00, 0x00,
    0x00, 0x00, 0x00, 0x00, 0x00, 0x00, 0x00, 0x00, 0x00, 0x00, 0x00, 0x00,
    0x00, 0x00, 0x00, 0x00, 0x00, 0x00, 0x00, 0x00, 0x00, 0x00, 0x00, 0x00,
    0x00, 0x00, 0x00, 0x00, 0x00, 0x00, 0x00, 0x00, 0x08, 0x7a, 0x1d, 0xff,
    0x1f, 0xeb, 0x44, 0xff, 0x01, 0xfb, 0x2a, 0xff, 0x05, 0xfe, 0x2d, 0xff,
    0x04, 0xff, 0x2c, 0xff, 0x00, 0xfe, 0x2f, 0xff, 0x00, 0xff, 0x2d, 0xff,
    0x00, 0xff, 0x2a, 0xff, 0x00, 0xff, 0x29, 0xff, 0x04, 0xff, 0x2c, 0xff,
    0x04, 0xff, 0x2c, 0xff, 0x01, 0xfa, 0x2c, 0xff, 0x1f, 0xeb, 0x44, 0xf9,
    0x0b, 0x77, 0x20, 0x47, 0x00, 0x00, 0x00, 0x00, 0x00, 0x00, 0x00, 0x00,
    0x00, 0x00, 0x00, 0x00, 0x00, 0x00, 0x00, 0x00, 0x00, 0x00, 0x00, 0x00,
    0x00, 0x00, 0x00, 0x00, 0x00, 0x00, 0x00, 0x00, 0x00, 0x00, 0x00, 0x00,
    0x00, 0x00, 0x00, 0x00, 0x00, 0x00, 0x00, 0x00, 0x00, 0x00, 0x00, 0x00,
    0x00, 0x00, 0x00, 0x00, 0x00, 0x00, 0x00, 0x00, 0x00, 0x00, 0x00, 0x00,
    0x00, 0x00, 0x00, 0x00, 0x00, 0x00, 0x00, 0x00, 0x00, 0x00, 0x00, 0x00,
    0x00, 0x00, 0x00, 0x00, 0x00, 0x00, 0x00, 0x00, 0x00, 0x00, 0x00, 0x00,
    0x00, 0x00, 0x00, 0x00, 0x00, 0x00, 0x00, 0x00, 0x00, 0x00, 0x00, 0x00,
    0x00, 0x00, 0x00, 0x00, 0x00, 0x00, 0x00, 0x00, 0x00, 0x00, 0x00, 0x00,
    0x08, 0x7a, 0x1d, 0xff, 0x1f, 0xeb, 0x44, 0xff, 0x01, 0xfb, 0x2a, 0xff,
    0x05, 0xfe, 0x2d, 0xff, 0x04, 0xff, 0x2c, 0xff, 0x00, 0xfe, 0x2f, 0xff,
    0x00, 0xff, 0x2d, 0xff, 0x00, 0xff, 0x2a, 0xff, 0x00, 0xff, 0x29, 0xff,
    0x04, 0xff, 0x2c, 0xff, 0x04, 0xff, 0x2c, 0xff, 0x01, 0xfa, 0x2c, 0xff,
    0x1f, 0xeb, 0x44, 0xfb, 0x0c, 0x78, 0x21, 0x55, 0x00, 0x00, 0x00, 0x00,
    0x00, 0x00, 0x00, 0x00, 0x00, 0x00, 0x00, 0x00, 0x00, 0x00, 0x00, 0x00,
    0x00, 0x00, 0x00, 0x00, 0x00, 0x00, 0x00, 0x00, 0x00, 0x00, 0x00, 0x00,
    0x00, 0x00, 0x00, 0x00, 0x00, 0x00, 0x00, 0x00, 0x00, 0x00, 0x00, 0x00,
    0x00, 0x00, 0x00, 0x00, 0x00, 0x00, 0x00, 0x00, 0x00, 0x00, 0x00, 0x00,
    0x00, 0x00, 0x00, 0x00, 0x00, 0x00, 0x00, 0x00, 0x00, 0x00, 0x00, 0x00,
    0x00, 0x00, 0x00, 0x00, 0x00, 0x00, 0x00, 0x00, 0x00, 0x00, 0x00, 0x00,
    0x00, 0x00, 0x00, 0x00, 0x00, 0x00, 0x00, 0x00, 0x00, 0x00, 0x00, 0x00,
    0x00, 0x00, 0x00, 0x00, 0x00, 0x00, 0x00, 0x00, 0x00, 0x00, 0x00, 0x00,
    0x00, 0x00, 0x00, 0x00, 0x08, 0x7a, 0x1d, 0xff, 0x1f, 0xeb, 0x44, 0xff,
    0x01, 0xfb, 0x2a, 0xff, 0x05, 0xfe, 0x2d, 0xff, 0x04, 0xff, 0x2c, 0xff,
    0x00, 0xfe, 0x2f, 0xff, 0x00, 0xff, 0x2d, 0xff, 0x00, 0xff, 0x2a, 0xff,
    0x00, 0xff, 0x29, 0xff, 0x04, 0xff, 0x2c, 0xff, 0x04, 0xff, 0x2c, 0xff,
    0x01, 0xfa, 0x2c, 0xff, 0x1f, 0xeb, 0x44, 0xfd, 0x0d, 0x77, 0x21, 0x65,
    0x00, 0x00, 0x00, 0x00, 0x00, 0x00, 0x00, 0x00, 0x00, 0x00, 0x00, 0x00,
    0x00, 0x00, 0x00, 0x00, 0x00, 0x00, 0x00, 0x00, 0x00, 0x00, 0x00, 0x00,
    0x00, 0x00, 0x00, 0x00, 0x00, 0x00, 0x00, 0x00, 0x00, 0x00, 0x00, 0x00,
    0x00, 0x00, 0x00, 0x00, 0x00, 0x00, 0x00, 0x00, 0x00, 0x00, 0x00, 0x00,
    0x00, 0x00, 0x00, 0x00, 0x00, 0x00, 0x00, 0x00, 0x00, 0x00, 0x00, 0x00,
    0x00, 0x00, 0x00, 0x00, 0x00, 0x00, 0x00, 0x00, 0x00, 0x00, 0x00, 0x00,
    0x00, 0x00, 0x00, 0x00, 0x00, 0x00, 0x00, 0x00, 0x00, 0x00, 0x00, 0x00,
    0x00, 0x00, 0x00, 0x00, 0x00, 0x00, 0x00, 0x00, 0x00, 0x00, 0x00, 0x00,
    0x00, 0x00, 0x00, 0x00, 0x00, 0x00, 0x00, 0x00, 0x08, 0x7a, 0x1d, 0xff,
    0x1f, 0xeb, 0x44, 0xff, 0x01, 0xfb, 0x2a, 0xff, 0x05, 0xfe, 0x2d, 0xff,
    0x04, 0xff, 0x2c, 0xff, 0x00, 0xfe, 0x2f, 0xff, 0x00, 0xff, 0x2d, 0xff,
    0x00, 0xff, 0x2a, 0xff, 0x00, 0xff, 0x29, 0xff, 0x04, 0xff, 0x2c, 0xff,
    0x04, 0xff, 0x2c, 0xff, 0x01, 0xfa, 0x2c, 0xff, 0x1f, 0xeb, 0x44, 0xfe,
    0x0b, 0x78, 0x21, 0x73, 0x00, 0x00, 0x00, 0x00, 0x00, 0x00, 0x00, 0x00,
    0x00, 0x00, 0x00, 0x00, 0x00, 0x00, 0x00, 0x00, 0x00, 0x00, 0x00, 0x00,
    0x00, 0x00, 0x00, 0x00, 0x00, 0x00, 0x00, 0x00, 0x00, 0x00, 0x00, 0x00,
    0x00, 0x00, 0x00, 0x00, 0x00, 0x00, 0x00, 0x00, 0x00, 0x00, 0x00, 0x00,
    0x00, 0x00, 0x00, 0x00, 0x00, 0x00, 0x00, 0x00, 0x00, 0x00, 0x00, 0x00,
    0x00, 0x00, 0x00, 0x00, 0x00, 0x00, 0x00, 0x00, 0x00, 0x00, 0x00, 0x00,
    0x00, 0x00, 0x00, 0x00, 0x00, 0x00, 0x00, 0x00, 0x00, 0x00, 0x00, 0x00,
    0x00, 0x00, 0x00, 0x00, 0x00, 0x00, 0x00, 0x00, 0x00, 0x00, 0x00, 0x00,
    0x00, 0x00, 0x00, 0x00, 0x00, 0x00, 0x00, 0x00, 0x00, 0x00, 0x00, 0x06,
    0x08, 0x7a, 0x1d, 0xff, 0x1f, 0xeb, 0x44, 0xff, 0x01, 0xfb, 0x2a, 0xff,
    0x05, 0xfe, 0x2d, 0xff, 0x04, 0xff, 0x2c, 0xff, 0x00, 0xfe, 0x2f, 0xff,
    0x00, 0xff, 0x2d, 0xff, 0x00, 0xff, 0x2a, 0xff, 0x00, 0xff, 0x29, 0xff,
    0x04, 0xff, 0x2c, 0xff, 0x04, 0xff, 0x2c, 0xff, 0x01, 0xfa, 0x2c, 0xff,
    0x1f, 0xeb, 0x44, 0xff, 0x0c, 0x77, 0x20, 0x7e, 0x00, 0x00, 0x00, 0x00,
    0x00, 0x00, 0x00, 0x00, 0x00, 0x00, 0x00, 0x00, 0x00, 0x00, 0x00, 0x00,
    0x00, 0x00, 0x00, 0x00, 0x00, 0x00, 0x00, 0x00, 0x00, 0x00, 0x00, 0x00,
    0x00, 0x00, 0x00, 0x00, 0x00, 0x00, 0x00, 0x00, 0x00, 0x00, 0x00, 0x00,
    0x00, 0x00, 0x00, 0x00, 0x00, 0x00, 0x00, 0x00, 0x00, 0x00, 0x00, 0x00,
    0x00, 0x00, 0x00, 0x00, 0x00, 0x00, 0x00, 0x00, 0x00, 0x00, 0x00, 0x00,
    0x00, 0x00, 0x00, 0x00, 0x00, 0x00, 0x00, 0x00, 0x00, 0x00, 0x00, 0x00,
    0x00, 0x00, 0x00, 0x00, 0x00, 0x00, 0x00, 0x00, 0x00, 0x00, 0x00, 0x00,
    0x00, 0x00, 0x00, 0x00, 0x00, 0x00, 0x00, 0x00, 0x00, 0x00, 0x00, 0x00,
    0x00, 0x15, 0x00, 0x0c, 0x08, 0x7a, 0x1d, 0xff, 0x1f, 0xeb, 0x44, 0xff,
    0x01, 0xfb, 0x2a, 0xff, 0x05, 0xfe, 0x2d, 0xff, 0x04, 0xff, 0x2c, 0xff,
    0x00, 0xfe, 0x2f, 0xff, 0x00, 0xff, 0x2d, 0xff, 0x00, 0xff, 0x2a, 0xff,
    0x00, 0xff, 0x29, 0xff, 0x04, 0xff, 0x2c, 0xff, 0x04, 0xff, 0x2c, 0xff,
    0x01, 0xfa, 0x2c, 0xff, 0x1f, 0xeb, 0x44, 0xff, 0x0c, 0x77, 0x21, 0x83,
    0x00, 0x00, 0x00, 0x00, 0x00, 0x00, 0x00, 0x00, 0x00, 0x00, 0x00, 0x00,
    0x00, 0x00, 0x00, 0x00, 0x00, 0x00, 0x00, 0x00, 0x00, 0x00, 0x00, 0x00,
    0x00, 0x00, 0x00, 0x00, 0x00, 0x00, 0x00, 0x00, 0x00, 0x00, 0x00, 0x00,
    0x00, 0x00, 0x00, 0x00, 0x00, 0x00, 0x00, 0x00, 0x00, 0x00, 0x00, 0x00,
    0x00, 0x00, 0x00, 0x00, 0x00, 0x00, 0x00, 0x00, 0x00, 0x00, 0x00, 0x00,
    0x00, 0x00, 0x00, 0x00, 0x00, 0x00, 0x00, 0x00, 0x00, 0x00, 0x00, 0x00,
    0x00, 0x00, 0x00, 0x00, 0x00, 0x00, 0x00, 0x00, 0x00, 0x00, 0x00, 0x00,
    0x00, 0x00, 0x00, 0x00, 0x00, 0x00, 0x00, 0x00, 0x00, 0x00, 0x00, 0x00,
    0x00, 0x00, 0x00, 0x00, 0x00, 0x15, 0x00, 0x0c, 0x08, 0x7a, 0x1d, 0xff,
    0x1f, 0xeb, 0x44, 0xff, 0x01, 0xfb, 0x2a, 0xff, 0x05, 0xfe, 0x2d, 0xff,
    0x04, 0xff, 0x2c, 0xff, 0x00, 0xfe, 0x2f, 0xff, 0x00, 0xff, 0x2d, 0xff,
    0x00, 0xff, 0x2a, 0xff, 0x00, 0xff, 0x29, 0xff, 0x04, 0xff, 0x2c, 0xff,
    0x04, 0xff, 0x2c, 0xff, 0x01, 0xfa, 0x2c, 0xff, 0x1f, 0xeb, 0x44, 0xff,
    0x0b, 0x76, 0x22, 0x88, 0x00, 0x00, 0x00, 0x00, 0x00, 0x00, 0x00, 0x00,
    0x00, 0x00, 0x00, 0x00, 0x00, 0x00, 0x00, 0x00, 0x00, 0x00, 0x00, 0x00,
    0x00, 0x00, 0x00, 0x00, 0x00, 0x00, 0x00, 0x00, 0x00, 0x00, 0x00, 0x00,
    0x00, 0x00, 0x00, 0x00, 0x00, 0x00, 0x00, 0x00, 0x00, 0x00, 0x00, 0x00,
    0x00, 0x00, 0x00, 0x00, 0x00, 0x00, 0x00, 0x00, 0x00, 0x00, 0x00, 0x00,
    0x00, 0x00, 0x00, 0x00, 0x00, 0x00, 0x00, 0x00, 0x00, 0x00, 0x00, 0x00,
    0x00, 0x00, 0x00, 0x00, 0x00, 0x00, 0x00, 0x00, 0x00, 0x00, 0x00, 0x00,
    0x00, 0x00, 0x00, 0x00, 0x00, 0x00, 0x00, 0x00, 0x00, 0x00, 0x00, 0x00,
    0x00, 0x00, 0x00, 0x00, 0x00, 0x00, 0x00, 0x00, 0x00, 0x15, 0x00, 0x0c,
    0x08, 0x7a, 0x1d, 0xff, 0x1f, 0xeb, 0x44, 0xff, 0x01, 0xfb, 0x2a, 0xff,
    0x05, 0xfe, 0x2d, 0xff, 0x04, 0xff, 0x2c, 0xff, 0x00, 0xfe, 0x2f, 0xff,
    0x00, 0xff, 0x2d, 0xff, 0x00, 0xff, 0x2a, 0xff, 0x00, 0xff, 0x29, 0xff,
    0x04, 0xff, 0x2c, 0xff, 0x04, 0xff, 0x2c, 0xff, 0x01, 0xfa, 0x2c, 0xff,
    0x1f, 0xeb, 0x44, 0xff, 0x0d, 0x77, 0x21, 0x8b, 0x00, 0x00, 0x00, 0x00,
    0x00, 0x00, 0x00, 0x00, 0x00, 0x00, 0x00, 0x00, 0x00, 0x00, 0x00, 0x00,
    0x00, 0x00, 0x00, 0x00, 0x00, 0x00, 0x00, 0x00, 0x00, 0x00, 0x00, 0x00,
    0x00, 0x00, 0x00, 0x00, 0x00, 0x00, 0x00, 0x00, 0x00, 0x00, 0x00, 0x00,
    0x00, 0x00, 0x00, 0x00, 0x00, 0x00, 0x00, 0x00, 0x00, 0x00, 0x00, 0x00,
    0x00, 0x00, 0x00, 0x00, 0x00, 0x00, 0x00, 0x00, 0x00, 0x00, 0x00, 0x00,
    0x00, 0x00, 0x00, 0x00, 0x00, 0x00, 0x00, 0x00, 0x00, 0x00, 0x00, 0x00,
    0x00, 0x00, 0x00, 0x00, 0x00, 0x00, 0x00, 0x00, 0x00, 0x00, 0x00, 0x00,
    0x00, 0x00, 0x00, 0x00, 0x00, 0x00, 0x00, 0x00, 0x00, 0x00, 0x00, 0x00,
    0x00, 0x15, 0x00, 0x0c, 0x08, 0x7a, 0x1d, 0xff, 0x1f, 0xeb, 0x44, 0xff,
    0x01, 0xfb, 0x2a, 0xff, 0x05, 0xfe, 0x2d, 0xff, 0x04, 0xff, 0x2c, 0xff,
    0x00, 0xfe, 0x2f, 0xff, 0x00, 0xff, 0x2d, 0xff, 0x00, 0xff, 0x2a, 0xff,
    0x00, 0xff, 0x29, 0xff, 0x04, 0xff, 0x2c, 0xff, 0x04, 0xff, 0x2c, 0xff,
    0x01, 0xfa, 0x2c, 0xff, 0x1f, 0xeb, 0x44, 0xff, 0x0d, 0x77, 0x21, 0x8d,
    0x00, 0x00, 0x00, 0x00, 0x00, 0x00, 0x00, 0x00, 0x00, 0x00, 0x00, 0x00,
    0x00, 0x00, 0x00, 0x00, 0x00, 0x00, 0x00, 0x00, 0x00, 0x00, 0x00, 0x00,
    0x00, 0x00, 0x00, 0x00, 0x00, 0x00, 0x00, 0x00, 0x00, 0x00, 0x00, 0x00,
    0x00, 0x00, 0x00, 0x00, 0x00, 0x00, 0x00, 0x00, 0x00, 0x00, 0x00, 0x00,
    0x00, 0x00, 0x00, 0x00, 0x00, 0x00, 0x00, 0x00, 0x00, 0x00, 0x00, 0x00,
    0x00, 0x00, 0x00, 0x00, 0x00, 0x00, 0x00, 0x00, 0x00, 0x00, 0x00, 0x00,
    0x00, 0x00, 0x00, 0x00, 0x00, 0x00, 0x00, 0x00, 0x00, 0x00, 0x00, 0x00,
    0x00, 0x00, 0x00, 0x00, 0x00, 0x00, 0x00, 0x00, 0x00, 0x00, 0x00, 0x00,
    0x00, 0x00, 0x00, 0x00, 0x00, 0x15, 0x00, 0x0c, 0x08, 0x7a, 0x1d, 0xff,
    0x1f, 0xeb, 0x44, 0xff, 0x01, 0xfb, 0x2a, 0xff, 0x05, 0xfe, 0x2d, 0xff,
    0x04, 0xff, 0x2c, 0xff, 0x00, 0xfe, 0x2f, 0xff, 0x00, 0xff, 0x2d, 0xff,
    0x00, 0xff, 0x2a, 0xff, 0x00, 0xff, 0x29, 0xff, 0x04, 0xff, 0x2c, 0xff,
    0x04, 0xff, 0x2c, 0xff, 0x01, 0xfa, 0x2c, 0xff, 0x1f, 0xeb, 0x44, 0xff,
    0x0d, 0x77, 0x20, 0x8e, 0x00, 0x00, 0x00, 0x00, 0x00, 0x00, 0x00, 0x00,
    0x00, 0x00, 0x00, 0x00, 0x00, 0x00, 0x00, 0x00, 0x00, 0x00, 0x00, 0x00,
    0x00, 0x00, 0x00, 0x00, 0x00, 0x00, 0x00, 0x00, 0x00, 0x00, 0x00, 0x00,
    0x00, 0x00, 0x00, 0x00, 0x00, 0x00, 0x00, 0x00, 0x00, 0x00, 0x00, 0x00,
    0x00, 0x00, 0x00, 0x00, 0x00, 0x00, 0x00, 0x00, 0x00, 0x00, 0x00, 0x00,
    0x00, 0x00, 0x00, 0x00, 0x00, 0x00, 0x00, 0x00, 0x00, 0x00, 0x00, 0x00,
    0x00, 0x00, 0x00, 0x00, 0x00, 0x00, 0x00, 0x00, 0x00, 0x00, 0x00, 0x00,
    0x00, 0x00, 0x00, 0x00, 0x00, 0x00, 0x00, 0x00, 0x00, 0x00, 0x00, 0x00,
    0x00, 0x00, 0x00, 0x00, 0x00, 0x00, 0x00, 0x00, 0x00, 0x15, 0x00, 0x0c,
    0x08, 0x7a, 0x1d, 0xff, 0x1f, 0xeb, 0x44, 0xff, 0x01, 0xfb, 0x2a, 0xff,
    0x05, 0xfe, 0x2d, 0xff, 0x04, 0xff, 0x2c, 0xff, 0x00, 0xfe, 0x2f, 0xff,
    0x00, 0xff, 0x2d, 0xff, 0x00, 0xff, 0x2a, 0xff, 0x00, 0xff, 0x29, 0xff,
    0x04, 0xff, 0x2c, 0xff, 0x04, 0xff, 0x2c, 0xff, 0x01, 0xfa, 0x2c, 0xff,
    0x1f, 0xeb, 0x44, 0xff, 0x0c, 0x77, 0x22, 0x8f, 0x00, 0x00, 0x00, 0x00,
    0x00, 0x00, 0x00, 0x00, 0x00, 0x00, 0x00, 0x00, 0x00, 0x00, 0x00, 0x00,
    0x00, 0x00, 0x00, 0x00, 0x00, 0x00, 0x00, 0x00, 0x00, 0x00, 0x00, 0x00,
    0x00, 0x00, 0x00, 0x00, 0x00, 0x00, 0x00, 0x00, 0x00, 0x00, 0x00, 0x00,
    0x00, 0x00, 0x00, 0x00, 0x00, 0x00, 0x00, 0x00, 0x00, 0x00, 0x00, 0x00,
    0x00, 0x00, 0x00, 0x00, 0x00, 0x00, 0x00, 0x00, 0x00, 0x00, 0x00, 0x00,
    0x00, 0x00, 0x00, 0x00, 0x00, 0x00, 0x00, 0x00, 0x00, 0x00, 0x00, 0x00,
    0x00, 0x00, 0x00, 0x00, 0x00, 0x00, 0x00, 0x00, 0x00, 0x00, 0x00, 0x00,
    0x00, 0x00, 0x00, 0x00, 0x00, 0x00, 0x00, 0x00, 0x00, 0x00, 0x00, 0x00,
    0x00, 0x15, 0x00, 0x0c, 0x08, 0x7a, 0x1d, 0xff, 0x1f, 0xeb, 0x44, 0xff,
    0x01, 0xfb, 0x2a, 0xff, 0x05, 0xfe, 0x2d, 0xff, 0x04, 0xff, 0x2c, 0xff,
    0x00, 0xfe, 0x2f, 0xff, 0x00, 0xff, 0x2d, 0xff, 0x00, 0xff, 0x2a, 0xff,
    0x00, 0xff, 0x29, 0xff, 0x04, 0xff, 0x2c, 0xff, 0x04, 0xff, 0x2c, 0xff,
    0x01, 0xfa, 0x2c, 0xff, 0x1f, 0xeb, 0x44, 0xff, 0x0c, 0x77, 0x22, 0x8f,
    0x00, 0x00, 0x00, 0x00, 0x00, 0x00, 0x00, 0x00, 0x00, 0x00, 0x00, 0x00,
    0x00, 0x00, 0x00, 0x00, 0x00, 0x00, 0x00, 0x00, 0x00, 0x00, 0x00, 0x00,
    0x00, 0x00, 0x00, 0x00, 0x00, 0x00, 0x00, 0x00, 0x00, 0x00, 0x00, 0x00,
    0x00, 0x00, 0x00, 0x00, 0x00, 0x00, 0x00, 0x00, 0x00, 0x00, 0x00, 0x00,
    0x00, 0x00, 0x00, 0x00, 0x00, 0x00, 0x00, 0x00, 0x00, 0x00, 0x00, 0x00,
    0x00, 0x00, 0x00, 0x00, 0x00, 0x00, 0x00, 0x00, 0x00, 0x00, 0x00, 0x00,
    0x00, 0x00, 0x00, 0x00, 0x00, 0x00, 0x00, 0x00, 0x00, 0x00, 0x00, 0x00,
    0x00, 0x00, 0x00, 0x00, 0x00, 0x00, 0x00, 0x00, 0x00, 0x00, 0x00, 0x00,
    0x00, 0x00, 0x00, 0x00, 0x00, 0x15, 0x00, 0x0c, 0x08, 0x7a, 0x1d, 0xff,
    0x1f, 0xeb, 0x44, 0xff, 0x01, 0xfb, 0x2a, 0xff, 0x05, 0xfe, 0x2d, 0xff,
    0x04, 0xff, 0x2c, 0xff, 0x00, 0xfe, 0x2f, 0xff, 0x00, 0xff, 0x2d, 0xff,
    0x00, 0xff, 0x2a, 0xff, 0x00, 0xff, 0x29, 0xff, 0x04, 0xff, 0x2c, 0xff,
    0x04, 0xff, 0x2c, 0xff, 0x01, 0xfa, 0x2c, 0xff, 0x1f, 0xeb, 0x44, 0xff,
    0x0b, 0x78, 0x20, 0x86, 0x00, 0x00, 0x00, 0x00, 0x00, 0x00, 0x00, 0x00,
    0x00, 0x00, 0x00, 0x00, 0x00, 0x00, 0x00, 0x00, 0x00, 0x00, 0x00, 0x00,
    0x00, 0x00, 0x00, 0x00, 0x00, 0x00, 0x00, 0x00, 0x00, 0x00, 0x00, 0x00,
    0x00, 0x00, 0x00, 0x00, 0x00, 0x00, 0x00, 0x00, 0x00, 0x00, 0x00, 0x00,
    0x00, 0x00, 0x00, 0x00, 0x00, 0x00, 0x00, 0x00, 0x00, 0x00, 0x00, 0x00,
    0x00, 0x00, 0x00, 0x00, 0x00, 0x00, 0x00, 0x00, 0x00, 0x00, 0x00, 0x00,
    0x00, 0x00, 0x00, 0x00, 0x00, 0x00, 0x00, 0x00, 0x00, 0x00, 0x00, 0x00,
    0x00, 0x00, 0x00, 0x00, 0x00, 0x00, 0x00, 0x00, 0x00, 0x00, 0x00, 0x00,
    0x00, 0x00, 0x00, 0x00, 0x00, 0x00, 0x00, 0x00, 0x00, 0x15, 0x00, 0x0c,
    0x08, 0x7a, 0x1d, 0xff, 0x21, 0xea, 0x47, 0xff, 0x02, 0xf9, 0x2d, 0xff,
    0x05, 0xfe, 0x2d, 0xff, 0x04, 0xff, 0x2a, 0xff, 0x00, 0xff, 0x2d, 0xff,
    0x00, 0xff, 0x2d, 0xff, 0x00, 0xff, 0x2c, 0xff, 0x00, 0xff, 0x2c, 0xff,
    0x04, 0xff, 0x2c, 0xff, 0x04, 0xff, 0x2c, 0xff, 0x01, 0xfb, 0x2a, 0xff,
    0x21, 0xeb, 0x44, 0xff, 0x0b, 0x78, 0x21, 0x73, 0x00, 0x00, 0x00, 0x00,
    0x00, 0x00, 0x00, 0x00, 0x00, 0x00, 0x00, 0x00, 0x00, 0x00, 0x00, 0x00,
    0x00, 0x00, 0x00, 0x00, 0x00, 0x00, 0x00, 0x00, 0x00, 0x00, 0x00, 0x00,
    0x00, 0x00, 0x00, 0x00, 0x00, 0x00, 0x00, 0x00, 0x00, 0x00, 0x00, 0x00,
    0x00, 0x00, 0x00, 0x00, 0x00, 0x00, 0x00, 0x00, 0x00, 0x00, 0x00, 0x00,
    0x00, 0x00, 0x00, 0x00, 0x00, 0x00, 0x00, 0x00, 0x00, 0x00, 0x00, 0x00,
    0x00, 0x00, 0x00, 0x00, 0x00, 0x00, 0x00, 0x00, 0x00, 0x00, 0x00, 0x00,
    0x00, 0x00, 0x00, 0x00, 0x00, 0x00, 0x00, 0x00, 0x00, 0x00, 0x00, 0x00,
    0x00, 0x00, 0x00, 0x00, 0x00, 0x00, 0x00, 0x00, 0x00, 0x00, 0x00, 0x00,
    0x00, 0x15, 0x00, 0x0c, 0x08, 0x77, 0x1b, 0xff, 0x27, 0xe9, 0x4f, 0xff,
    0x03, 0xf5, 0x32, 0xff, 0x07, 0xfd, 0x2d, 0xff, 0x02, 0xff, 0x28, 0xff,
    0x00, 0xff, 0x2a, 0xff, 0x00, 0xff, 0x2c, 0xff, 0x00, 0xfe, 0x2f, 0xff,
    0x02, 0xfe, 0x2f, 0xff, 0x04, 0xff, 0x2c, 0xff, 0x04, 0xff, 0x2a, 0xff,
    0x02, 0xfc, 0x27, 0xff, 0x25, 0xee, 0x46, 0xff, 0x0b, 0x75, 0x1e, 0x5e,
    0x00, 0x00, 0x00, 0x00, 0x00, 0x00, 0x00, 0x00, 0x00, 0x00, 0x00, 0x00,
    0x00, 0x00, 0x00, 0x00, 0x00, 0x00, 0x00, 0x00, 0x00, 0x00, 0x00, 0x00,
    0x00, 0x00, 0x00, 0x00, 0x00, 0x00, 0x00, 0x00, 0x00, 0x00, 0x00, 0x00,
    0x00, 0x00, 0x00, 0x00, 0x00, 0x00, 0x00, 0x00, 0x00, 0x00, 0x00, 0x00,
    0x00, 0x00, 0x00, 0x00, 0x00, 0x00, 0x00, 0x00, 0x00, 0x00, 0x00, 0x00,
    0x00, 0x00, 0x00, 0x00, 0x00, 0x00, 0x00, 0x00, 0x00, 0x00, 0x00, 0x00,
    0x00, 0x00, 0x00, 0x00, 0x00, 0x00, 0x00, 0x00, 0x00, 0x00, 0x00, 0x00,
    0x00, 0x00, 0x00, 0x00, 0x00, 0x00, 0x00, 0x00, 0x00, 0x00, 0x00, 0x00,
    0x00, 0x00, 0x00, 0x00, 0x00, 0x15, 0x00, 0x0c, 0x09, 0x78, 0x1c, 0xff,
    0x25, 0xe9, 0x4f, 0xff, 0x03, 0xf4, 0x33, 0xff, 0x05, 0xfe, 0x2d, 0xff,
    0x02, 0xff, 0x28, 0xff, 0x00, 0xff, 0x29, 0xff, 0x00, 0xff, 0x2c, 0xff,
    0x02, 0xfd, 0x30, 0xff, 0x04, 0xfd, 0x30, 0xff, 0x04, 0xff, 0x2c, 0xff,
    0x04, 0xff, 0x2a, 0xff, 0x01, 0xfb, 0x26, 0xff, 0x24, 0xef, 0x44, 0xff,
    0x08, 0x75, 0x20, 0x3f, 0x00, 0x00, 0x00, 0x00, 0x00, 0x00, 0x00, 0x00,
    0x00, 0x00, 0x00, 0x00, 0x00, 0x00, 0x00, 0x00, 0x00, 0x00, 0x00, 0x00,
    0x00, 0x00, 0x00, 0x00, 0x00, 0x00, 0x00, 0x00, 0x00, 0x00, 0x00, 0x00,
    0x00, 0x00, 0x00, 0x00, 0x00, 0x00, 0x00, 0x00, 0x00, 0x00, 0x00, 0x00,
    0x00, 0x00, 0x00, 0x00, 0x00, 0x00, 0x00, 0x00, 0x00, 0x00, 0x00, 0x00,
    0x00, 0x00, 0x00, 0x00, 0x00, 0x00, 0x00, 0x00, 0x00, 0x00, 0x00, 0x00,
    0x00, 0x00, 0x00, 0x00, 0x00, 0x00, 0x00, 0x00, 0x00, 0x00, 0x00, 0x00,
    0x00, 0x00, 0x00, 0x00, 0x00, 0x00, 0x00, 0x00, 0x00, 0x00, 0x00, 0x00,
    0x00, 0x00, 0x00, 0x00, 0x00, 0x00, 0x00, 0x00, 0x00, 0x15, 0x00, 0x0c,
    0x0a, 0x7a, 0x1c, 0xff, 0x22, 0xec, 0x4b, 0xff, 0x00, 0xf7, 0x2f, 0xff,
    0x04, 0xfe, 0x2d, 0xff, 0x04, 0xff, 0x2a, 0xff, 0x00, 0xff, 0x2a, 0xff,
    0x00, 0xff, 0x2c, 0xff, 0x02, 0xfe, 0x2f, 0xff, 0x02, 0xfe, 0x2f, 0xff,
    0x04, 0xfe, 0x2d, 0xff, 0x04, 0xff, 0x2c, 0xff, 0x00, 0xfc, 0x25, 0xff,
    0x20, 0xf2, 0x41, 0xff, 0x06, 0x77, 0x1c, 0x2d, 0x00, 0x00, 0x00, 0x00,
    0x00, 0x00, 0x00, 0x00, 0x00, 0x00, 0x00, 0x00, 0x00, 0x00, 0x00, 0x00,
    0x00, 0x00, 0x00, 0x00, 0x00, 0x00, 0x00, 0x00, 0x00, 0x00, 0x00, 0x00,
    0x00, 0x00, 0x00, 0x00, 0x00, 0x00, 0x00, 0x00, 0x00, 0x00, 0x00, 0x00,
    0x00, 0x00, 0x00, 0x00, 0x00, 0x00, 0x00, 0x00, 0x00, 0x00, 0x00, 0x00,
    0x00, 0x00, 0x00, 0x00, 0x00, 0x00, 0x00, 0x00, 0x00, 0x00, 0x00, 0x00,
    0x00, 0x00, 0x00, 0x00, 0x00, 0x00, 0x00, 0x00, 0x00, 0x00, 0x00, 0x00,
    0x00, 0x00, 0x00, 0x00, 0x00, 0x00, 0x00, 0x00, 0x00, 0x00, 0x00, 0x00,
    0x00, 0x00, 0x00, 0x00, 0x00, 0x00, 0x00, 0x00, 0x00, 0x00, 0x00, 0x00,
    0x00, 0x15, 0x00, 0x0c, 0x0a, 0x7a, 0x1c, 0xff, 0x1d, 0xef, 0x47, 0xff,
    0x00, 0xfb, 0x2b, 0xff, 0x00, 0xff, 0x2d, 0xff, 0x02, 0xff, 0x2c, 0xff,
    0x00, 0xff, 0x2a, 0xff, 0x00, 0xff, 0x2a, 0xff, 0x02, 0xff, 0x2c, 0xff,
    0x02, 0xfe, 0x2d, 0xff, 0x02, 0xfe, 0x2d, 0xff, 0x00, 0xff, 0x2c, 0xff,
    0x00, 0xfe, 0x24, 0xff, 0x1b, 0xf3, 0x40, 0xff, 0x08, 0x80, 0x17, 0x22,
    0x00, 0x00, 0x00, 0x00, 0x00, 0x00, 0x00, 0x00, 0x00, 0x00, 0x00, 0x00,
    0x00, 0x00, 0x00, 0x00, 0x00, 0x00, 0x00, 0x00, 0x00, 0x00, 0x00, 0x00,
    0x00, 0x00, 0x00, 0x00, 0x00, 0x00, 0x00, 0x00, 0x00, 0x00, 0x00, 0x00,
    0x00, 0x00, 0x00, 0x00, 0x00, 0x00, 0x00, 0x00, 0x00, 0x00, 0x00, 0x00,
    0x00, 0x00, 0x00, 0x00, 0x00, 0x00, 0x00, 0x00, 0x00, 0x00, 0x00, 0x00,
    0x00, 0x00, 0x00, 0x00, 0x00, 0x00, 0x00, 0x00, 0x00, 0x00, 0x00, 0x00,
    0x00, 0x00, 0x00, 0x00, 0x00, 0x00, 0x00, 0x00, 0x00, 0x00, 0x00, 0x00,
    0x00, 0x00, 0x00, 0x00, 0x00, 0x00, 0x00, 0x00, 0x00, 0x00, 0x00, 0x00,
    0x00, 0x00, 0x00, 0x00, 0x00, 0x15, 0x00, 0x0c, 0x08, 0x78, 0x1a, 0xff,
    0x18, 0xf1, 0x42, 0xff, 0x00, 0xff, 0x26, 0xff, 0x00, 0xff, 0x2a, 0xff,
    0x00, 0xff, 0x2a, 0xff, 0x02, 0xff, 0x2a, 0xff, 0x04, 0xff, 0x2a, 0xff,
    0x02, 0xff, 0x29, 0xff, 0x00, 0xff, 0x29, 0xff, 0x00, 0xff, 0x2c, 0xff,
    0x00, 0xff, 0x2a, 0xff, 0x00, 0xff, 0x23, 0xff, 0x15, 0xf6, 0x3d, 0xff,
    0x00, 0x7a, 0x14, 0x19, 0x00, 0x00, 0x00, 0x00, 0x00, 0x00, 0x00, 0x00,
    0x00, 0x00, 0x00, 0x00, 0x00, 0x00, 0x00, 0x00, 0x00, 0x00, 0x00, 0x00,
    0x00, 0x00, 0x00, 0x00, 0x00, 0x00, 0x00, 0x00, 0x00, 0x00, 0x00, 0x00,
    0x00, 0x00, 0x00, 0x00, 0x00, 0x00, 0x00, 0x00, 0x00, 0x00, 0x00, 0x00,
    0x00, 0x00, 0x00, 0x00, 0x00, 0x00, 0x00, 0x00, 0x00, 0x00, 0x00, 0x00,
    0x00, 0x00, 0x00, 0x00, 0x00, 0x00, 0x00, 0x00, 0x00, 0x00, 0x00, 0x00,
    0x00, 0x00, 0x00, 0x00, 0x00, 0x00, 0x00, 0x00, 0x00, 0x00, 0x00, 0x00,
    0x00, 0x00, 0x00, 0x00, 0x00, 0x00, 0x00, 0x00, 0x00, 0x00, 0x00, 0x00,
    0x00, 0x00, 0x00, 0x00, 0x00, 0x00, 0x00, 0x00, 0x00, 0x15, 0x00, 0x0c,
    0x08, 0x75, 0x19, 0xff, 0x16, 0xf3, 0x3f, 0xff, 0x00, 0xff, 0x26, 0xff,
    0x00, 0xff, 0x2a, 0xff, 0x00, 0xff, 0x2c, 0xff, 0x05, 0xfe, 0x2d, 0xff,
    0x05, 0xfe, 0x2c, 0xff, 0x02, 0xff, 0x29, 0xff, 0x00, 0xff, 0x29, 0xff,
    0x00, 0xff, 0x2d, 0xff, 0x00, 0xff, 0x2c, 0xff, 0x00, 0xff, 0x26, 0xff,
    0x16, 0xf4, 0x3e, 0xfb, 0x00, 0x77, 0x19, 0x1e, 0x00, 0x00, 0x00, 0x00,
    0x00, 0x00, 0x00, 0x00, 0x00, 0x00, 0x00, 0x00, 0x00, 0x00, 0x00, 0x00,
    0x00, 0x00, 0x00, 0x00, 0x00, 0x00, 0x00, 0x00, 0x00, 0x00, 0x00, 0x00,
    0x00, 0x00, 0x00, 0x00, 0x00, 0x00, 0x00, 0x00, 0x00, 0x00, 0x00, 0x00,
    0x00, 0x00, 0x00, 0x00, 0x00, 0x00, 0x00, 0x00, 0x00, 0x00, 0x00, 0x00,
    0x00, 0x00, 0x00, 0x00, 0x00, 0x00, 0x00, 0x00, 0x00, 0x00, 0x00, 0x00,
    0x00, 0x00, 0x00, 0x00, 0x00, 0x00, 0x00, 0x00, 0x00, 0x00, 0x00, 0x00,
    0x00, 0x00, 0x00, 0x00, 0x00, 0x00, 0x00, 0x00, 0x00, 0x00, 0x00, 0x00,
    0x00, 0x00, 0x00, 0x00, 0x00, 0x00, 0x00, 0x00, 0x00, 0x00, 0x00, 0x00,
    0x00, 0x15, 0x00, 0x0c, 0x08, 0x71, 0x1a, 0xff, 0x17, 0xf1, 0x3f, 0xff,
    0x00, 0xff, 0x27, 0xff, 0x00, 0xff, 0x2c, 0xff, 0x05, 0xfd, 0x2f, 0xff,
    0x09, 0xfb, 0x31, 0xff, 0x07, 0xfb, 0x31, 0xff, 0x02, 0xfe, 0x2d, 0xff,
    0x02, 0xfe, 0x2d, 0xff, 0x05, 0xfb, 0x31, 0xff, 0x05, 0xfc, 0x30, 0xff,
    0x01, 0xfe, 0x2b, 0xff, 0x1f, 0xed, 0x41, 0xf2, 0x00, 0x76, 0x14, 0x0d,
    0x00, 0x00, 0x00, 0x00, 0x00, 0x00, 0x00, 0x00, 0x00, 0x00, 0x00, 0x00,
    0x00, 0x00, 0x00, 0x00, 0x00, 0x00, 0x00, 0x00, 0x00, 0x00, 0x00, 0x00,
    0x00, 0x00, 0x00, 0x00, 0x00, 0x00, 0x00, 0x00, 0x00, 0x00, 0x00, 0x00,
    0x00, 0x00, 0x00, 0x00, 0x00, 0x00, 0x00, 0x00, 0x00, 0x00, 0x00, 0x00,
    0x00, 0x00, 0x00, 0x00, 0x00, 0x00, 0x00, 0x00, 0x00, 0x00, 0x00, 0x00,
    0x00, 0x00, 0x00, 0x00, 0x00, 0x00, 0x00, 0x00, 0x00, 0x00, 0x00, 0x00,
    0x00, 0x00, 0x00, 0x00, 0x00, 0x00, 0x00, 0x00, 0x00, 0x00, 0x00, 0x00,
    0x00, 0x00, 0x00, 0x00, 0x00, 0x00, 0x00, 0x00, 0x00, 0x00, 0x00, 0x00,
    0x00, 0x00, 0x00, 0x00, 0x00, 0x15, 0x00, 0x0c, 0x0c, 0x6d, 0x1d, 0xff,
    0x1d, 0xec, 0x43, 0xff, 0x00, 0xff, 0x2b, 0xff, 0x00, 0xff, 0x2c, 0xff,
    0x04, 0xfe, 0x2d, 0xff, 0x09, 0xfb, 0x31, 0xff, 0x09, 0xfb, 0x31, 0xff,
    0x04, 0xfe, 0x2d, 0xff, 0x02, 0xfe, 0x2d, 0xff, 0x05, 0xfc, 0x30, 0xff,
    0x07, 0xfb, 0x31, 0xff, 0x04, 0xfb, 0x2f, 0xff, 0x23, 0xe8, 0x46, 0xd2,
    0x00, 0x00, 0x00, 0x00, 0x00, 0x00, 0x00, 0x00, 0x00, 0x00, 0x00, 0x00,
    0x00, 0x00, 0x00, 0x00, 0x00, 0x00, 0x00, 0x00, 0x00, 0x00, 0x00, 0x00,
    0x00, 0x00, 0x00, 0x00, 0x00, 0x00, 0x00, 0x00, 0x00, 0x00, 0x00, 0x00,
    0x00, 0x00, 0x00, 0x00, 0x00, 0x00, 0x00, 0x00, 0x00, 0x00, 0x00, 0x00,
    0x00, 0x00, 0x00, 0x00, 0x00, 0x00, 0x00, 0x00, 0x00, 0x00, 0x00, 0x00,
    0x00, 0x00, 0x00, 0x00, 0x00, 0x00, 0x00, 0x00, 0x00, 0x00, 0x00, 0x00,
    0x00, 0x00, 0x00, 0x00, 0x00, 0x00, 0x00, 0x00, 0x00, 0x00, 0x00, 0x00,
    0x00, 0x00, 0x00, 0x00, 0x00, 0x00, 0x00, 0x00, 0x00, 0x00, 0x00, 0x00,
    0x00, 0x00, 0x00, 0x00, 0x00, 0x00, 0x00, 0x00, 0x00, 0x00, 0x00, 0x00,
    0x03, 0x59, 0x12, 0xc2, 0x2a, 0xe6, 0x4b, 0xff, 0x07, 0xfd, 0x33, 0xff,
    0x00, 0xfe, 0x27, 0xff, 0x00, 0xff, 0x2b, 0xff, 0x05, 0xfe, 0x2d, 0xff,
    0x0a, 0xfe, 0x2e, 0xff, 0x05, 0xff, 0x2b, 0xff, 0x00, 0xff, 0x29, 0xff,
    0x00, 0xff, 0x2e, 0xff, 0x00, 0xfb, 0x2c, 0xff, 0x07, 0xff, 0x34, 0xff,
    0x26, 0xe5, 0x49, 0xb3, 0x00, 0x00, 0x00, 0x00, 0x00, 0x00, 0x00, 0x00,
    0x00, 0x00, 0x00, 0x00, 0x00, 0x00, 0x00, 0x00, 0x00, 0x00, 0x00, 0x00,
    0x00, 0x00, 0x00, 0x00, 0x00, 0x00, 0x00, 0x00, 0x00, 0x00, 0x00, 0x00,
    0x00, 0x00, 0x00, 0x00, 0x00, 0x00, 0x00, 0x00, 0x00, 0x00, 0x00, 0x00,
    0x00, 0x00, 0x00, 0x00, 0x00, 0x00, 0x00, 0x00, 0x00, 0x00, 0x00, 0x00,
    0x00, 0x00, 0x00, 0x00, 0x00, 0x00, 0x00, 0x00, 0x00, 0x00, 0x00, 0x00,
    0x00, 0x00, 0x00, 0x00, 0x00, 0x00, 0x00, 0x00, 0x00, 0x00, 0x00, 0x00,
    0x00, 0x00, 0x00, 0x00, 0x00, 0x00, 0x00, 0x00, 0x00, 0x00, 0x00, 0x00,
    0x00, 0x00, 0x00, 0x00, 0x00, 0x00, 0x00, 0x00, 0x00, 0x00, 0x00, 0x00,
    0x00, 0x00, 0x00, 0x00, 0x00, 0x00, 0x00, 0x00, 0x41, 0xe2, 0x5e, 0xe6,
    0x08, 0xe9, 0x30, 0xff, 0x00, 0xff, 0x2f, 0xff, 0x00, 0xff, 0x2a, 0xff,
    0x01, 0xfc, 0x27, 0xff, 0x08, 0xfd, 0x29, 0xff, 0x04, 0xff, 0x28, 0xff,
    0x00, 0xff, 0x25, 0xff, 0x00, 0xff, 0x2c, 0xff, 0x02, 0xff, 0x32, 0xff,
    0x00, 0xeb, 0x2c, 0xff, 0x33, 0xe6, 0x53, 0x28, 0x00, 0x00, 0x00, 0x00,
    0x00, 0x00, 0x00, 0x00, 0x00, 0x00, 0x00, 0x00, 0x00, 0x00, 0x00, 0x00,
    0x00, 0x00, 0x00, 0x00, 0x00, 0x00, 0x00, 0x00, 0x00, 0x00, 0x00, 0x00,
    0x00, 0x00, 0x00, 0x00, 0x00, 0x00, 0x00, 0x00, 0x00, 0x00, 0x00, 0x00,
    0x00, 0x00, 0x00, 0x00, 0x00, 0x00, 0x00, 0x00, 0x00, 0x00, 0x00, 0x00,
    0x00, 0x00, 0x00, 0x00, 0x00, 0x00, 0x00, 0x00, 0x00, 0x00, 0x00, 0x00,
    0x00, 0x00, 0x00, 0x00, 0x00, 0x00, 0x00, 0x00, 0x00, 0x00, 0x00, 0x00,
    0x00, 0x00, 0x00, 0x00, 0x00, 0x00, 0x00, 0x00, 0x00, 0x00, 0x00, 0x00,
    0x00, 0x00, 0x00, 0x00, 0x00, 0x00, 0x00, 0x00, 0x00, 0x00, 0x00, 0x00,
    0x00, 0x00, 0x00, 0x00, 0x00, 0x00, 0x00, 0x00, 0x00, 0x00, 0x00, 0x04,
    0x19, 0x9b, 0x30, 0xa6, 0x36, 0xf5, 0x58, 0xf4, 0x03, 0xf5, 0x32, 0xff,
    0x00, 0xff, 0x28, 0xff, 0x03, 0xfd, 0x28, 0xff, 0x0d, 0xff, 0x2e, 0xff,
    0x0b, 0xff, 0x2d, 0xff, 0x02, 0xfd, 0x28, 0xff, 0x00, 0xfd, 0x2b, 0xff,
    0x03, 0xf5, 0x32, 0xff, 0x27, 0xf8, 0x50, 0xbf, 0x00, 0x00, 0x00, 0x00,
    0x00, 0x00, 0x00, 0x00, 0x00, 0x00, 0x00, 0x00, 0x00, 0x00, 0x00, 0x00,
    0x00, 0x00, 0x00, 0x00, 0x00, 0x00, 0x00, 0x00, 0x00, 0x00, 0x00, 0x00,
    0x00, 0x00, 0x00, 0x00, 0x00, 0x00, 0x00, 0x00, 0x00, 0x00, 0x00, 0x00,
    0x00, 0x00, 0x00, 0x00, 0x00, 0x00, 0x00, 0x00, 0x00, 0x00, 0x00, 0x00,
    0x00, 0x00, 0x00, 0x00, 0x00, 0x00, 0x00, 0x00, 0x00, 0x00, 0x00, 0x00,
    0x00, 0x00, 0x00, 0x00, 0x00, 0x00, 0x00, 0x00, 0x00, 0x00, 0x00, 0x00,
    0x00, 0x00, 0x00, 0x00, 0x00, 0x00, 0x00, 0x00, 0x00, 0x00, 0x00, 0x00,
    0x00, 0x00, 0x00, 0x00, 0x00, 0x00, 0x00, 0x00, 0x00, 0x00, 0x00, 0x00,
    0x00, 0x00, 0x00, 0x00, 0x00, 0x00, 0x00, 0x00, 0x00, 0x00, 0x00, 0x00,
    0x00, 0x00, 0x00, 0x00, 0x00, 0x00, 0x00, 0x00, 0x31, 0xc9, 0x4c, 0xd0,
    0x20, 0xed, 0x44, 0xfa, 0x0f, 0xfb, 0x39, 0xff, 0x07, 0xf9, 0x2f, 0xff,
    0x07, 0xfa, 0x2d, 0xff, 0x07, 0xfa, 0x2d, 0xff, 0x09, 0xf8, 0x2f, 0xff,
    0x13, 0xfa, 0x39, 0xff, 0x20, 0xed, 0x43, 0xdf, 0x00, 0x00, 0x00, 0x00,
    0x00, 0x00, 0x00, 0x00, 0x00, 0x00, 0x00, 0x00, 0x00, 0x00, 0x00, 0x00,
    0x00, 0x00, 0x00, 0x00, 0x00, 0x00, 0x00, 0x00, 0x00, 0x00, 0x00, 0x00,
    0x00, 0x00, 0x00, 0x00, 0x00, 0x00, 0x00, 0x00, 0x00, 0x00, 0x00, 0x00,
    0x00, 0x00, 0x00, 0x00, 0x00, 0x00, 0x00, 0x00, 0x00, 0x00, 0x00, 0x00,
    0x00, 0x00, 0x00, 0x00, 0x00, 0x00, 0x00, 0x00, 0x00, 0x00, 0x00, 0x00,
    0x00, 0x00, 0x00, 0x00, 0x00, 0x00, 0x00, 0x00, 0x00, 0x00, 0x00, 0x00,
    0x00, 0x00, 0x00, 0x00, 0x00, 0x00, 0x00, 0x00, 0x00, 0x00, 0x00, 0x00,
    0x00, 0x00, 0x00, 0x00, 0x00, 0x00, 0x00, 0x00, 0x00, 0x00, 0x00, 0x00,
    0x00, 0x00, 0x00, 0x00, 0x00, 0x00, 0x00, 0x00, 0x00, 0x00, 0x00, 0x00,
    0x00, 0x00, 0x00, 0x00, 0x00, 0x00, 0x00, 0x00, 0x00, 0x00, 0x00, 0x00,
    0x00, 0x00, 0x00, 0x00, 0x2f, 0xc6, 0x44, 0x47, 0x2a, 0xe7, 0x45, 0x93,
    0x15, 0xf6, 0x40, 0xff, 0x08, 0xf9, 0x38, 0xff, 0x0c, 0xf8, 0x39, 0xff,
    0x18, 0xf5, 0x41, 0xf7, 0x00, 0x00, 0x00, 0x00, 0x00, 0x00, 0x00, 0x00,
    0x00, 0x00, 0x00, 0x00, 0x00, 0x00, 0x00, 0x00, 0x00, 0x00, 0x00, 0x00,
    0x00, 0x00, 0x00, 0x00, 0x00, 0x00, 0x00, 0x00, 0x00, 0x00, 0x00, 0x00,
    0x00, 0x00, 0x00, 0x00, 0x00, 0x00, 0x00, 0x00, 0x00, 0x00, 0x00, 0x00,
    0x00, 0x00, 0x00, 0x00, 0x00, 0x00, 0x00, 0x00, 0x00, 0x00, 0x00, 0x00,
    0x00, 0x00, 0x00, 0x00, 0x00, 0x00, 0x00, 0x00, 0x00, 0x00, 0x00, 0x00,
    0x00, 0x00, 0x00, 0x00, 0x00, 0x00, 0x00, 0x00, 0x00, 0x00, 0x00, 0x00,
    0x00, 0x00, 0x00, 0x00, 0x00, 0x00, 0x00, 0x00, 0x00, 0x00, 0x00, 0x00,
    0x00, 0x00, 0x00, 0x00, 0x00, 0x00, 0x00, 0x00, 0x00, 0x00, 0x00, 0x00,
    0x00, 0x00, 0x00, 0x00, 0x00, 0x00, 0x00, 0x00, 0x00, 0x00, 0x00, 0x00,
    0x00, 0x00, 0x00, 0x00, 0x00, 0x00, 0x00, 0x00, 0x00, 0x00, 0x00, 0x00,
    0x00, 0x00, 0x00, 0x00, 0x00, 0x00, 0x00, 0x00, 0x00, 0x00, 0x00, 0x00,
    0x00, 0x00, 0x00, 0x00, 0x00, 0x00, 0x00, 0x00, 0x00, 0xee, 0x34, 0x8a,
    0x04, 0xed, 0x37, 0x8a, 0x00, 0x00, 0x00, 0x00, 0x00, 0x00, 0x00, 0x00,
    0x00, 0x00, 0x00, 0x00, 0x00, 0x00, 0x00, 0x00, 0x00, 0x00, 0x00, 0x00,
    0x00, 0x00, 0x00, 0x00, 0x00, 0x00, 0x00, 0x00, 0x00, 0x00, 0x00, 0x00,
    0x00, 0x00, 0x00, 0x00, 0x00, 0x00, 0x00, 0x00, 0x00, 0x00, 0x00, 0x00,
    0x00, 0x00, 0x00, 0x00, 0x00, 0x00, 0x00, 0x00, 0x00, 0x00, 0x00, 0x00,
    0x00, 0x00, 0x00, 0x00, 0x00, 0x00, 0x00, 0x00, 0x00, 0x00, 0x00, 0x00,
    0x00, 0x00, 0x00, 0x00, 0x00, 0x00, 0x00, 0x00
};
