// 4.23.2 0x6737260b D2 AY R0 FARGB8888 U888 N0 SExtFlashSection
// Generated by imageconverter. Please, do not edit!

#include <touchgfx/hal/Config.hpp>

LOCATION_PRAGMA("ExtFlashSection")
KEEP extern const unsigned char image_needle1[] LOCATION_ATTRIBUTE("ExtFlashSection") = { // 40x110 ARGB8888 pixels.
    0x00, 0x00, 0x00, 0x00, 0x00, 0x00, 0x00, 0x00, 0x00, 0x00, 0x00, 0x00,
    0x00, 0x00, 0x00, 0x00, 0x00, 0x00, 0x00, 0x00, 0x00, 0x00, 0x00, 0x00,
    0x00, 0x00, 0x00, 0x00, 0x00, 0x00, 0x00, 0x00, 0x00, 0x00, 0x00, 0x00,
    0x00, 0x00, 0x00, 0x00, 0x00, 0x00, 0x00, 0x00, 0x00, 0x00, 0x00, 0x00,
    0x00, 0x00, 0x00, 0x00, 0x6f, 0x4e, 0x1c, 0x2e, 0xee, 0xb7, 0x4e, 0xff,
    0xf9, 0xb8, 0x33, 0xff, 0xfe, 0xb7, 0x37, 0xff, 0xfe, 0xb7, 0x37, 0xff,
    0xff, 0xb5, 0x3a, 0xff, 0xff, 0xb6, 0x3a, 0xff, 0xff, 0xb4, 0x3c, 0xff,
    0xfe, 0xb6, 0x3a, 0xff, 0xff, 0xb7, 0x37, 0xff, 0xfe, 0xb8, 0x35, 0xff,
    0xfd, 0xb6, 0x36, 0xff, 0xef, 0xb8, 0x50, 0xff, 0x6c, 0x4e, 0x1d, 0x1a,
    0x00, 0x00, 0x00, 0x00, 0x00, 0x00, 0x00, 0x00, 0x00, 0x00, 0x00, 0x00,
    0x00, 0x00, 0x00, 0x00, 0x00, 0x00, 0x00, 0x00, 0x00, 0x00, 0x00, 0x00,
    0x00, 0x00, 0x00, 0x00, 0x00, 0x00, 0x00, 0x00, 0x00, 0x00, 0x00, 0x00,
    0x00, 0x00, 0x00, 0x00, 0x00, 0x00, 0x00, 0x00, 0x00, 0x00, 0x00, 0x00,
    0x00, 0x00, 0x00, 0x00, 0x00, 0x00, 0x00, 0x00, 0x00, 0x00, 0x00, 0x00,
    0x00, 0x00, 0x00, 0x00, 0x00, 0x00, 0x00, 0x00, 0x00, 0x00, 0x00, 0x00,
    0x00, 0x00, 0x00, 0x00, 0x00, 0x00, 0x00, 0x00, 0x00, 0x00, 0x00, 0x00,
    0x00, 0x00, 0x00, 0x00, 0x00, 0x00, 0x00, 0x00, 0x00, 0x00, 0x00, 0x00,
    0x00, 0x00, 0x00, 0x00, 0x00, 0x00, 0x00, 0x00, 0x6c, 0x50, 0x18, 0x40,
    0xef, 0xb8, 0x4f, 0xff, 0xf9, 0xb8, 0x33, 0xff, 0xfe, 0xb7, 0x37, 0xff,
    0xfe, 0xb7, 0x37, 0xff, 0xff, 0xb5, 0x3a, 0xff, 0xff, 0xb6, 0x3a, 0xff,
    0xff, 0xb4, 0x3c, 0xff, 0xfe, 0xb6, 0x3a, 0xff, 0xff, 0xb7, 0x37, 0xff,
    0xfe, 0xb8, 0x35, 0xff, 0xfd, 0xb6, 0x36, 0xff, 0xef, 0xb8, 0x50, 0xff,
    0x6f, 0x4f, 0x1b, 0x5e, 0x00, 0x00, 0x00, 0x00, 0x00, 0x00, 0x00, 0x00,
    0x00, 0x00, 0x00, 0x00, 0x00, 0x00, 0x00, 0x00, 0x00, 0x00, 0x00, 0x00,
    0x00, 0x00, 0x00, 0x00, 0x00, 0x00, 0x00, 0x00, 0x00, 0x00, 0x00, 0x00,
    0x00, 0x00, 0x00, 0x00, 0x00, 0x00, 0x00, 0x00, 0x00, 0x00, 0x00, 0x00,
    0x00, 0x00, 0x00, 0x00, 0x00, 0x00, 0x00, 0x00, 0x00, 0x00, 0x00, 0x00,
    0x00, 0x00, 0x00, 0x00, 0x00, 0x00, 0x00, 0x00, 0x00, 0x00, 0x00, 0x00,
    0x00, 0x00, 0x00, 0x00, 0x00, 0x00, 0x00, 0x00, 0x00, 0x00, 0x00, 0x00,
    0x00, 0x00, 0x00, 0x00, 0x00, 0x00, 0x00, 0x00, 0x00, 0x00, 0x00, 0x00,
    0x00, 0x00, 0x00, 0x00, 0x00, 0x00, 0x00, 0x00, 0x00, 0x00, 0x00, 0x00,
    0x6e, 0x50, 0x19, 0x8d, 0xef, 0xb8, 0x4f, 0xff, 0xf8, 0xb7, 0x32, 0xff,
    0xfe, 0xb7, 0x37, 0xff, 0xfe, 0xb7, 0x37, 0xff, 0xff, 0xb5, 0x3a, 0xff,
    0xff, 0xb6, 0x3a, 0xff, 0xff, 0xb4, 0x3c, 0xff, 0xfe, 0xb6, 0x3a, 0xff,
    0xff, 0xb7, 0x37, 0xff, 0xfe, 0xb8, 0x35, 0xff, 0xfc, 0xb5, 0x35, 0xff,
    0xef, 0xb8, 0x50, 0xff, 0x6f, 0x50, 0x19, 0x83, 0x00, 0x00, 0x00, 0x00,
    0x00, 0x00, 0x00, 0x00, 0x00, 0x00, 0x00, 0x00, 0x00, 0x00, 0x00, 0x00,
    0x00, 0x00, 0x00, 0x00, 0x00, 0x00, 0x00, 0x00, 0x00, 0x00, 0x00, 0x00,
    0x00, 0x00, 0x00, 0x00, 0x00, 0x00, 0x00, 0x00, 0x00, 0x00, 0x00, 0x00,
    0x00, 0x00, 0x00, 0x00, 0x00, 0x00, 0x00, 0x00, 0x00, 0x00, 0x00, 0x00,
    0x00, 0x00, 0x00, 0x00, 0x00, 0x00, 0x00, 0x00, 0x00, 0x00, 0x00, 0x00,
    0x00, 0x00, 0x00, 0x00, 0x00, 0x00, 0x00, 0x00, 0x00, 0x00, 0x00, 0x00,
    0x00, 0x00, 0x00, 0x00, 0x00, 0x00, 0x00, 0x00, 0x00, 0x00, 0x00, 0x00,
    0x00, 0x00, 0x00, 0x00, 0x00, 0x00, 0x00, 0x00, 0x00, 0x00, 0x00, 0x00,
    0x00, 0x00, 0x00, 0x00, 0x70, 0x52, 0x1c, 0xdb, 0xf0, 0xb9, 0x50, 0xff,
    0xf8, 0xb7, 0x32, 0xff, 0xfe, 0xb7, 0x37, 0xff, 0xfe, 0xb7, 0x37, 0xff,
    0xff, 0xb5, 0x3a, 0xff, 0xff, 0xb6, 0x3a, 0xff, 0xff, 0xb4, 0x3c, 0xff,
    0xfe, 0xb6, 0x3a, 0xff, 0xff, 0xb7, 0x37, 0xff, 0xfe, 0xb8, 0x35, 0xff,
    0xfc, 0xb5, 0x35, 0xff, 0xf0, 0xb9, 0x51, 0xff, 0x6f, 0x50, 0x1c, 0x9c,
    0x00, 0x00, 0x00, 0x00, 0x00, 0x00, 0x00, 0x00, 0x00, 0x00, 0x00, 0x00,
    0x00, 0x00, 0x00, 0x00, 0x00, 0x00, 0x00, 0x00, 0x00, 0x00, 0x00, 0x00,
    0x00, 0x00, 0x00, 0x00, 0x00, 0x00, 0x00, 0x00, 0x00, 0x00, 0x00, 0x00,
    0x00, 0x00, 0x00, 0x00, 0x00, 0x00, 0x00, 0x00, 0x00, 0x00, 0x00, 0x00,
    0x00, 0x00, 0x00, 0x00, 0x00, 0x00, 0x00, 0x00, 0x00, 0x00, 0x00, 0x00,
    0x00, 0x00, 0x00, 0x00, 0x00, 0x00, 0x00, 0x00, 0x00, 0x00, 0x00, 0x00,
    0x00, 0x00, 0x00, 0x00, 0x00, 0x00, 0x00, 0x00, 0x00, 0x00, 0x00, 0x00,
    0x00, 0x00, 0x00, 0x00, 0x00, 0x00, 0x00, 0x00, 0x00, 0x00, 0x00, 0x00,
    0x00, 0x00, 0x00, 0x00, 0x00, 0x00, 0x00, 0x04, 0x71, 0x52, 0x1d, 0xff,
    0xf1, 0xba, 0x51, 0xff, 0xf8, 0xb7, 0x32, 0xff, 0xfe, 0xb7, 0x37, 0xff,
    0xfe, 0xb7, 0x37, 0xff, 0xff, 0xb5, 0x3a, 0xff, 0xff, 0xb6, 0x3a, 0xff,
    0xff, 0xb4, 0x3c, 0xff, 0xfe, 0xb6, 0x3a, 0xff, 0xff, 0xb7, 0x37, 0xff,
    0xfe, 0xb8, 0x35, 0xff, 0xfb, 0xb4, 0x34, 0xff, 0xf1, 0xba, 0x52, 0xff,
    0x70, 0x50, 0x1c, 0xa2, 0x00, 0x00, 0x00, 0x00, 0x00, 0x00, 0x00, 0x00,
    0x00, 0x00, 0x00, 0x00, 0x00, 0x00, 0x00, 0x00, 0x00, 0x00, 0x00, 0x00,
    0x00, 0x00, 0x00, 0x00, 0x00, 0x00, 0x00, 0x00, 0x00, 0x00, 0x00, 0x00,
    0x00, 0x00, 0x00, 0x00, 0x00, 0x00, 0x00, 0x00, 0x00, 0x00, 0x00, 0x00,
    0x00, 0x00, 0x00, 0x00, 0x00, 0x00, 0x00, 0x00, 0x00, 0x00, 0x00, 0x00,
    0x00, 0x00, 0x00, 0x00, 0x00, 0x00, 0x00, 0x00, 0x00, 0x00, 0x00, 0x00,
    0x00, 0x00, 0x00, 0x00, 0x00, 0x00, 0x00, 0x00, 0x00, 0x00, 0x00, 0x00,
    0x00, 0x00, 0x00, 0x00, 0x00, 0x00, 0x00, 0x00, 0x00, 0x00, 0x00, 0x00,
    0x00, 0x00, 0x00, 0x00, 0x00, 0x00, 0x00, 0x00, 0x00, 0x00, 0x00, 0x04,
    0x72, 0x53, 0x1e, 0xff, 0xf2, 0xbb, 0x52, 0xff, 0xf8, 0xb7, 0x32, 0xff,
    0xfe, 0xb7, 0x37, 0xff, 0xfe, 0xb7, 0x37, 0xff, 0xff, 0xb5, 0x3a, 0xff,
    0xff, 0xb6, 0x3a, 0xff, 0xff, 0xb4, 0x3c, 0xff, 0xfe, 0xb6, 0x3a, 0xff,
    0xff, 0xb7, 0x37, 0xff, 0xfe, 0xb8, 0x35, 0xff, 0xfb, 0xb4, 0x34, 0xff,
    0xf2, 0xbb, 0x53, 0xff, 0x73, 0x53, 0x1e, 0xa0, 0x00, 0x00, 0x00, 0x00,
    0x00, 0x00, 0x00, 0x00, 0x00, 0x00, 0x00, 0x00, 0x00, 0x00, 0x00, 0x00,
    0x00, 0x00, 0x00, 0x00, 0x00, 0x00, 0x00, 0x00, 0x00, 0x00, 0x00, 0x00,
    0x00, 0x00, 0x00, 0x00, 0x00, 0x00, 0x00, 0x00, 0x00, 0x00, 0x00, 0x00,
    0x00, 0x00, 0x00, 0x00, 0x00, 0x00, 0x00, 0x00, 0x00, 0x00, 0x00, 0x00,
    0x00, 0x00, 0x00, 0x00, 0x00, 0x00, 0x00, 0x00, 0x00, 0x00, 0x00, 0x00,
    0x00, 0x00, 0x00, 0x00, 0x00, 0x00, 0x00, 0x00, 0x00, 0x00, 0x00, 0x00,
    0x00, 0x00, 0x00, 0x00, 0x00, 0x00, 0x00, 0x00, 0x00, 0x00, 0x00, 0x00,
    0x00, 0x00, 0x00, 0x00, 0x00, 0x00, 0x00, 0x00, 0x00, 0x00, 0x00, 0x00,
    0x00, 0x00, 0x00, 0x04, 0x73, 0x54, 0x1f, 0xff, 0xf3, 0xbc, 0x53, 0xff,
    0xf7, 0xb6, 0x31, 0xff, 0xfe, 0xb7, 0x37, 0xff, 0xfe, 0xb7, 0x37, 0xff,
    0xff, 0xb5, 0x3a, 0xff, 0xff, 0xb6, 0x3a, 0xff, 0xff, 0xb4, 0x3c, 0xff,
    0xfe, 0xb6, 0x3a, 0xff, 0xff, 0xb7, 0x37, 0xff, 0xfe, 0xb8, 0x35, 0xff,
    0xfc, 0xb5, 0x35, 0xff, 0xf3, 0xbc, 0x54, 0xff, 0x73, 0x54, 0x1e, 0x97,
    0x00, 0x00, 0x00, 0x00, 0x00, 0x00, 0x00, 0x00, 0x00, 0x00, 0x00, 0x00,
    0x00, 0x00, 0x00, 0x00, 0x00, 0x00, 0x00, 0x00, 0x00, 0x00, 0x00, 0x00,
    0x00, 0x00, 0x00, 0x00, 0x00, 0x00, 0x00, 0x00, 0x00, 0x00, 0x00, 0x00,
    0x00, 0x00, 0x00, 0x00, 0x00, 0x00, 0x00, 0x00, 0x00, 0x00, 0x00, 0x00,
    0x00, 0x00, 0x00, 0x00, 0x00, 0x00, 0x00, 0x00, 0x00, 0x00, 0x00, 0x00,
    0x00, 0x00, 0x00, 0x00, 0x00, 0x00, 0x00, 0x00, 0x00, 0x00, 0x00, 0x00,
    0x00, 0x00, 0x00, 0x00, 0x00, 0x00, 0x00, 0x00, 0x00, 0x00, 0x00, 0x00,
    0x00, 0x00, 0x00, 0x00, 0x00, 0x00, 0x00, 0x00, 0x00, 0x00, 0x00, 0x00,
    0x00, 0x00, 0x00, 0x00, 0x00, 0x00, 0x00, 0x05, 0x74, 0x55, 0x20, 0xff,
    0xf3, 0xbc, 0x53, 0xff, 0xf7, 0xb6, 0x31, 0xff, 0xfe, 0xb7, 0x37, 0xff,
    0xfe, 0xb7, 0x37, 0xff, 0xff, 0xb5, 0x3a, 0xff, 0xff, 0xb6, 0x3a, 0xff,
    0xff, 0xb4, 0x3c, 0xff, 0xfe, 0xb6, 0x3a, 0xff, 0xff, 0xb7, 0x37, 0xff,
    0xfe, 0xb8, 0x35, 0xff, 0xfc, 0xb5, 0x35, 0xff, 0xf4, 0xbd, 0x55, 0xff,
    0x74, 0x56, 0x20, 0x8f, 0x00, 0x00, 0x00, 0x00, 0x00, 0x00, 0x00, 0x00,
    0x00, 0x00, 0x00, 0x00, 0x00, 0x00, 0x00, 0x00, 0x00, 0x00, 0x00, 0x00,
    0x00, 0x00, 0x00, 0x00, 0x00, 0x00, 0x00, 0x00, 0x00, 0x00, 0x00, 0x00,
    0x00, 0x00, 0x00, 0x00, 0x00, 0x00, 0x00, 0x00, 0x00, 0x00, 0x00, 0x00,
    0x00, 0x00, 0x00, 0x00, 0x00, 0x00, 0x00, 0x00, 0x00, 0x00, 0x00, 0x00,
    0x00, 0x00, 0x00, 0x00, 0x00, 0x00, 0x00, 0x00, 0x00, 0x00, 0x00, 0x00,
    0x00, 0x00, 0x00, 0x00, 0x00, 0x00, 0x00, 0x00, 0x00, 0x00, 0x00, 0x00,
    0x00, 0x00, 0x00, 0x00, 0x00, 0x00, 0x00, 0x00, 0x00, 0x00, 0x00, 0x00,
    0x00, 0x00, 0x00, 0x00, 0x00, 0x00, 0x00, 0x00, 0x1a, 0x00, 0x00, 0x0a,
    0x78, 0x59, 0x24, 0xff, 0xf1, 0xba, 0x51, 0xff, 0xf8, 0xb7, 0x32, 0xff,
    0xfe, 0xb7, 0x37, 0xff, 0xfe, 0xb7, 0x37, 0xff, 0xff, 0xb5, 0x3a, 0xff,
    0xff, 0xb6, 0x3a, 0xff, 0xff, 0xb4, 0x3c, 0xff, 0xfe, 0xb6, 0x3a, 0xff,
    0xff, 0xb7, 0x37, 0xff, 0xfe, 0xb8, 0x35, 0xff, 0xfc, 0xb5, 0x35, 0xff,
    0xf1, 0xba, 0x52, 0xff, 0x78, 0x59, 0x24, 0x8c, 0x00, 0x00, 0x00, 0x00,
    0x00, 0x00, 0x00, 0x00, 0x00, 0x00, 0x00, 0x00, 0x00, 0x00, 0x00, 0x00,
    0x00, 0x00, 0x00, 0x00, 0x00, 0x00, 0x00, 0x00, 0x00, 0x00, 0x00, 0x00,
    0x00, 0x00, 0x00, 0x00, 0x00, 0x00, 0x00, 0x00, 0x00, 0x00, 0x00, 0x00,
    0x00, 0x00, 0x00, 0x00, 0x00, 0x00, 0x00, 0x00, 0x00, 0x00, 0x00, 0x00,
    0x00, 0x00, 0x00, 0x00, 0x00, 0x00, 0x00, 0x00, 0x00, 0x00, 0x00, 0x00,
    0x00, 0x00, 0x00, 0x00, 0x00, 0x00, 0x00, 0x00, 0x00, 0x00, 0x00, 0x00,
    0x00, 0x00, 0x00, 0x00, 0x00, 0x00, 0x00, 0x00, 0x00, 0x00, 0x00, 0x00,
    0x00, 0x00, 0x00, 0x00, 0x00, 0x00, 0x00, 0x00, 0x00, 0x00, 0x00, 0x00,
    0x16, 0x00, 0x00, 0x17, 0x78, 0x59, 0x24, 0xff, 0xf1, 0xba, 0x51, 0xff,
    0xf8, 0xb7, 0x32, 0xff, 0xfe, 0xb7, 0x37, 0xff, 0xfe, 0xb7, 0x37, 0xff,
    0xff, 0xb5, 0x3a, 0xff, 0xff, 0xb6, 0x3a, 0xff, 0xff, 0xb4, 0x3c, 0xff,
    0xfe, 0xb6, 0x3a, 0xff, 0xff, 0xb7, 0x37, 0xff, 0xfe, 0xb8, 0x35, 0xff,
    0xfc, 0xb5, 0x35, 0xff, 0xf1, 0xba, 0x52, 0xff, 0x78, 0x59, 0x24, 0x8c,
    0x00, 0x00, 0x00, 0x01, 0x00, 0x00, 0x00, 0x00, 0x00, 0x00, 0x00, 0x00,
    0x00, 0x00, 0x00, 0x00, 0x00, 0x00, 0x00, 0x00, 0x00, 0x00, 0x00, 0x00,
    0x00, 0x00, 0x00, 0x00, 0x00, 0x00, 0x00, 0x00, 0x00, 0x00, 0x00, 0x00,
    0x00, 0x00, 0x00, 0x00, 0x00, 0x00, 0x00, 0x00, 0x00, 0x00, 0x00, 0x00,
    0x00, 0x00, 0x00, 0x00, 0x00, 0x00, 0x00, 0x00, 0x00, 0x00, 0x00, 0x00,
    0x00, 0x00, 0x00, 0x00, 0x00, 0x00, 0x00, 0x00, 0x00, 0x00, 0x00, 0x00,
    0x00, 0x00, 0x00, 0x00, 0x00, 0x00, 0x00, 0x00, 0x00, 0x00, 0x00, 0x00,
    0x00, 0x00, 0x00, 0x00, 0x00, 0x00, 0x00, 0x00, 0x00, 0x00, 0x00, 0x00,
    0x00, 0x00, 0x00, 0x00, 0x11, 0x06, 0x00, 0x2c, 0x78, 0x59, 0x24, 0xff,
    0xf1, 0xba, 0x51, 0xff, 0xf8, 0xb7, 0x32, 0xff, 0xfe, 0xb7, 0x37, 0xff,
    0xfe, 0xb7, 0x37, 0xff, 0xff, 0xb5, 0x3a, 0xff, 0xff, 0xb6, 0x3a, 0xff,
    0xff, 0xb4, 0x3c, 0xff, 0xfe, 0xb6, 0x3a, 0xff, 0xff, 0xb7, 0x37, 0xff,
    0xfe, 0xb8, 0x35, 0xff, 0xfc, 0xb5, 0x35, 0xff, 0xf1, 0xba, 0x52, 0xff,
    0x78, 0x5a, 0x24, 0x8e, 0x00, 0x00, 0x00, 0x01, 0x00, 0x00, 0x00, 0x00,
    0x00, 0x00, 0x00, 0x00, 0x00, 0x00, 0x00, 0x00, 0x00, 0x00, 0x00, 0x00,
    0x00, 0x00, 0x00, 0x00, 0x00, 0x00, 0x00, 0x00, 0x00, 0x00, 0x00, 0x00,
    0x00, 0x00, 0x00, 0x00, 0x00, 0x00, 0x00, 0x00, 0x00, 0x00, 0x00, 0x00,
    0x00, 0x00, 0x00, 0x00, 0x00, 0x00, 0x00, 0x00, 0x00, 0x00, 0x00, 0x00,
    0x00, 0x00, 0x00, 0x00, 0x00, 0x00, 0x00, 0x00, 0x00, 0x00, 0x00, 0x00,
    0x00, 0x00, 0x00, 0x00, 0x00, 0x00, 0x00, 0x00, 0x00, 0x00, 0x00, 0x00,
    0x00, 0x00, 0x00, 0x00, 0x00, 0x00, 0x00, 0x00, 0x00, 0x00, 0x00, 0x00,
    0x00, 0x00, 0x00, 0x00, 0x00, 0x00, 0x00, 0x00, 0x14, 0x04, 0x00, 0x41,
    0x78, 0x59, 0x24, 0xff, 0xf1, 0xba, 0x51, 0xff, 0xf8, 0xb7, 0x32, 0xff,
    0xfe, 0xb7, 0x37, 0xff, 0xfe, 0xb7, 0x37, 0xff, 0xff, 0xb5, 0x3a, 0xff,
    0xff, 0xb6, 0x3a, 0xff, 0xff, 0xb4, 0x3c, 0xff, 0xfe, 0xb6, 0x3a, 0xff,
    0xff, 0xb7, 0x37, 0xff, 0xfe, 0xb8, 0x35, 0xff, 0xfc, 0xb5, 0x35, 0xff,
    0xf1, 0xba, 0x52, 0xff, 0x77, 0x59, 0x24, 0x8f, 0x00, 0x00, 0x00, 0x01,
    0x00, 0x00, 0x00, 0x00, 0x00, 0x00, 0x00, 0x00, 0x00, 0x00, 0x00, 0x00,
    0x00, 0x00, 0x00, 0x00, 0x00, 0x00, 0x00, 0x00, 0x00, 0x00, 0x00, 0x00,
    0x00, 0x00, 0x00, 0x00, 0x00, 0x00, 0x00, 0x00, 0x00, 0x00, 0x00, 0x00,
    0x00, 0x00, 0x00, 0x00, 0x00, 0x00, 0x00, 0x00, 0x00, 0x00, 0x00, 0x00,
    0x00, 0x00, 0x00, 0x00, 0x00, 0x00, 0x00, 0x00, 0x00, 0x00, 0x00, 0x00,
    0x00, 0x00, 0x00, 0x00, 0x00, 0x00, 0x00, 0x00, 0x00, 0x00, 0x00, 0x00,
    0x00, 0x00, 0x00, 0x00, 0x00, 0x00, 0x00, 0x00, 0x00, 0x00, 0x00, 0x00,
    0x00, 0x00, 0x00, 0x00, 0x00, 0x00, 0x00, 0x00, 0x00, 0x00, 0x00, 0x00,
    0x14, 0x03, 0x00, 0x4d, 0x78, 0x59, 0x24, 0xff, 0xf1, 0xba, 0x51, 0xff,
    0xf8, 0xb7, 0x32, 0xff, 0xfe, 0xb7, 0x37, 0xff, 0xfe, 0xb7, 0x37, 0xff,
    0xff, 0xb5, 0x3a, 0xff, 0xff, 0xb6, 0x3a, 0xff, 0xff, 0xb4, 0x3c, 0xff,
    0xfe, 0xb6, 0x3a, 0xff, 0xff, 0xb7, 0x37, 0xff, 0xfe, 0xb8, 0x35, 0xff,
    0xfc, 0xb5, 0x35, 0xff, 0xf1, 0xba, 0x52, 0xff, 0x78, 0x5a, 0x23, 0x91,
    0x00, 0x00, 0x00, 0x01, 0x00, 0x00, 0x00, 0x00, 0x00, 0x00, 0x00, 0x00,
    0x00, 0x00, 0x00, 0x00, 0x00, 0x00, 0x00, 0x00, 0x00, 0x00, 0x00, 0x00,
    0x00, 0x00, 0x00, 0x00, 0x00, 0x00, 0x00, 0x00, 0x00, 0x00, 0x00, 0x00,
    0x00, 0x00, 0x00, 0x00, 0x00, 0x00, 0x00, 0x00, 0x00, 0x00, 0x00, 0x00,
    0x00, 0x00, 0x00, 0x00, 0x00, 0x00, 0x00, 0x00, 0x00, 0x00, 0x00, 0x00,
    0x00, 0x00, 0x00, 0x00, 0x00, 0x00, 0x00, 0x00, 0x00, 0x00, 0x00, 0x00,
    0x00, 0x00, 0x00, 0x00, 0x00, 0x00, 0x00, 0x00, 0x00, 0x00, 0x00, 0x00,
    0x00, 0x00, 0x00, 0x00, 0x00, 0x00, 0x00, 0x00, 0x00, 0x00, 0x00, 0x00,
    0x00, 0x00, 0x00, 0x00, 0x12, 0x03, 0x00, 0x54, 0x78, 0x59, 0x24, 0xff,
    0xf1, 0xba, 0x51, 0xff, 0xf8, 0xb7, 0x32, 0xff, 0xfe, 0xb7, 0x37, 0xff,
    0xfe, 0xb7, 0x37, 0xff, 0xff, 0xb5, 0x3a, 0xff, 0xff, 0xb6, 0x3a, 0xff,
    0xff, 0xb4, 0x3c, 0xff, 0xfe, 0xb6, 0x3a, 0xff, 0xff, 0xb7, 0x37, 0xff,
    0xfe, 0xb8, 0x35, 0xff, 0xfc, 0xb5, 0x35, 0xff, 0xf1, 0xba, 0x52, 0xff,
    0x79, 0x59, 0x25, 0x92, 0x00, 0x00, 0x00, 0x02, 0x00, 0x00, 0x00, 0x00,
    0x00, 0x00, 0x00, 0x00, 0x00, 0x00, 0x00, 0x00, 0x00, 0x00, 0x00, 0x00,
    0x00, 0x00, 0x00, 0x00, 0x00, 0x00, 0x00, 0x00, 0x00, 0x00, 0x00, 0x00,
    0x00, 0x00, 0x00, 0x00, 0x00, 0x00, 0x00, 0x00, 0x00, 0x00, 0x00, 0x00,
    0x00, 0x00, 0x00, 0x00, 0x00, 0x00, 0x00, 0x00, 0x00, 0x00, 0x00, 0x00,
    0x00, 0x00, 0x00, 0x00, 0x00, 0x00, 0x00, 0x00, 0x00, 0x00, 0x00, 0x00,
    0x00, 0x00, 0x00, 0x00, 0x00, 0x00, 0x00, 0x00, 0x00, 0x00, 0x00, 0x00,
    0x00, 0x00, 0x00, 0x00, 0x00, 0x00, 0x00, 0x00, 0x00, 0x00, 0x00, 0x00,
    0x00, 0x00, 0x00, 0x00, 0x00, 0x00, 0x00, 0x00, 0x14, 0x03, 0x00, 0x59,
    0x78, 0x59, 0x24, 0xff, 0xf1, 0xba, 0x51, 0xff, 0xf8, 0xb7, 0x32, 0xff,
    0xfe, 0xb7, 0x37, 0xff, 0xfe, 0xb7, 0x37, 0xff, 0xff, 0xb5, 0x3a, 0xff,
    0xff, 0xb6, 0x3a, 0xff, 0xff, 0xb4, 0x3c, 0xff, 0xfe, 0xb6, 0x3a, 0xff,
    0xff, 0xb7, 0x37, 0xff, 0xfe, 0xb8, 0x35, 0xff, 0xfc, 0xb5, 0x35, 0xff,
    0xf1, 0xba, 0x52, 0xff, 0x79, 0x5a, 0x24, 0x94, 0x00, 0x00, 0x00, 0x02,
    0x00, 0x00, 0x00, 0x00, 0x00, 0x00, 0x00, 0x00, 0x00, 0x00, 0x00, 0x00,
    0x00, 0x00, 0x00, 0x00, 0x00, 0x00, 0x00, 0x00, 0x00, 0x00, 0x00, 0x00,
    0x00, 0x00, 0x00, 0x00, 0x00, 0x00, 0x00, 0x00, 0x00, 0x00, 0x00, 0x00,
    0x00, 0x00, 0x00, 0x00, 0x00, 0x00, 0x00, 0x00, 0x00, 0x00, 0x00, 0x00,
    0x00, 0x00, 0x00, 0x00, 0x00, 0x00, 0x00, 0x00, 0x00, 0x00, 0x00, 0x00,
    0x00, 0x00, 0x00, 0x00, 0x00, 0x00, 0x00, 0x00, 0x00, 0x00, 0x00, 0x00,
    0x00, 0x00, 0x00, 0x00, 0x00, 0x00, 0x00, 0x00, 0x00, 0x00, 0x00, 0x00,
    0x00, 0x00, 0x00, 0x00, 0x00, 0x00, 0x00, 0x00, 0x00, 0x00, 0x00, 0x00,
    0x14, 0x03, 0x00, 0x5b, 0x78, 0x59, 0x24, 0xff, 0xf1, 0xba, 0x51, 0xff,
    0xf8, 0xb7, 0x32, 0xff, 0xfc, 0xb8, 0x37, 0xff, 0xfe, 0xb7, 0x37, 0xff,
    0xff, 0xb5, 0x3a, 0xff, 0xff, 0xb6, 0x3a, 0xff, 0xff, 0xb5, 0x3b, 0xff,
    0xfe, 0xb6, 0x3a, 0xff, 0xff, 0xb8, 0x35, 0xff, 0xfe, 0xb8, 0x35, 0xff,
    0xfc, 0xb5, 0x35, 0xff, 0xf1, 0xba, 0x52, 0xff, 0x78, 0x59, 0x24, 0x95,
    0x00, 0x00, 0x00, 0x02, 0x00, 0x00, 0x00, 0x00, 0x00, 0x00, 0x00, 0x00,
    0x00, 0x00, 0x00, 0x00, 0x00, 0x00, 0x00, 0x00, 0x00, 0x00, 0x00, 0x00,
    0x00, 0x00, 0x00, 0x00, 0x00, 0x00, 0x00, 0x00, 0x00, 0x00, 0x00, 0x00,
    0x00, 0x00, 0x00, 0x00, 0x00, 0x00, 0x00, 0x00, 0x00, 0x00, 0x00, 0x00,
    0x00, 0x00, 0x00, 0x00, 0x00, 0x00, 0x00, 0x00, 0x00, 0x00, 0x00, 0x00,
    0x00, 0x00, 0x00, 0x00, 0x00, 0x00, 0x00, 0x00, 0x00, 0x00, 0x00, 0x00,
    0x00, 0x00, 0x00, 0x00, 0x00, 0x00, 0x00, 0x00, 0x00, 0x00, 0x00, 0x00,
    0x00, 0x00, 0x00, 0x00, 0x00, 0x00, 0x00, 0x00, 0x00, 0x00, 0x00, 0x00,
    0x00, 0x00, 0x00, 0x00, 0x14, 0x03, 0x00, 0x5b, 0x78, 0x59, 0x24, 0xff,
    0xef, 0xbb, 0x51, 0xff, 0xf8, 0xb7, 0x32, 0xff, 0xfc, 0xb8, 0x37, 0xff,
    0xfe, 0xb7, 0x37, 0xff, 0xff, 0xb5, 0x3a, 0xff, 0xff, 0xb6, 0x3a, 0xff,
    0xff, 0xb5, 0x3b, 0xff, 0xfe, 0xb6, 0x3a, 0xff, 0xff, 0xb8, 0x35, 0xff,
    0xfe, 0xb9, 0x34, 0xff, 0xfc, 0xb5, 0x35, 0xff, 0xf1, 0xba, 0x52, 0xff,
    0x78, 0x5a, 0x23, 0x97, 0x00, 0x00, 0x00, 0x02, 0x00, 0x00, 0x00, 0x00,
    0x00, 0x00, 0x00, 0x00, 0x00, 0x00, 0x00, 0x00, 0x00, 0x00, 0x00, 0x00,
    0x00, 0x00, 0x00, 0x00, 0x00, 0x00, 0x00, 0x00, 0x00, 0x00, 0x00, 0x00,
    0x00, 0x00, 0x00, 0x00, 0x00, 0x00, 0x00, 0x00, 0x00, 0x00, 0x00, 0x00,
    0x00, 0x00, 0x00, 0x00, 0x00, 0x00, 0x00, 0x00, 0x00, 0x00, 0x00, 0x00,
    0x00, 0x00, 0x00, 0x00, 0x00, 0x00, 0x00, 0x00, 0x00, 0x00, 0x00, 0x00,
    0x00, 0x00, 0x00, 0x00, 0x00, 0x00, 0x00, 0x00, 0x00, 0x00, 0x00, 0x00,
    0x00, 0x00, 0x00, 0x00, 0x00, 0x00, 0x00, 0x00, 0x00, 0x00, 0x00, 0x00,
    0x00, 0x00, 0x00, 0x00, 0x00, 0x00, 0x00, 0x00, 0x14, 0x03, 0x00, 0x5b,
    0x78, 0x59, 0x24, 0xff, 0xef, 0xbb, 0x51, 0xff, 0xf8, 0xb7, 0x32, 0xff,
    0xfc, 0xb8, 0x37, 0xff, 0xfe, 0xb7, 0x37, 0xff, 0xff, 0xb5, 0x3a, 0xff,
    0xff, 0xb6, 0x3a, 0xff, 0xff, 0xb5, 0x3b, 0xff, 0xfe, 0xb7, 0x38, 0xff,
    0xff, 0xb8, 0x35, 0xff, 0xfe, 0xb9, 0x34, 0xff, 0xfc, 0xb5, 0x35, 0xff,
    0xf1, 0xba, 0x52, 0xff, 0x78, 0x5a, 0x23, 0x99, 0x00, 0x00, 0x00, 0x02,
    0x00, 0x00, 0x00, 0x00, 0x00, 0x00, 0x00, 0x00, 0x00, 0x00, 0x00, 0x00,
    0x00, 0x00, 0x00, 0x00, 0x00, 0x00, 0x00, 0x00, 0x00, 0x00, 0x00, 0x00,
    0x00, 0x00, 0x00, 0x00, 0x00, 0x00, 0x00, 0x00, 0x00, 0x00, 0x00, 0x00,
    0x00, 0x00, 0x00, 0x00, 0x00, 0x00, 0x00, 0x00, 0x00, 0x00, 0x00, 0x00,
    0x00, 0x00, 0x00, 0x00, 0x00, 0x00, 0x00, 0x00, 0x00, 0x00, 0x00, 0x00,
    0x00, 0x00, 0x00, 0x00, 0x00, 0x00, 0x00, 0x00, 0x00, 0x00, 0x00, 0x00,
    0x00, 0x00, 0x00, 0x00, 0x00, 0x00, 0x00, 0x00, 0x00, 0x00, 0x00, 0x00,
    0x00, 0x00, 0x00, 0x00, 0x00, 0x00, 0x00, 0x00, 0x00, 0x00, 0x00, 0x00,
    0x14, 0x03, 0x00, 0x5b, 0x78, 0x59, 0x24, 0xff, 0xef, 0xbb, 0x51, 0xff,
    0xf8, 0xb7, 0x32, 0xff, 0xfc, 0xb8, 0x37, 0xff, 0xfe, 0xb7, 0x37, 0xff,
    0xff, 0xb5, 0x3a, 0xff, 0xff, 0xb6, 0x3a, 0xff, 0xff, 0xb5, 0x3b, 0xff,
    0xfe, 0xb7, 0x38, 0xff, 0xff, 0xb8, 0x35, 0xff, 0xfe, 0xb9, 0x34, 0xff,
    0xfc, 0xb5, 0x35, 0xff, 0xf1, 0xba, 0x52, 0xff, 0x78, 0x5a, 0x23, 0x9b,
    0x00, 0x00, 0x00, 0x03, 0x00, 0x00, 0x00, 0x00, 0x00, 0x00, 0x00, 0x00,
    0x00, 0x00, 0x00, 0x00, 0x00, 0x00, 0x00, 0x00, 0x00, 0x00, 0x00, 0x00,
    0x00, 0x00, 0x00, 0x00, 0x00, 0x00, 0x00, 0x00, 0x00, 0x00, 0x00, 0x00,
    0x00, 0x00, 0x00, 0x00, 0x00, 0x00, 0x00, 0x00, 0x00, 0x00, 0x00, 0x00,
    0x00, 0x00, 0x00, 0x00, 0x00, 0x00, 0x00, 0x00, 0x00, 0x00, 0x00, 0x00,
    0x00, 0x00, 0x00, 0x00, 0x00, 0x00, 0x00, 0x00, 0x00, 0x00, 0x00, 0x00,
    0x00, 0x00, 0x00, 0x00, 0x00, 0x00, 0x00, 0x00, 0x00, 0x00, 0x00, 0x00,
    0x00, 0x00, 0x00, 0x00, 0x00, 0x00, 0x00, 0x00, 0x00, 0x00, 0x00, 0x00,
    0x00, 0x00, 0x00, 0x00, 0x14, 0x03, 0x00, 0x5b, 0x78, 0x59, 0x24, 0xff,
    0xef, 0xbb, 0x51, 0xff, 0xf8, 0xb7, 0x32, 0xff, 0xfc, 0xb8, 0x37, 0xff,
    0xfe, 0xb7, 0x37, 0xff, 0xff, 0xb5, 0x3a, 0xff, 0xff, 0xb6, 0x3a, 0xff,
    0xff, 0xb5, 0x3b, 0xff, 0xfe, 0xb7, 0x38, 0xff, 0xff, 0xb8, 0x35, 0xff,
    0xfe, 0xb9, 0x34, 0xff, 0xfc, 0xb5, 0x35, 0xff, 0xf1, 0xba, 0x52, 0xff,
    0x78, 0x59, 0x24, 0x9d, 0x00, 0x00, 0x00, 0x03, 0x00, 0x00, 0x00, 0x00,
    0x00, 0x00, 0x00, 0x00, 0x00, 0x00, 0x00, 0x00, 0x00, 0x00, 0x00, 0x00,
    0x00, 0x00, 0x00, 0x00, 0x00, 0x00, 0x00, 0x00, 0x00, 0x00, 0x00, 0x00,
    0x00, 0x00, 0x00, 0x00, 0x00, 0x00, 0x00, 0x00, 0x00, 0x00, 0x00, 0x00,
    0x00, 0x00, 0x00, 0x00, 0x00, 0x00, 0x00, 0x00, 0x00, 0x00, 0x00, 0x00,
    0x00, 0x00, 0x00, 0x00, 0x00, 0x00, 0x00, 0x00, 0x00, 0x00, 0x00, 0x00,
    0x00, 0x00, 0x00, 0x00, 0x00, 0x00, 0x00, 0x00, 0x00, 0x00, 0x00, 0x00,
    0x00, 0x00, 0x00, 0x00, 0x00, 0x00, 0x00, 0x00, 0x00, 0x00, 0x00, 0x00,
    0x00, 0x00, 0x00, 0x00, 0x00, 0x00, 0x00, 0x00, 0x14, 0x03, 0x00, 0x5b,
    0x78, 0x59, 0x24, 0xff, 0xef, 0xbb, 0x51, 0xff, 0xf8, 0xb7, 0x32, 0xff,
    0xfc, 0xb8, 0x37, 0xff, 0xfe, 0xb7, 0x37, 0xff, 0xff, 0xb5, 0x3a, 0xff,
    0xff, 0xb6, 0x3a, 0xff, 0xff, 0xb5, 0x3b, 0xff, 0xfe, 0xb7, 0x38, 0xff,
    0xff, 0xb8, 0x35, 0xff, 0xfe, 0xb9, 0x34, 0xff, 0xfc, 0xb5, 0x35, 0xff,
    0xf1, 0xba, 0x52, 0xff, 0x78, 0x5a, 0x23, 0xa1, 0x00, 0x00, 0x00, 0x02,
    0x00, 0x00, 0x00, 0x00, 0x00, 0x00, 0x00, 0x00, 0x00, 0x00, 0x00, 0x00,
    0x00, 0x00, 0x00, 0x00, 0x00, 0x00, 0x00, 0x00, 0x00, 0x00, 0x00, 0x00,
    0x00, 0x00, 0x00, 0x00, 0x00, 0x00, 0x00, 0x00, 0x00, 0x00, 0x00, 0x00,
    0x00, 0x00, 0x00, 0x00, 0x00, 0x00, 0x00, 0x00, 0x00, 0x00, 0x00, 0x00,
    0x00, 0x00, 0x00, 0x00, 0x00, 0x00, 0x00, 0x00, 0x00, 0x00, 0x00, 0x00,
    0x00, 0x00, 0x00, 0x00, 0x00, 0x00, 0x00, 0x00, 0x00, 0x00, 0x00, 0x00,
    0x00, 0x00, 0x00, 0x00, 0x00, 0x00, 0x00, 0x00, 0x00, 0x00, 0x00, 0x00,
    0x00, 0x00, 0x00, 0x00, 0x00, 0x00, 0x00, 0x00, 0x00, 0x00, 0x00, 0x00,
    0x14, 0x03, 0x00, 0x5b, 0x78, 0x59, 0x24, 0xff, 0xef, 0xbb, 0x51, 0xff,
    0xf8, 0xb7, 0x32, 0xff, 0xfc, 0xb8, 0x37, 0xff, 0xfe, 0xb7, 0x37, 0xff,
    0xff, 0xb5, 0x3a, 0xff, 0xff, 0xb6, 0x3a, 0xff, 0xff, 0xb5, 0x3b, 0xff,
    0xfe, 0xb7, 0x38, 0xff, 0xff, 0xb8, 0x35, 0xff, 0xfe, 0xb9, 0x34, 0xff,
    0xfc, 0xb5, 0x35, 0xff, 0xf1, 0xba, 0x52, 0xff, 0x77, 0x59, 0x22, 0xab,
    0x00, 0x00, 0x00, 0x04, 0x00, 0x00, 0x00, 0x00, 0x00, 0x00, 0x00, 0x00,
    0x00, 0x00, 0x00, 0x00, 0x00, 0x00, 0x00, 0x00, 0x00, 0x00, 0x00, 0x00,
    0x00, 0x00, 0x00, 0x00, 0x00, 0x00, 0x00, 0x00, 0x00, 0x00, 0x00, 0x00,
    0x00, 0x00, 0x00, 0x00, 0x00, 0x00, 0x00, 0x00, 0x00, 0x00, 0x00, 0x00,
    0x00, 0x00, 0x00, 0x00, 0x00, 0x00, 0x00, 0x00, 0x00, 0x00, 0x00, 0x00,
    0x00, 0x00, 0x00, 0x00, 0x00, 0x00, 0x00, 0x00, 0x00, 0x00, 0x00, 0x00,
    0x00, 0x00, 0x00, 0x00, 0x00, 0x00, 0x00, 0x00, 0x00, 0x00, 0x00, 0x00,
    0x00, 0x00, 0x00, 0x00, 0x00, 0x00, 0x00, 0x00, 0x00, 0x00, 0x00, 0x00,
    0x00, 0x00, 0x00, 0x00, 0x14, 0x03, 0x00, 0x5b, 0x78, 0x59, 0x24, 0xff,
    0xef, 0xbb, 0x51, 0xff, 0xf8, 0xb7, 0x32, 0xff, 0xfc, 0xb8, 0x37, 0xff,
    0xfe, 0xb7, 0x37, 0xff, 0xff, 0xb5, 0x3a, 0xff, 0xff, 0xb6, 0x3a, 0xff,
    0xff, 0xb5, 0x3b, 0xff, 0xfe, 0xb7, 0x38, 0xff, 0xff, 0xb8, 0x35, 0xff,
    0xfe, 0xb9, 0x34, 0xff, 0xfc, 0xb5, 0x35, 0xff, 0xf1, 0xba, 0x52, 0xff,
    0x79, 0x5a, 0x24, 0xba, 0x0f, 0x00, 0x00, 0x11, 0x00, 0x00, 0x00, 0x00,
    0x00, 0x00, 0x00, 0x00, 0x00, 0x00, 0x00, 0x00, 0x00, 0x00, 0x00, 0x00,
    0x00, 0x00, 0x00, 0x00, 0x00, 0x00, 0x00, 0x00, 0x00, 0x00, 0x00, 0x00,
    0x00, 0x00, 0x00, 0x00, 0x00, 0x00, 0x00, 0x00, 0x00, 0x00, 0x00, 0x00,
    0x00, 0x00, 0x00, 0x00, 0x00, 0x00, 0x00, 0x00, 0x00, 0x00, 0x00, 0x00,
    0x00, 0x00, 0x00, 0x00, 0x00, 0x00, 0x00, 0x00, 0x00, 0x00, 0x00, 0x00,
    0x00, 0x00, 0x00, 0x00, 0x00, 0x00, 0x00, 0x00, 0x00, 0x00, 0x00, 0x00,
    0x00, 0x00, 0x00, 0x00, 0x00, 0x00, 0x00, 0x00, 0x00, 0x00, 0x00, 0x00,
    0x00, 0x00, 0x00, 0x00, 0x00, 0x00, 0x00, 0x00, 0x14, 0x03, 0x00, 0x5b,
    0x78, 0x59, 0x24, 0xff, 0xef, 0xbb, 0x51, 0xff, 0xf8, 0xb7, 0x32, 0xff,
    0xfc, 0xb8, 0x37, 0xff, 0xfe, 0xb7, 0x37, 0xff, 0xff, 0xb5, 0x3a, 0xff,
    0xff, 0xb6, 0x3a, 0xff, 0xff, 0xb5, 0x3b, 0xff, 0xfe, 0xb7, 0x38, 0xff,
    0xff, 0xb8, 0x35, 0xff, 0xfe, 0xb9, 0x34, 0xff, 0xfc, 0xb5, 0x35, 0xff,
    0xf1, 0xba, 0x52, 0xff, 0x78, 0x5a, 0x23, 0xce, 0x13, 0x05, 0x00, 0x36,
    0x00, 0x00, 0x00, 0x00, 0x00, 0x00, 0x00, 0x00, 0x00, 0x00, 0x00, 0x00,
    0x00, 0x00, 0x00, 0x00, 0x00, 0x00, 0x00, 0x00, 0x00, 0x00, 0x00, 0x00,
    0x00, 0x00, 0x00, 0x00, 0x00, 0x00, 0x00, 0x00, 0x00, 0x00, 0x00, 0x00,
    0x00, 0x00, 0x00, 0x00, 0x00, 0x00, 0x00, 0x00, 0x00, 0x00, 0x00, 0x00,
    0x00, 0x00, 0x00, 0x00, 0x00, 0x00, 0x00, 0x00, 0x00, 0x00, 0x00, 0x00,
    0x00, 0x00, 0x00, 0x00, 0x00, 0x00, 0x00, 0x00, 0x00, 0x00, 0x00, 0x00,
    0x00, 0x00, 0x00, 0x00, 0x00, 0x00, 0x00, 0x00, 0x00, 0x00, 0x00, 0x00,
    0x00, 0x00, 0x00, 0x00, 0x00, 0x00, 0x00, 0x00, 0x00, 0x00, 0x00, 0x00,
    0x14, 0x04, 0x00, 0x41, 0x78, 0x59, 0x24, 0xfe, 0xef, 0xbb, 0x51, 0xff,
    0xf8, 0xb7, 0x32, 0xff, 0xfc, 0xb8, 0x37, 0xff, 0xfe, 0xb7, 0x37, 0xff,
    0xff, 0xb5, 0x3a, 0xff, 0xff, 0xb6, 0x3a, 0xff, 0xff, 0xb5, 0x3b, 0xff,
    0xfe, 0xb7, 0x38, 0xff, 0xff, 0xb8, 0x35, 0xff, 0xfe, 0xb9, 0x34, 0xff,
    0xfc, 0xb5, 0x35, 0xff, 0xf1, 0xba, 0x52, 0xff, 0x78, 0x5a, 0x23, 0xe2,
    0x12, 0x06, 0x00, 0x56, 0x00, 0x00, 0x00, 0x00, 0x00, 0x00, 0x00, 0x00,
    0x00, 0x00, 0x00, 0x00, 0x00, 0x00, 0x00, 0x00, 0x00, 0x00, 0x00, 0x00,
    0x00, 0x00, 0x00, 0x00, 0x00, 0x00, 0x00, 0x00, 0x00, 0x00, 0x00, 0x00,
    0x00, 0x00, 0x00, 0x00, 0x00, 0x00, 0x00, 0x00, 0x00, 0x00, 0x00, 0x00,
    0x00, 0x00, 0x00, 0x00, 0x00, 0x00, 0x00, 0x00, 0x00, 0x00, 0x00, 0x00,
    0x00, 0x00, 0x00, 0x00, 0x00, 0x00, 0x00, 0x00, 0x00, 0x00, 0x00, 0x00,
    0x00, 0x00, 0x00, 0x00, 0x00, 0x00, 0x00, 0x00, 0x00, 0x00, 0x00, 0x00,
    0x00, 0x00, 0x00, 0x00, 0x00, 0x00, 0x00, 0x00, 0x00, 0x00, 0x00, 0x00,
    0x00, 0x00, 0x00, 0x00, 0x11, 0x00, 0x00, 0x0f, 0x78, 0x59, 0x24, 0xfa,
    0xef, 0xbb, 0x51, 0xff, 0xf8, 0xb7, 0x32, 0xff, 0xfc, 0xb8, 0x37, 0xff,
    0xfe, 0xb7, 0x37, 0xff, 0xff, 0xb5, 0x3a, 0xff, 0xff, 0xb6, 0x3a, 0xff,
    0xff, 0xb5, 0x3b, 0xff, 0xfe, 0xb7, 0x38, 0xff, 0xff, 0xb8, 0x35, 0xff,
    0xfe, 0xb9, 0x34, 0xff, 0xfc, 0xb5, 0x35, 0xff, 0xf1, 0xba, 0x52, 0xff,
    0x78, 0x5a, 0x23, 0xf2, 0x11, 0x06, 0x00, 0x5b, 0x00, 0x00, 0x00, 0x00,
    0x00, 0x00, 0x00, 0x00, 0x00, 0x00, 0x00, 0x00, 0x00, 0x00, 0x00, 0x00,
    0x00, 0x00, 0x00, 0x00, 0x00, 0x00, 0x00, 0x00, 0x00, 0x00, 0x00, 0x00,
    0x00, 0x00, 0x00, 0x00, 0x00, 0x00, 0x00, 0x00, 0x00, 0x00, 0x00, 0x00,
    0x00, 0x00, 0x00, 0x00, 0x00, 0x00, 0x00, 0x00, 0x00, 0x00, 0x00, 0x00,
    0x00, 0x00, 0x00, 0x00, 0x00, 0x00, 0x00, 0x00, 0x00, 0x00, 0x00, 0x00,
    0x00, 0x00, 0x00, 0x00, 0x00, 0x00, 0x00, 0x00, 0x00, 0x00, 0x00, 0x00,
    0x00, 0x00, 0x00, 0x00, 0x00, 0x00, 0x00, 0x00, 0x00, 0x00, 0x00, 0x00,
    0x00, 0x00, 0x00, 0x00, 0x00, 0x00, 0x00, 0x00, 0x00, 0x00, 0x00, 0x00,
    0x78, 0x59, 0x24, 0xf1, 0xef, 0xbb, 0x51, 0xff, 0xf8, 0xb7, 0x32, 0xff,
    0xfc, 0xb8, 0x37, 0xff, 0xfe, 0xb7, 0x37, 0xff, 0xff, 0xb5, 0x3a, 0xff,
    0xff, 0xb6, 0x3a, 0xff, 0xff, 0xb5, 0x3b, 0xff, 0xfe, 0xb7, 0x38, 0xff,
    0xff, 0xb8, 0x35, 0xff, 0xfe, 0xb9, 0x34, 0xff, 0xfc, 0xb5, 0x35, 0xff,
    0xf1, 0xba, 0x52, 0xff, 0x78, 0x5a, 0x23, 0xfd, 0x11, 0x06, 0x00, 0x5b,
    0x00, 0x00, 0x00, 0x00, 0x00, 0x00, 0x00, 0x00, 0x00, 0x00, 0x00, 0x00,
    0x00, 0x00, 0x00, 0x00, 0x00, 0x00, 0x00, 0x00, 0x00, 0x00, 0x00, 0x00,
    0x00, 0x00, 0x00, 0x00, 0x00, 0x00, 0x00, 0x00, 0x00, 0x00, 0x00, 0x00,
    0x00, 0x00, 0x00, 0x00, 0x00, 0x00, 0x00, 0x00, 0x00, 0x00, 0x00, 0x00,
    0x00, 0x00, 0x00, 0x00, 0x00, 0x00, 0x00, 0x00, 0x00, 0x00, 0x00, 0x00,
    0x00, 0x00, 0x00, 0x00, 0x00, 0x00, 0x00, 0x00, 0x00, 0x00, 0x00, 0x00,
    0x00, 0x00, 0x00, 0x00, 0x00, 0x00, 0x00, 0x00, 0x00, 0x00, 0x00, 0x00,
    0x00, 0x00, 0x00, 0x00, 0x00, 0x00, 0x00, 0x00, 0x00, 0x00, 0x00, 0x00,
    0x00, 0x00, 0x00, 0x00, 0x78, 0x59, 0x24, 0xe2, 0xef, 0xbb, 0x51, 0xff,
    0xf8, 0xb7, 0x32, 0xff, 0xfc, 0xb8, 0x37, 0xff, 0xfe, 0xb7, 0x37, 0xff,
    0xff, 0xb5, 0x3a, 0xff, 0xff, 0xb6, 0x3a, 0xff, 0xff, 0xb5, 0x3b, 0xff,
    0xfe, 0xb7, 0x38, 0xff, 0xff, 0xb8, 0x35, 0xff, 0xfe, 0xb9, 0x34, 0xff,
    0xfc, 0xb5, 0x35, 0xff, 0xf1, 0xba, 0x52, 0xff, 0x78, 0x5a, 0x23, 0xff,
    0x11, 0x06, 0x00, 0x5b, 0x00, 0x00, 0x00, 0x00, 0x00, 0x00, 0x00, 0x00,
    0x00, 0x00, 0x00, 0x00, 0x00, 0x00, 0x00, 0x00, 0x00, 0x00, 0x00, 0x00,
    0x00, 0x00, 0x00, 0x00, 0x00, 0x00, 0x00, 0x00, 0x00, 0x00, 0x00, 0x00,
    0x00, 0x00, 0x00, 0x00, 0x00, 0x00, 0x00, 0x00, 0x00, 0x00, 0x00, 0x00,
    0x00, 0x00, 0x00, 0x00, 0x00, 0x00, 0x00, 0x00, 0x00, 0x00, 0x00, 0x00,
    0x00, 0x00, 0x00, 0x00, 0x00, 0x00, 0x00, 0x00, 0x00, 0x00, 0x00, 0x00,
    0x00, 0x00, 0x00, 0x00, 0x00, 0x00, 0x00, 0x00, 0x00, 0x00, 0x00, 0x00,
    0x00, 0x00, 0x00, 0x00, 0x00, 0x00, 0x00, 0x00, 0x00, 0x00, 0x00, 0x00,
    0x00, 0x00, 0x00, 0x00, 0x00, 0x00, 0x00, 0x00, 0x79, 0x59, 0x24, 0xcb,
    0xef, 0xbb, 0x51, 0xff, 0xf8, 0xb7, 0x32, 0xff, 0xfc, 0xb8, 0x37, 0xff,
    0xfe, 0xb7, 0x37, 0xff, 0xff, 0xb5, 0x3a, 0xff, 0xff, 0xb6, 0x3a, 0xff,
    0xff, 0xb5, 0x3b, 0xff, 0xfe, 0xb7, 0x38, 0xff, 0xff, 0xb8, 0x35, 0xff,
    0xfe, 0xb9, 0x34, 0xff, 0xfc, 0xb5, 0x35, 0xff, 0xf1, 0xba, 0x52, 0xff,
    0x78, 0x5a, 0x23, 0xff, 0x11, 0x06, 0x00, 0x5b, 0x00, 0x00, 0x00, 0x00,
    0x00, 0x00, 0x00, 0x00, 0x00, 0x00, 0x00, 0x00, 0x00, 0x00, 0x00, 0x00,
    0x00, 0x00, 0x00, 0x00, 0x00, 0x00, 0x00, 0x00, 0x00, 0x00, 0x00, 0x00,
    0x00, 0x00, 0x00, 0x00, 0x00, 0x00, 0x00, 0x00, 0x00, 0x00, 0x00, 0x00,
    0x00, 0x00, 0x00, 0x00, 0x00, 0x00, 0x00, 0x00, 0x00, 0x00, 0x00, 0x00,
    0x00, 0x00, 0x00, 0x00, 0x00, 0x00, 0x00, 0x00, 0x00, 0x00, 0x00, 0x00,
    0x00, 0x00, 0x00, 0x00, 0x00, 0x00, 0x00, 0x00, 0x00, 0x00, 0x00, 0x00,
    0x00, 0x00, 0x00, 0x00, 0x00, 0x00, 0x00, 0x00, 0x00, 0x00, 0x00, 0x00,
    0x00, 0x00, 0x00, 0x00, 0x00, 0x00, 0x00, 0x00, 0x00, 0x00, 0x00, 0x00,
    0x77, 0x58, 0x23, 0xad, 0xef, 0xbb, 0x51, 0xff, 0xf8, 0xb7, 0x32, 0xff,
    0xfc, 0xb8, 0x37, 0xff, 0xfe, 0xb7, 0x37, 0xff, 0xff, 0xb5, 0x3a, 0xff,
    0xff, 0xb6, 0x3a, 0xff, 0xff, 0xb5, 0x3b, 0xff, 0xfe, 0xb7, 0x38, 0xff,
    0xff, 0xb8, 0x35, 0xff, 0xfe, 0xb9, 0x34, 0xff, 0xfc, 0xb5, 0x35, 0xff,
    0xf1, 0xba, 0x52, 0xff, 0x78, 0x5a, 0x23, 0xff, 0x11, 0x06, 0x00, 0x5b,
    0x00, 0x00, 0x00, 0x00, 0x00, 0x00, 0x00, 0x00, 0x00, 0x00, 0x00, 0x00,
    0x00, 0x00, 0x00, 0x00, 0x00, 0x00, 0x00, 0x00, 0x00, 0x00, 0x00, 0x00,
    0x00, 0x00, 0x00, 0x00, 0x00, 0x00, 0x00, 0x00, 0x00, 0x00, 0x00, 0x00,
    0x00, 0x00, 0x00, 0x00, 0x00, 0x00, 0x00, 0x00, 0x00, 0x00, 0x00, 0x00,
    0x00, 0x00, 0x00, 0x00, 0x00, 0x00, 0x00, 0x00, 0x00, 0x00, 0x00, 0x00,
    0x00, 0x00, 0x00, 0x00, 0x00, 0x00, 0x00, 0x00, 0x00, 0x00, 0x00, 0x00,
    0x00, 0x00, 0x00, 0x00, 0x00, 0x00, 0x00, 0x00, 0x00, 0x00, 0x00, 0x00,
    0x00, 0x00, 0x00, 0x00, 0x00, 0x00, 0x00, 0x00, 0x00, 0x00, 0x00, 0x00,
    0x00, 0x00, 0x00, 0x00, 0x77, 0x59, 0x23, 0x89, 0xef, 0xbb, 0x51, 0xff,
    0xf8, 0xb7, 0x32, 0xff, 0xfc, 0xb8, 0x37, 0xff, 0xfe, 0xb7, 0x37, 0xff,
    0xff, 0xb5, 0x3a, 0xff, 0xff, 0xb6, 0x3a, 0xff, 0xff, 0xb5, 0x3b, 0xff,
    0xfe, 0xb7, 0x38, 0xff, 0xff, 0xb8, 0x35, 0xff, 0xfe, 0xb9, 0x34, 0xff,
    0xfc, 0xb5, 0x35, 0xff, 0xf1, 0xba, 0x52, 0xff, 0x78, 0x5a, 0x23, 0xfa,
    0x11, 0x06, 0x00, 0x5b, 0x00, 0x00, 0x00, 0x00, 0x00, 0x00, 0x00, 0x00,
    0x00, 0x00, 0x00, 0x00, 0x00, 0x00, 0x00, 0x00, 0x00, 0x00, 0x00, 0x00,
    0x00, 0x00, 0x00, 0x00, 0x00, 0x00, 0x00, 0x00, 0x00, 0x00, 0x00, 0x00,
    0x00, 0x00, 0x00, 0x00, 0x00, 0x00, 0x00, 0x00, 0x00, 0x00, 0x00, 0x00,
    0x00, 0x00, 0x00, 0x00, 0x00, 0x00, 0x00, 0x00, 0x00, 0x00, 0x00, 0x00,
    0x00, 0x00, 0x00, 0x00, 0x00, 0x00, 0x00, 0x00, 0x00, 0x00, 0x00, 0x00,
    0x00, 0x00, 0x00, 0x00, 0x00, 0x00, 0x00, 0x00, 0x00, 0x00, 0x00, 0x00,
    0x00, 0x00, 0x00, 0x00, 0x00, 0x00, 0x00, 0x00, 0x00, 0x00, 0x00, 0x00,
    0x00, 0x00, 0x00, 0x00, 0x00, 0x00, 0x00, 0x00, 0x77, 0x5a, 0x23, 0x5e,
    0xef, 0xbb, 0x51, 0xfd, 0xf8, 0xb7, 0x32, 0xff, 0xfc, 0xb8, 0x37, 0xff,
    0xfe, 0xb7, 0x37, 0xff, 0xff, 0xb5, 0x3a, 0xff, 0xff, 0xb6, 0x3a, 0xff,
    0xff, 0xb5, 0x3b, 0xff, 0xfe, 0xb7, 0x38, 0xff, 0xff, 0xb8, 0x35, 0xff,
    0xfe, 0xb9, 0x34, 0xff, 0xfc, 0xb5, 0x35, 0xff, 0xf1, 0xba, 0x52, 0xff,
    0x78, 0x5a, 0x23, 0xfa, 0x11, 0x06, 0x00, 0x5a, 0x00, 0x00, 0x00, 0x00,
    0x00, 0x00, 0x00, 0x00, 0x00, 0x00, 0x00, 0x00, 0x00, 0x00, 0x00, 0x00,
    0x00, 0x00, 0x00, 0x00, 0x00, 0x00, 0x00, 0x00, 0x00, 0x00, 0x00, 0x00,
    0x00, 0x00, 0x00, 0x00, 0x00, 0x00, 0x00, 0x00, 0x00, 0x00, 0x00, 0x00,
    0x00, 0x00, 0x00, 0x00, 0x00, 0x00, 0x00, 0x00, 0x00, 0x00, 0x00, 0x00,
    0x00, 0x00, 0x00, 0x00, 0x00, 0x00, 0x00, 0x00, 0x00, 0x00, 0x00, 0x00,
    0x00, 0x00, 0x00, 0x00, 0x00, 0x00, 0x00, 0x00, 0x00, 0x00, 0x00, 0x00,
    0x00, 0x00, 0x00, 0x00, 0x00, 0x00, 0x00, 0x00, 0x00, 0x00, 0x00, 0x00,
    0x00, 0x00, 0x00, 0x00, 0x00, 0x00, 0x00, 0x00, 0x00, 0x00, 0x00, 0x00,
    0x76, 0x58, 0x22, 0x34, 0xef, 0xbb, 0x51, 0xf9, 0xf8, 0xb7, 0x32, 0xff,
    0xfc, 0xb8, 0x37, 0xff, 0xfe, 0xb7, 0x37, 0xff, 0xff, 0xb5, 0x3a, 0xff,
    0xff, 0xb6, 0x3a, 0xff, 0xff, 0xb5, 0x3b, 0xff, 0xfe, 0xb7, 0x38, 0xff,
    0xff, 0xb8, 0x35, 0xff, 0xfe, 0xb9, 0x34, 0xff, 0xfc, 0xb5, 0x35, 0xff,
    0xf1, 0xba, 0x52, 0xff, 0x78, 0x5a, 0x23, 0xff, 0x11, 0x06, 0x00, 0x59,
    0x00, 0x00, 0x00, 0x00, 0x00, 0x00, 0x00, 0x00, 0x00, 0x00, 0x00, 0x00,
    0x00, 0x00, 0x00, 0x00, 0x00, 0x00, 0x00, 0x00, 0x00, 0x00, 0x00, 0x00,
    0x00, 0x00, 0x00, 0x00, 0x00, 0x00, 0x00, 0x00, 0x00, 0x00, 0x00, 0x00,
    0x00, 0x00, 0x00, 0x00, 0x00, 0x00, 0x00, 0x00, 0x00, 0x00, 0x00, 0x00,
    0x00, 0x00, 0x00, 0x00, 0x00, 0x00, 0x00, 0x00, 0x00, 0x00, 0x00, 0x00,
    0x00, 0x00, 0x00, 0x00, 0x00, 0x00, 0x00, 0x00, 0x00, 0x00, 0x00, 0x00,
    0x00, 0x00, 0x00, 0x00, 0x00, 0x00, 0x00, 0x00, 0x00, 0x00, 0x00, 0x00,
    0x00, 0x00, 0x00, 0x00, 0x00, 0x00, 0x00, 0x00, 0x00, 0x00, 0x00, 0x00,
    0x00, 0x00, 0x00, 0x00, 0x80, 0x60, 0x20, 0x10, 0xef, 0xbb, 0x51, 0xf5,
    0xf8, 0xb7, 0x32, 0xff, 0xfc, 0xb8, 0x37, 0xff, 0xfe, 0xb7, 0x37, 0xff,
    0xff, 0xb5, 0x3a, 0xff, 0xff, 0xb6, 0x3a, 0xff, 0xff, 0xb5, 0x3b, 0xff,
    0xfe, 0xb7, 0x38, 0xff, 0xff, 0xb8, 0x35, 0xff, 0xfe, 0xb9, 0x34, 0xff,
    0xfc, 0xb5, 0x35, 0xff, 0xf1, 0xba, 0x52, 0xff, 0x78, 0x5a, 0x23, 0xff,
    0x11, 0x06, 0x00, 0x59, 0x00, 0x00, 0x00, 0x00, 0x00, 0x00, 0x00, 0x00,
    0x00, 0x00, 0x00, 0x00, 0x00, 0x00, 0x00, 0x00, 0x00, 0x00, 0x00, 0x00,
    0x00, 0x00, 0x00, 0x00, 0x00, 0x00, 0x00, 0x00, 0x00, 0x00, 0x00, 0x00,
    0x00, 0x00, 0x00, 0x00, 0x00, 0x00, 0x00, 0x00, 0x00, 0x00, 0x00, 0x00,
    0x00, 0x00, 0x00, 0x00, 0x00, 0x00, 0x00, 0x00, 0x00, 0x00, 0x00, 0x00,
    0x00, 0x00, 0x00, 0x00, 0x00, 0x00, 0x00, 0x00, 0x00, 0x00, 0x00, 0x00,
    0x00, 0x00, 0x00, 0x00, 0x00, 0x00, 0x00, 0x00, 0x00, 0x00, 0x00, 0x00,
    0x00, 0x00, 0x00, 0x00, 0x00, 0x00, 0x00, 0x00, 0x00, 0x00, 0x00, 0x00,
    0x00, 0x00, 0x00, 0x00, 0x00, 0x00, 0x00, 0x00, 0x00, 0x00, 0x00, 0x00,
    0xef, 0xbb, 0x51, 0xec, 0xf8, 0xb7, 0x32, 0xff, 0xfc, 0xb8, 0x37, 0xff,
    0xfe, 0xb7, 0x37, 0xff, 0xff, 0xb5, 0x3a, 0xff, 0xff, 0xb6, 0x3a, 0xff,
    0xff, 0xb5, 0x3b, 0xff, 0xfe, 0xb7, 0x38, 0xff, 0xff, 0xb8, 0x35, 0xff,
    0xfe, 0xb9, 0x34, 0xff, 0xfc, 0xb5, 0x35, 0xff, 0xf1, 0xba, 0x52, 0xff,
    0x78, 0x5a, 0x23, 0xff, 0x11, 0x06, 0x00, 0x59, 0x00, 0x00, 0x00, 0x00,
    0x00, 0x00, 0x00, 0x00, 0x00, 0x00, 0x00, 0x00, 0x00, 0x00, 0x00, 0x00,
    0x00, 0x00, 0x00, 0x00, 0x00, 0x00, 0x00, 0x00, 0x00, 0x00, 0x00, 0x00,
    0x00, 0x00, 0x00, 0x00, 0x00, 0x00, 0x00, 0x00, 0x00, 0x00, 0x00, 0x00,
    0x00, 0x00, 0x00, 0x00, 0x00, 0x00, 0x00, 0x00, 0x00, 0x00, 0x00, 0x00,
    0x00, 0x00, 0x00, 0x00, 0x00, 0x00, 0x00, 0x00, 0x00, 0x00, 0x00, 0x00,
    0x00, 0x00, 0x00, 0x00, 0x00, 0x00, 0x00, 0x00, 0x00, 0x00, 0x00, 0x00,
    0x00, 0x00, 0x00, 0x00, 0x00, 0x00, 0x00, 0x00, 0x00, 0x00, 0x00, 0x00,
    0x00, 0x00, 0x00, 0x00, 0x00, 0x00, 0x00, 0x00, 0x00, 0x00, 0x00, 0x00,
    0x00, 0x00, 0x00, 0x00, 0xef, 0xbb, 0x51, 0xe0, 0xf8, 0xb7, 0x32, 0xff,
    0xfc, 0xb8, 0x37, 0xff, 0xfe, 0xb7, 0x37, 0xff, 0xff, 0xb5, 0x3a, 0xff,
    0xff, 0xb6, 0x3a, 0xff, 0xff, 0xb5, 0x3b, 0xff, 0xfe, 0xb7, 0x38, 0xff,
    0xff, 0xb8, 0x35, 0xff, 0xfe, 0xb9, 0x34, 0xff, 0xfc, 0xb5, 0x35, 0xff,
    0xf1, 0xba, 0x52, 0xff, 0x78, 0x5a, 0x23, 0xff, 0x11, 0x06, 0x00, 0x59,
    0x00, 0x00, 0x00, 0x00, 0x00, 0x00, 0x00, 0x00, 0x00, 0x00, 0x00, 0x00,
    0x00, 0x00, 0x00, 0x00, 0x00, 0x00, 0x00, 0x00, 0x00, 0x00, 0x00, 0x00,
    0x00, 0x00, 0x00, 0x00, 0x00, 0x00, 0x00, 0x00, 0x00, 0x00, 0x00, 0x00,
    0x00, 0x00, 0x00, 0x00, 0x00, 0x00, 0x00, 0x00, 0x00, 0x00, 0x00, 0x00,
    0x00, 0x00, 0x00, 0x00, 0x00, 0x00, 0x00, 0x00, 0x00, 0x00, 0x00, 0x00,
    0x00, 0x00, 0x00, 0x00, 0x00, 0x00, 0x00, 0x00, 0x00, 0x00, 0x00, 0x00,
    0x00, 0x00, 0x00, 0x00, 0x00, 0x00, 0x00, 0x00, 0x00, 0x00, 0x00, 0x00,
    0x00, 0x00, 0x00, 0x00, 0x00, 0x00, 0x00, 0x00, 0x00, 0x00, 0x00, 0x00,
    0x00, 0x00, 0x00, 0x00, 0x00, 0x00, 0x00, 0x00, 0xef, 0xba, 0x51, 0xd4,
    0xf8, 0xb7, 0x32, 0xff, 0xfc, 0xb8, 0x37, 0xff, 0xfe, 0xb7, 0x37, 0xff,
    0xff, 0xb5, 0x3a, 0xff, 0xff, 0xb6, 0x3a, 0xff, 0xff, 0xb5, 0x3b, 0xff,
    0xfe, 0xb7, 0x38, 0xff, 0xff, 0xb8, 0x35, 0xff, 0xfe, 0xb9, 0x34, 0xff,
    0xfc, 0xb5, 0x35, 0xff, 0xf1, 0xba, 0x52, 0xff, 0x78, 0x5a, 0x23, 0xff,
    0x11, 0x06, 0x00, 0x59, 0x00, 0x00, 0x00, 0x00, 0x00, 0x00, 0x00, 0x00,
    0x00, 0x00, 0x00, 0x00, 0x00, 0x00, 0x00, 0x00, 0x00, 0x00, 0x00, 0x00,
    0x00, 0x00, 0x00, 0x00, 0x00, 0x00, 0x00, 0x00, 0x00, 0x00, 0x00, 0x00,
    0x00, 0x00, 0x00, 0x00, 0x00, 0x00, 0x00, 0x00, 0x00, 0x00, 0x00, 0x00,
    0x00, 0x00, 0x00, 0x00, 0x00, 0x00, 0x00, 0x00, 0x00, 0x00, 0x00, 0x00,
    0x00, 0x00, 0x00, 0x00, 0x00, 0x00, 0x00, 0x00, 0x00, 0x00, 0x00, 0x00,
    0x00, 0x00, 0x00, 0x00, 0x00, 0x00, 0x00, 0x00, 0x00, 0x00, 0x00, 0x00,
    0x00, 0x00, 0x00, 0x00, 0x00, 0x00, 0x00, 0x00, 0x00, 0x00, 0x00, 0x00,
    0x00, 0x00, 0x00, 0x00, 0x00, 0x00, 0x00, 0x00, 0x00, 0x00, 0x00, 0x00,
    0xf0, 0xbb, 0x51, 0xc7, 0xf8, 0xb7, 0x32, 0xff, 0xfc, 0xb8, 0x37, 0xff,
    0xfe, 0xb7, 0x37, 0xff, 0xff, 0xb5, 0x3a, 0xff, 0xff, 0xb6, 0x3a, 0xff,
    0xff, 0xb5, 0x3b, 0xff, 0xfe, 0xb7, 0x38, 0xff, 0xff, 0xb8, 0x35, 0xff,
    0xfe, 0xb9, 0x34, 0xff, 0xfc, 0xb5, 0x35, 0xff, 0xf1, 0xba, 0x52, 0xff,
    0x78, 0x5a, 0x23, 0xff, 0x12, 0x05, 0x00, 0x90, 0x00, 0x00, 0x00, 0x00,
    0x00, 0x00, 0x00, 0x00, 0x00, 0x00, 0x00, 0x00, 0x00, 0x00, 0x00, 0x00,
    0x00, 0x00, 0x00, 0x00, 0x00, 0x00, 0x00, 0x00, 0x00, 0x00, 0x00, 0x00,
    0x00, 0x00, 0x00, 0x00, 0x00, 0x00, 0x00, 0x00, 0x00, 0x00, 0x00, 0x00,
    0x00, 0x00, 0x00, 0x00, 0x00, 0x00, 0x00, 0x00, 0x00, 0x00, 0x00, 0x00,
    0x00, 0x00, 0x00, 0x00, 0x00, 0x00, 0x00, 0x00, 0x00, 0x00, 0x00, 0x00,
    0x00, 0x00, 0x00, 0x00, 0x00, 0x00, 0x00, 0x00, 0x00, 0x00, 0x00, 0x00,
    0x00, 0x00, 0x00, 0x00, 0x00, 0x00, 0x00, 0x00, 0x00, 0x00, 0x00, 0x00,
    0x00, 0x00, 0x00, 0x00, 0x00, 0x00, 0x00, 0x00, 0x00, 0x00, 0x00, 0x00,
    0x00, 0x00, 0x00, 0x00, 0xef, 0xbb, 0x51, 0xbe, 0xf8, 0xb7, 0x32, 0xff,
    0xfc, 0xb8, 0x37, 0xff, 0xfe, 0xb7, 0x37, 0xff, 0xff, 0xb5, 0x3a, 0xff,
    0xff, 0xb6, 0x3a, 0xff, 0xff, 0xb5, 0x3b, 0xff, 0xfe, 0xb7, 0x38, 0xff,
    0xff, 0xb8, 0x35, 0xff, 0xfe, 0xb9, 0x34, 0xff, 0xfc, 0xb5, 0x35, 0xff,
    0xf1, 0xba, 0x52, 0xff, 0x78, 0x5a, 0x23, 0xff, 0x13, 0x06, 0x00, 0xb3,
    0x00, 0x00, 0x00, 0x00, 0x00, 0x00, 0x00, 0x00, 0x00, 0x00, 0x00, 0x00,
    0x00, 0x00, 0x00, 0x00, 0x00, 0x00, 0x00, 0x00, 0x00, 0x00, 0x00, 0x00,
    0x00, 0x00, 0x00, 0x00, 0x00, 0x00, 0x00, 0x00, 0x00, 0x00, 0x00, 0x00,
    0x00, 0x00, 0x00, 0x00, 0x00, 0x00, 0x00, 0x00, 0x00, 0x00, 0x00, 0x00,
    0x00, 0x00, 0x00, 0x00, 0x00, 0x00, 0x00, 0x00, 0x00, 0x00, 0x00, 0x00,
    0x00, 0x00, 0x00, 0x00, 0x00, 0x00, 0x00, 0x00, 0x00, 0x00, 0x00, 0x00,
    0x00, 0x00, 0x00, 0x00, 0x00, 0x00, 0x00, 0x00, 0x00, 0x00, 0x00, 0x00,
    0x00, 0x00, 0x00, 0x00, 0x00, 0x00, 0x00, 0x00, 0x00, 0x00, 0x00, 0x00,
    0x00, 0x00, 0x00, 0x00, 0x00, 0x00, 0x00, 0x00, 0xee, 0xbb, 0x50, 0xb8,
    0xf8, 0xb7, 0x32, 0xff, 0xfc, 0xb8, 0x37, 0xff, 0xfe, 0xb7, 0x37, 0xff,
    0xff, 0xb5, 0x3a, 0xff, 0xff, 0xb6, 0x3a, 0xff, 0xff, 0xb5, 0x3b, 0xff,
    0xfe, 0xb7, 0x38, 0xff, 0xff, 0xb8, 0x35, 0xff, 0xfe, 0xb9, 0x34, 0xff,
    0xfc, 0xb5, 0x35, 0xff, 0xf1, 0xba, 0x52, 0xff, 0x78, 0x5a, 0x23, 0xff,
    0x12, 0x06, 0x00, 0xb4, 0x00, 0x00, 0x00, 0x00, 0x00, 0x00, 0x00, 0x00,
    0x00, 0x00, 0x00, 0x00, 0x00, 0x00, 0x00, 0x00, 0x00, 0x00, 0x00, 0x00,
    0x00, 0x00, 0x00, 0x00, 0x00, 0x00, 0x00, 0x00, 0x00, 0x00, 0x00, 0x00,
    0x00, 0x00, 0x00, 0x00, 0x00, 0x00, 0x00, 0x00, 0x00, 0x00, 0x00, 0x00,
    0x00, 0x00, 0x00, 0x00, 0x00, 0x00, 0x00, 0x00, 0x00, 0x00, 0x00, 0x00,
    0x00, 0x00, 0x00, 0x00, 0x00, 0x00, 0x00, 0x00, 0x00, 0x00, 0x00, 0x00,
    0x00, 0x00, 0x00, 0x00, 0x00, 0x00, 0x00, 0x00, 0x00, 0x00, 0x00, 0x00,
    0x00, 0x00, 0x00, 0x00, 0x00, 0x00, 0x00, 0x00, 0x00, 0x00, 0x00, 0x00,
    0x00, 0x00, 0x00, 0x00, 0x00, 0x00, 0x00, 0x00, 0x00, 0x00, 0x00, 0x00,
    0xef, 0xbb, 0x51, 0xb1, 0xf8, 0xb7, 0x32, 0xff, 0xfc, 0xb8, 0x37, 0xff,
    0xfe, 0xb7, 0x37, 0xff, 0xff, 0xb5, 0x3a, 0xff, 0xff, 0xb6, 0x3a, 0xff,
    0xff, 0xb5, 0x3b, 0xff, 0xfe, 0xb7, 0x38, 0xff, 0xff, 0xb8, 0x35, 0xff,
    0xfe, 0xb9, 0x34, 0xff, 0xfc, 0xb5, 0x35, 0xff, 0xf1, 0xba, 0x52, 0xff,
    0x78, 0x5a, 0x23, 0xff, 0x12, 0x06, 0x00, 0xb4, 0x00, 0x00, 0x00, 0x00,
    0x00, 0x00, 0x00, 0x00, 0x00, 0x00, 0x00, 0x00, 0x00, 0x00, 0x00, 0x00,
    0x00, 0x00, 0x00, 0x00, 0x00, 0x00, 0x00, 0x00, 0x00, 0x00, 0x00, 0x00,
    0x00, 0x00, 0x00, 0x00, 0x00, 0x00, 0x00, 0x00, 0x00, 0x00, 0x00, 0x00,
    0x00, 0x00, 0x00, 0x00, 0x00, 0x00, 0x00, 0x00, 0x00, 0x00, 0x00, 0x00,
    0x00, 0x00, 0x00, 0x00, 0x00, 0x00, 0x00, 0x00, 0x00, 0x00, 0x00, 0x00,
    0x00, 0x00, 0x00, 0x00, 0x00, 0x00, 0x00, 0x00, 0x00, 0x00, 0x00, 0x00,
    0x00, 0x00, 0x00, 0x00, 0x00, 0x00, 0x00, 0x00, 0x00, 0x00, 0x00, 0x00,
    0x00, 0x00, 0x00, 0x00, 0x00, 0x00, 0x00, 0x00, 0x00, 0x00, 0x00, 0x00,
    0x00, 0x00, 0x00, 0x00, 0xef, 0xbc, 0x51, 0xaa, 0xf8, 0xb7, 0x32, 0xff,
    0xfc, 0xb8, 0x37, 0xff, 0xfe, 0xb7, 0x37, 0xff, 0xff, 0xb5, 0x3a, 0xff,
    0xff, 0xb6, 0x3a, 0xff, 0xff, 0xb5, 0x3b, 0xff, 0xfe, 0xb7, 0x38, 0xff,
    0xff, 0xb8, 0x35, 0xff, 0xfe, 0xb9, 0x34, 0xff, 0xfc, 0xb5, 0x35, 0xff,
    0xf1, 0xba, 0x52, 0xff, 0x78, 0x5a, 0x23, 0xff, 0x12, 0x06, 0x00, 0xb4,
    0x00, 0x00, 0x00, 0x00, 0x00, 0x00, 0x00, 0x00, 0x00, 0x00, 0x00, 0x00,
    0x00, 0x00, 0x00, 0x00, 0x00, 0x00, 0x00, 0x00, 0x00, 0x00, 0x00, 0x00,
    0x00, 0x00, 0x00, 0x00, 0x00, 0x00, 0x00, 0x00, 0x00, 0x00, 0x00, 0x00,
    0x00, 0x00, 0x00, 0x00, 0x00, 0x00, 0x00, 0x00, 0x00, 0x00, 0x00, 0x00,
    0x00, 0x00, 0x00, 0x00, 0x00, 0x00, 0x00, 0x00, 0x00, 0x00, 0x00, 0x00,
    0x00, 0x00, 0x00, 0x00, 0x00, 0x00, 0x00, 0x00, 0x00, 0x00, 0x00, 0x00,
    0x00, 0x00, 0x00, 0x00, 0x00, 0x00, 0x00, 0x00, 0x00, 0x00, 0x00, 0x00,
    0x00, 0x00, 0x00, 0x00, 0x00, 0x00, 0x00, 0x00, 0x00, 0x00, 0x00, 0x00,
    0x00, 0x00, 0x00, 0x00, 0x00, 0x00, 0x00, 0x00, 0xf0, 0xbb, 0x50, 0xa5,
    0xf8, 0xb7, 0x32, 0xff, 0xfc, 0xb8, 0x37, 0xff, 0xfe, 0xb7, 0x37, 0xff,
    0xff, 0xb5, 0x3a, 0xff, 0xff, 0xb6, 0x3a, 0xff, 0xff, 0xb5, 0x3b, 0xff,
    0xfe, 0xb7, 0x38, 0xff, 0xff, 0xb8, 0x35, 0xff, 0xfe, 0xb9, 0x34, 0xff,
    0xfc, 0xb5, 0x35, 0xff, 0xf1, 0xba, 0x52, 0xff, 0x78, 0x5a, 0x23, 0xff,
    0x12, 0x06, 0x00, 0xb4, 0x00, 0x00, 0x00, 0x00, 0x00, 0x00, 0x00, 0x00,
    0x00, 0x00, 0x00, 0x00, 0x00, 0x00, 0x00, 0x00, 0x00, 0x00, 0x00, 0x00,
    0x00, 0x00, 0x00, 0x00, 0x00, 0x00, 0x00, 0x00, 0x00, 0x00, 0x00, 0x00,
    0x00, 0x00, 0x00, 0x00, 0x00, 0x00, 0x00, 0x00, 0x00, 0x00, 0x00, 0x00,
    0x00, 0x00, 0x00, 0x00, 0x00, 0x00, 0x00, 0x00, 0x00, 0x00, 0x00, 0x00,
    0x00, 0x00, 0x00, 0x00, 0x00, 0x00, 0x00, 0x00, 0x00, 0x00, 0x00, 0x00,
    0x00, 0x00, 0x00, 0x00, 0x00, 0x00, 0x00, 0x00, 0x00, 0x00, 0x00, 0x00,
    0x00, 0x00, 0x00, 0x00, 0x00, 0x00, 0x00, 0x00, 0x00, 0x00, 0x00, 0x00,
    0x00, 0x00, 0x00, 0x00, 0x00, 0x00, 0x00, 0x00, 0x00, 0x00, 0x00, 0x00,
    0xef, 0xbb, 0x51, 0xa1, 0xf8, 0xb7, 0x32, 0xff, 0xfc, 0xb8, 0x37, 0xff,
    0xfe, 0xb7, 0x37, 0xff, 0xff, 0xb5, 0x3a, 0xff, 0xff, 0xb6, 0x3a, 0xff,
    0xff, 0xb5, 0x3b, 0xff, 0xfe, 0xb7, 0x38, 0xff, 0xff, 0xb8, 0x35, 0xff,
    0xfe, 0xb9, 0x34, 0xff, 0xfc, 0xb5, 0x35, 0xff, 0xf1, 0xba, 0x52, 0xff,
    0x78, 0x5a, 0x23, 0xff, 0x12, 0x06, 0x00, 0xb4, 0x00, 0x00, 0x00, 0x00,
    0x00, 0x00, 0x00, 0x00, 0x00, 0x00, 0x00, 0x00, 0x00, 0x00, 0x00, 0x00,
    0x00, 0x00, 0x00, 0x00, 0x00, 0x00, 0x00, 0x00, 0x00, 0x00, 0x00, 0x00,
    0x00, 0x00, 0x00, 0x00, 0x00, 0x00, 0x00, 0x00, 0x00, 0x00, 0x00, 0x00,
    0x00, 0x00, 0x00, 0x00, 0x00, 0x00, 0x00, 0x00, 0x00, 0x00, 0x00, 0x00,
    0x00, 0x00, 0x00, 0x00, 0x00, 0x00, 0x00, 0x00, 0x00, 0x00, 0x00, 0x00,
    0x00, 0x00, 0x00, 0x00, 0x00, 0x00, 0x00, 0x00, 0x00, 0x00, 0x00, 0x00,
    0x00, 0x00, 0x00, 0x00, 0x00, 0x00, 0x00, 0x00, 0x00, 0x00, 0x00, 0x00,
    0x00, 0x00, 0x00, 0x00, 0x00, 0x00, 0x00, 0x00, 0x00, 0x00, 0x00, 0x00,
    0x74, 0x5d, 0x2e, 0x0b, 0xef, 0xbb, 0x51, 0x9d, 0xf8, 0xb7, 0x32, 0xff,
    0xfc, 0xb8, 0x37, 0xff, 0xfe, 0xb7, 0x37, 0xff, 0xff, 0xb5, 0x3a, 0xff,
    0xff, 0xb6, 0x3a, 0xff, 0xff, 0xb5, 0x3b, 0xff, 0xfe, 0xb7, 0x38, 0xff,
    0xff, 0xb8, 0x35, 0xff, 0xfe, 0xb9, 0x34, 0xff, 0xfc, 0xb5, 0x35, 0xff,
    0xf1, 0xba, 0x52, 0xff, 0x78, 0x5a, 0x23, 0xff, 0x12, 0x06, 0x00, 0xb4,
    0x00, 0x00, 0x00, 0x00, 0x00, 0x00, 0x00, 0x00, 0x00, 0x00, 0x00, 0x00,
    0x00, 0x00, 0x00, 0x00, 0x00, 0x00, 0x00, 0x00, 0x00, 0x00, 0x00, 0x00,
    0x00, 0x00, 0x00, 0x00, 0x00, 0x00, 0x00, 0x00, 0x00, 0x00, 0x00, 0x00,
    0x00, 0x00, 0x00, 0x00, 0x00, 0x00, 0x00, 0x00, 0x00, 0x00, 0x00, 0x00,
    0x00, 0x00, 0x00, 0x00, 0x00, 0x00, 0x00, 0x00, 0x00, 0x00, 0x00, 0x00,
    0x00, 0x00, 0x00, 0x00, 0x00, 0x00, 0x00, 0x00, 0x00, 0x00, 0x00, 0x00,
    0x00, 0x00, 0x00, 0x00, 0x00, 0x00, 0x00, 0x00, 0x00, 0x00, 0x00, 0x00,
    0x00, 0x00, 0x00, 0x00, 0x00, 0x00, 0x00, 0x00, 0x00, 0x00, 0x00, 0x00,
    0x00, 0x00, 0x00, 0x00, 0x79, 0x59, 0x26, 0x28, 0xee, 0xba, 0x51, 0x98,
    0xf8, 0xb7, 0x32, 0xff, 0xfc, 0xb8, 0x37, 0xff, 0xfe, 0xb7, 0x37, 0xff,
    0xff, 0xb5, 0x3a, 0xff, 0xff, 0xb6, 0x3a, 0xff, 0xff, 0xb5, 0x3b, 0xff,
    0xfe, 0xb7, 0x38, 0xff, 0xff, 0xb8, 0x35, 0xff, 0xfe, 0xb9, 0x34, 0xff,
    0xfc, 0xb5, 0x35, 0xff, 0xf1, 0xba, 0x52, 0xff, 0x78, 0x5a, 0x23, 0xff,
    0x12, 0x06, 0x00, 0xb4, 0x00, 0x00, 0x00, 0x00, 0x00, 0x00, 0x00, 0x00,
    0x00, 0x00, 0x00, 0x00, 0x00, 0x00, 0x00, 0x00, 0x00, 0x00, 0x00, 0x00,
    0x00, 0x00, 0x00, 0x00, 0x00, 0x00, 0x00, 0x00, 0x00, 0x00, 0x00, 0x00,
    0x00, 0x00, 0x00, 0x00, 0x00, 0x00, 0x00, 0x00, 0x00, 0x00, 0x00, 0x00,
    0x00, 0x00, 0x00, 0x00, 0x00, 0x00, 0x00, 0x00, 0x00, 0x00, 0x00, 0x00,
    0x00, 0x00, 0x00, 0x00, 0x00, 0x00, 0x00, 0x00, 0x00, 0x00, 0x00, 0x00,
    0x00, 0x00, 0x00, 0x00, 0x00, 0x00, 0x00, 0x00, 0x00, 0x00, 0x00, 0x00,
    0x00, 0x00, 0x00, 0x00, 0x00, 0x00, 0x00, 0x00, 0x00, 0x00, 0x00, 0x00,
    0x00, 0x00, 0x00, 0x00, 0x00, 0x00, 0x00, 0x00, 0x79, 0x58, 0x24, 0x4e,
    0xee, 0xbb, 0x51, 0x9a, 0xf8, 0xb7, 0x32, 0xff, 0xfc, 0xb8, 0x37, 0xff,
    0xfe, 0xb7, 0x37, 0xff, 0xff, 0xb5, 0x3a, 0xff, 0xff, 0xb6, 0x3a, 0xff,
    0xff, 0xb5, 0x3b, 0xff, 0xfe, 0xb7, 0x38, 0xff, 0xff, 0xb8, 0x35, 0xff,
    0xfe, 0xb9, 0x34, 0xff, 0xfc, 0xb5, 0x35, 0xff, 0xf1, 0xba, 0x52, 0xff,
    0x78, 0x5a, 0x23, 0xff, 0x12, 0x06, 0x00, 0xb4, 0x00, 0x00, 0x00, 0x00,
    0x00, 0x00, 0x00, 0x00, 0x00, 0x00, 0x00, 0x00, 0x00, 0x00, 0x00, 0x00,
    0x00, 0x00, 0x00, 0x00, 0x00, 0x00, 0x00, 0x00, 0x00, 0x00, 0x00, 0x00,
    0x00, 0x00, 0x00, 0x00, 0x00, 0x00, 0x00, 0x00, 0x00, 0x00, 0x00, 0x00,
    0x00, 0x00, 0x00, 0x00, 0x00, 0x00, 0x00, 0x00, 0x00, 0x00, 0x00, 0x00,
    0x00, 0x00, 0x00, 0x00, 0x00, 0x00, 0x00, 0x00, 0x00, 0x00, 0x00, 0x00,
    0x00, 0x00, 0x00, 0x00, 0x00, 0x00, 0x00, 0x00, 0x00, 0x00, 0x00, 0x00,
    0x00, 0x00, 0x00, 0x00, 0x00, 0x00, 0x00, 0x00, 0x00, 0x00, 0x00, 0x00,
    0x00, 0x00, 0x00, 0x00, 0x00, 0x00, 0x00, 0x00, 0x00, 0x00, 0x00, 0x00,
    0x78, 0x58, 0x24, 0x71, 0xef, 0xbb, 0x50, 0xa2, 0xf8, 0xb7, 0x32, 0xff,
    0xfc, 0xb8, 0x37, 0xff, 0xfe, 0xb7, 0x37, 0xff, 0xff, 0xb5, 0x3a, 0xff,
    0xff, 0xb6, 0x3a, 0xff, 0xff, 0xb5, 0x3b, 0xff, 0xfe, 0xb7, 0x38, 0xff,
    0xff, 0xb8, 0x35, 0xff, 0xfe, 0xb9, 0x34, 0xff, 0xfc, 0xb5, 0x35, 0xff,
    0xf1, 0xba, 0x52, 0xff, 0x78, 0x5a, 0x23, 0xff, 0x12, 0x06, 0x00, 0xb4,
    0x00, 0x00, 0x00, 0x00, 0x00, 0x00, 0x00, 0x00, 0x00, 0x00, 0x00, 0x00,
    0x00, 0x00, 0x00, 0x00, 0x00, 0x00, 0x00, 0x00, 0x00, 0x00, 0x00, 0x00,
    0x00, 0x00, 0x00, 0x00, 0x00, 0x00, 0x00, 0x00, 0x00, 0x00, 0x00, 0x00,
    0x00, 0x00, 0x00, 0x00, 0x00, 0x00, 0x00, 0x00, 0x00, 0x00, 0x00, 0x00,
    0x00, 0x00, 0x00, 0x00, 0x00, 0x00, 0x00, 0x00, 0x00, 0x00, 0x00, 0x00,
    0x00, 0x00, 0x00, 0x00, 0x00, 0x00, 0x00, 0x00, 0x00, 0x00, 0x00, 0x00,
    0x00, 0x00, 0x00, 0x00, 0x00, 0x00, 0x00, 0x00, 0x00, 0x00, 0x00, 0x00,
    0x00, 0x00, 0x00, 0x00, 0x00, 0x00, 0x00, 0x00, 0x00, 0x00, 0x00, 0x00,
    0x00, 0x00, 0x00, 0x00, 0x77, 0x59, 0x24, 0x8d, 0xef, 0xbb, 0x51, 0xad,
    0xf8, 0xb7, 0x32, 0xff, 0xfc, 0xb8, 0x37, 0xff, 0xfe, 0xb7, 0x37, 0xff,
    0xff, 0xb5, 0x3a, 0xff, 0xff, 0xb6, 0x3a, 0xff, 0xff, 0xb5, 0x3b, 0xff,
    0xfe, 0xb7, 0x38, 0xff, 0xff, 0xb8, 0x35, 0xff, 0xfe, 0xb9, 0x34, 0xff,
    0xfc, 0xb5, 0x35, 0xff, 0xf1, 0xba, 0x52, 0xff, 0x78, 0x5a, 0x23, 0xff,
    0x12, 0x06, 0x00, 0xb4, 0x00, 0x00, 0x00, 0x00, 0x00, 0x00, 0x00, 0x00,
    0x00, 0x00, 0x00, 0x00, 0x00, 0x00, 0x00, 0x00, 0x00, 0x00, 0x00, 0x00,
    0x00, 0x00, 0x00, 0x00, 0x00, 0x00, 0x00, 0x00, 0x00, 0x00, 0x00, 0x00,
    0x00, 0x00, 0x00, 0x00, 0x00, 0x00, 0x00, 0x00, 0x00, 0x00, 0x00, 0x00,
    0x00, 0x00, 0x00, 0x00, 0x00, 0x00, 0x00, 0x00, 0x00, 0x00, 0x00, 0x00,
    0x00, 0x00, 0x00, 0x00, 0x00, 0x00, 0x00, 0x00, 0x00, 0x00, 0x00, 0x00,
    0x00, 0x00, 0x00, 0x00, 0x00, 0x00, 0x00, 0x00, 0x00, 0x00, 0x00, 0x00,
    0x00, 0x00, 0x00, 0x00, 0x00, 0x00, 0x00, 0x00, 0x00, 0x00, 0x00, 0x00,
    0x00, 0x00, 0x00, 0x00, 0x00, 0x00, 0x00, 0x00, 0x78, 0x59, 0x24, 0xa3,
    0xee, 0xbb, 0x51, 0xb9, 0xf8, 0xb7, 0x32, 0xff, 0xfc, 0xb8, 0x37, 0xff,
    0xfe, 0xb7, 0x37, 0xff, 0xff, 0xb5, 0x3a, 0xff, 0xff, 0xb6, 0x3a, 0xff,
    0xff, 0xb5, 0x3b, 0xff, 0xfe, 0xb7, 0x38, 0xff, 0xff, 0xb8, 0x35, 0xff,
    0xfe, 0xb9, 0x34, 0xff, 0xfc, 0xb5, 0x35, 0xff, 0xf1, 0xba, 0x52, 0xff,
    0x78, 0x5a, 0x23, 0xff, 0x12, 0x06, 0x00, 0xb4, 0x00, 0x00, 0x00, 0x00,
    0x00, 0x00, 0x00, 0x00, 0x00, 0x00, 0x00, 0x00, 0x00, 0x00, 0x00, 0x00,
    0x00, 0x00, 0x00, 0x00, 0x00, 0x00, 0x00, 0x00, 0x00, 0x00, 0x00, 0x00,
    0x00, 0x00, 0x00, 0x00, 0x00, 0x00, 0x00, 0x00, 0x00, 0x00, 0x00, 0x00,
    0x00, 0x00, 0x00, 0x00, 0x00, 0x00, 0x00, 0x00, 0x00, 0x00, 0x00, 0x00,
    0x00, 0x00, 0x00, 0x00, 0x00, 0x00, 0x00, 0x00, 0x00, 0x00, 0x00, 0x00,
    0x00, 0x00, 0x00, 0x00, 0x00, 0x00, 0x00, 0x00, 0x00, 0x00, 0x00, 0x00,
    0x00, 0x00, 0x00, 0x00, 0x00, 0x00, 0x00, 0x00, 0x00, 0x00, 0x00, 0x00,
    0x00, 0x00, 0x00, 0x00, 0x00, 0x00, 0x00, 0x00, 0x00, 0x00, 0x00, 0x00,
    0x78, 0x59, 0x24, 0xb2, 0xef, 0xba, 0x52, 0xc5, 0xf8, 0xb7, 0x32, 0xff,
    0xfc, 0xb8, 0x37, 0xff, 0xfe, 0xb7, 0x37, 0xff, 0xff, 0xb5, 0x3a, 0xff,
    0xff, 0xb6, 0x3a, 0xff, 0xff, 0xb5, 0x3b, 0xff, 0xfe, 0xb7, 0x38, 0xff,
    0xff, 0xb8, 0x35, 0xff, 0xfe, 0xb9, 0x34, 0xff, 0xfc, 0xb5, 0x35, 0xff,
    0xf1, 0xba, 0x52, 0xff, 0x78, 0x5a, 0x23, 0xff, 0x12, 0x06, 0x00, 0xb4,
    0x00, 0x00, 0x00, 0x00, 0x00, 0x00, 0x00, 0x00, 0x00, 0x00, 0x00, 0x00,
    0x00, 0x00, 0x00, 0x00, 0x00, 0x00, 0x00, 0x00, 0x00, 0x00, 0x00, 0x00,
    0x00, 0x00, 0x00, 0x00, 0x00, 0x00, 0x00, 0x00, 0x00, 0x00, 0x00, 0x00,
    0x00, 0x00, 0x00, 0x00, 0x00, 0x00, 0x00, 0x00, 0x00, 0x00, 0x00, 0x00,
    0x00, 0x00, 0x00, 0x00, 0x00, 0x00, 0x00, 0x00, 0x00, 0x00, 0x00, 0x00,
    0x00, 0x00, 0x00, 0x00, 0x00, 0x00, 0x00, 0x00, 0x00, 0x00, 0x00, 0x00,
    0x00, 0x00, 0x00, 0x00, 0x00, 0x00, 0x00, 0x00, 0x00, 0x00, 0x00, 0x00,
    0x00, 0x00, 0x00, 0x00, 0x00, 0x00, 0x00, 0x00, 0x00, 0x00, 0x00, 0x00,
    0x12, 0x06, 0x00, 0x2b, 0x77, 0x5a, 0x25, 0xbc, 0xef, 0xbc, 0x51, 0xd0,
    0xf8, 0xb7, 0x32, 0xff, 0xfc, 0xb8, 0x37, 0xff, 0xfe, 0xb7, 0x37, 0xff,
    0xff, 0xb5, 0x3a, 0xff, 0xff, 0xb6, 0x3a, 0xff, 0xff, 0xb5, 0x3b, 0xff,
    0xfe, 0xb7, 0x38, 0xff, 0xff, 0xb8, 0x35, 0xff, 0xfe, 0xb9, 0x34, 0xff,
    0xfc, 0xb5, 0x35, 0xff, 0xf1, 0xba, 0x52, 0xff, 0x78, 0x5a, 0x23, 0xff,
    0x12, 0x06, 0x00, 0xb4, 0x00, 0x00, 0x00, 0x00, 0x00, 0x00, 0x00, 0x00,
    0x00, 0x00, 0x00, 0x00, 0x00, 0x00, 0x00, 0x00, 0x00, 0x00, 0x00, 0x00,
    0x00, 0x00, 0x00, 0x00, 0x00, 0x00, 0x00, 0x00, 0x00, 0x00, 0x00, 0x00,
    0x00, 0x00, 0x00, 0x00, 0x00, 0x00, 0x00, 0x00, 0x00, 0x00, 0x00, 0x00,
    0x00, 0x00, 0x00, 0x00, 0x00, 0x00, 0x00, 0x00, 0x00, 0x00, 0x00, 0x00,
    0x00, 0x00, 0x00, 0x00, 0x00, 0x00, 0x00, 0x00, 0x00, 0x00, 0x00, 0x00,
    0x00, 0x00, 0x00, 0x00, 0x00, 0x00, 0x00, 0x00, 0x00, 0x00, 0x00, 0x00,
    0x00, 0x00, 0x00, 0x00, 0x00, 0x00, 0x00, 0x00, 0x00, 0x00, 0x00, 0x00,
    0x00, 0x00, 0x00, 0x00, 0x13, 0x04, 0x00, 0x86, 0x78, 0x59, 0x24, 0xbd,
    0xef, 0xbb, 0x51, 0xd9, 0xf8, 0xb7, 0x32, 0xff, 0xfc, 0xb8, 0x37, 0xff,
    0xfe, 0xb7, 0x37, 0xff, 0xff, 0xb5, 0x3a, 0xff, 0xff, 0xb6, 0x3a, 0xff,
    0xff, 0xb5, 0x3b, 0xff, 0xfe, 0xb7, 0x38, 0xff, 0xff, 0xb8, 0x35, 0xff,
    0xfe, 0xb9, 0x34, 0xff, 0xfc, 0xb5, 0x35, 0xff, 0xf1, 0xba, 0x52, 0xff,
    0x78, 0x5a, 0x23, 0xff, 0x12, 0x06, 0x00, 0xb4, 0x00, 0x00, 0x00, 0x00,
    0x00, 0x00, 0x00, 0x00, 0x00, 0x00, 0x00, 0x00, 0x00, 0x00, 0x00, 0x00,
    0x00, 0x00, 0x00, 0x00, 0x00, 0x00, 0x00, 0x00, 0x00, 0x00, 0x00, 0x00,
    0x00, 0x00, 0x00, 0x00, 0x00, 0x00, 0x00, 0x00, 0x00, 0x00, 0x00, 0x00,
    0x00, 0x00, 0x00, 0x00, 0x00, 0x00, 0x00, 0x00, 0x00, 0x00, 0x00, 0x00,
    0x00, 0x00, 0x00, 0x00, 0x00, 0x00, 0x00, 0x00, 0x00, 0x00, 0x00, 0x00,
    0x00, 0x00, 0x00, 0x00, 0x00, 0x00, 0x00, 0x00, 0x00, 0x00, 0x00, 0x00,
    0x00, 0x00, 0x00, 0x00, 0x00, 0x00, 0x00, 0x00, 0x00, 0x00, 0x00, 0x00,
    0x00, 0x00, 0x00, 0x00, 0x00, 0x00, 0x00, 0x00, 0x14, 0x04, 0x00, 0x81,
    0x78, 0x59, 0x24, 0xbd, 0xef, 0xbb, 0x50, 0xe1, 0xf8, 0xb7, 0x32, 0xff,
    0xfc, 0xb8, 0x37, 0xff, 0xfe, 0xb7, 0x37, 0xff, 0xff, 0xb5, 0x3a, 0xff,
    0xff, 0xb6, 0x3a, 0xff, 0xff, 0xb5, 0x3b, 0xff, 0xfe, 0xb7, 0x38, 0xff,
    0xff, 0xb8, 0x35, 0xff, 0xfe, 0xb9, 0x34, 0xff, 0xfc, 0xb5, 0x35, 0xff,
    0xf1, 0xba, 0x52, 0xff, 0x78, 0x5a, 0x23, 0xff, 0x12, 0x06, 0x00, 0xb4,
    0x00, 0x00, 0x00, 0x00, 0x00, 0x00, 0x00, 0x00, 0x00, 0x00, 0x00, 0x00,
    0x00, 0x00, 0x00, 0x00, 0x00, 0x00, 0x00, 0x00, 0x00, 0x00, 0x00, 0x00,
    0x00, 0x00, 0x00, 0x00, 0x00, 0x00, 0x00, 0x00, 0x00, 0x00, 0x00, 0x00,
    0x00, 0x00, 0x00, 0x00, 0x00, 0x00, 0x00, 0x00, 0x00, 0x00, 0x00, 0x00,
    0x00, 0x00, 0x00, 0x00, 0x00, 0x00, 0x00, 0x00, 0x00, 0x00, 0x00, 0x00,
    0x00, 0x00, 0x00, 0x00, 0x00, 0x00, 0x00, 0x00, 0x00, 0x00, 0x00, 0x00,
    0x00, 0x00, 0x00, 0x00, 0x00, 0x00, 0x00, 0x00, 0x00, 0x00, 0x00, 0x00,
    0x00, 0x00, 0x00, 0x00, 0x00, 0x00, 0x00, 0x00, 0x00, 0x00, 0x00, 0x00,
    0x14, 0x03, 0x00, 0x5b, 0x78, 0x59, 0x24, 0xcc, 0xef, 0xbb, 0x51, 0xe8,
    0xf8, 0xb7, 0x32, 0xff, 0xfc, 0xb8, 0x37, 0xff, 0xfe, 0xb7, 0x37, 0xff,
    0xff, 0xb5, 0x3a, 0xff, 0xff, 0xb6, 0x3a, 0xff, 0xff, 0xb5, 0x3b, 0xff,
    0xfe, 0xb7, 0x38, 0xff, 0xff, 0xb8, 0x35, 0xff, 0xfe, 0xb9, 0x34, 0xff,
    0xfc, 0xb5, 0x35, 0xff, 0xf1, 0xba, 0x52, 0xff, 0x78, 0x5a, 0x23, 0xff,
    0x13, 0x06, 0x00, 0xb2, 0x00, 0x00, 0x00, 0x00, 0x00, 0x00, 0x00, 0x00,
    0x00, 0x00, 0x00, 0x00, 0x00, 0x00, 0x00, 0x00, 0x00, 0x00, 0x00, 0x00,
    0x00, 0x00, 0x00, 0x00, 0x00, 0x00, 0x00, 0x00, 0x00, 0x00, 0x00, 0x00,
    0x00, 0x00, 0x00, 0x00, 0x00, 0x00, 0x00, 0x00, 0x00, 0x00, 0x00, 0x00,
    0x00, 0x00, 0x00, 0x00, 0x00, 0x00, 0x00, 0x00, 0x00, 0x00, 0x00, 0x00,
    0x00, 0x00, 0x00, 0x00, 0x00, 0x00, 0x00, 0x00, 0x00, 0x00, 0x00, 0x00,
    0x00, 0x00, 0x00, 0x00, 0x00, 0x00, 0x00, 0x00, 0x00, 0x00, 0x00, 0x00,
    0x00, 0x00, 0x00, 0x00, 0x00, 0x00, 0x00, 0x00, 0x00, 0x00, 0x00, 0x00,
    0x00, 0x00, 0x00, 0x00, 0x14, 0x03, 0x00, 0x5b, 0x78, 0x5a, 0x24, 0xe1,
    0xef, 0xbc, 0x51, 0xee, 0xf8, 0xb7, 0x32, 0xff, 0xfc, 0xb8, 0x37, 0xff,
    0xfe, 0xb7, 0x37, 0xff, 0xff, 0xb5, 0x3a, 0xff, 0xff, 0xb6, 0x3a, 0xff,
    0xff, 0xb5, 0x3b, 0xff, 0xfe, 0xb7, 0x38, 0xff, 0xff, 0xb8, 0x35, 0xff,
    0xfe, 0xb9, 0x34, 0xff, 0xfc, 0xb5, 0x35, 0xff, 0xf1, 0xba, 0x52, 0xff,
    0x78, 0x5a, 0x23, 0xff, 0x12, 0x06, 0x00, 0xaa, 0x00, 0x00, 0x00, 0x00,
    0x00, 0x00, 0x00, 0x00, 0x00, 0x00, 0x00, 0x00, 0x00, 0x00, 0x00, 0x00,
    0x00, 0x00, 0x00, 0x00, 0x00, 0x00, 0x00, 0x00, 0x00, 0x00, 0x00, 0x00,
    0x00, 0x00, 0x00, 0x00, 0x00, 0x00, 0x00, 0x00, 0x00, 0x00, 0x00, 0x00,
    0x00, 0x00, 0x00, 0x00, 0x00, 0x00, 0x00, 0x00, 0x00, 0x00, 0x00, 0x00,
    0x00, 0x00, 0x00, 0x00, 0x00, 0x00, 0x00, 0x00, 0x00, 0x00, 0x00, 0x00,
    0x00, 0x00, 0x00, 0x00, 0x00, 0x00, 0x00, 0x00, 0x00, 0x00, 0x00, 0x00,
    0x00, 0x00, 0x00, 0x00, 0x00, 0x00, 0x00, 0x00, 0x00, 0x00, 0x00, 0x00,
    0x00, 0x00, 0x00, 0x00, 0x00, 0x00, 0x00, 0x00, 0x14, 0x03, 0x00, 0x5b,
    0x78, 0x59, 0x24, 0xf4, 0xef, 0xbb, 0x51, 0xf3, 0xf8, 0xb7, 0x32, 0xff,
    0xfc, 0xb8, 0x37, 0xff, 0xfe, 0xb7, 0x37, 0xff, 0xff, 0xb5, 0x3a, 0xff,
    0xff, 0xb6, 0x3a, 0xff, 0xff, 0xb5, 0x3b, 0xff, 0xfe, 0xb7, 0x38, 0xff,
    0xff, 0xb8, 0x35, 0xff, 0xfe, 0xb9, 0x34, 0xff, 0xfc, 0xb5, 0x35, 0xff,
    0xf1, 0xba, 0x52, 0xff, 0x78, 0x5a, 0x23, 0xff, 0x13, 0x05, 0x00, 0x5f,
    0x00, 0x00, 0x00, 0x00, 0x00, 0x00, 0x00, 0x00, 0x00, 0x00, 0x00, 0x00,
    0x00, 0x00, 0x00, 0x00, 0x00, 0x00, 0x00, 0x00, 0x00, 0x00, 0x00, 0x00,
    0x00, 0x00, 0x00, 0x00, 0x00, 0x00, 0x00, 0x00, 0x00, 0x00, 0x00, 0x00,
    0x00, 0x00, 0x00, 0x00, 0x00, 0x00, 0x00, 0x00, 0x00, 0x00, 0x00, 0x00,
    0x00, 0x00, 0x00, 0x00, 0x00, 0x00, 0x00, 0x00, 0x00, 0x00, 0x00, 0x00,
    0x00, 0x00, 0x00, 0x00, 0x00, 0x00, 0x00, 0x00, 0x00, 0x00, 0x00, 0x00,
    0x00, 0x00, 0x00, 0x00, 0x00, 0x00, 0x00, 0x00, 0x00, 0x00, 0x00, 0x00,
    0x00, 0x00, 0x00, 0x00, 0x00, 0x00, 0x00, 0x00, 0x00, 0x00, 0x00, 0x00,
    0x14, 0x03, 0x00, 0x5b, 0x78, 0x59, 0x24, 0xff, 0xf0, 0xbb, 0x51, 0xf7,
    0xf8, 0xb7, 0x32, 0xff, 0xfc, 0xb8, 0x37, 0xff, 0xfe, 0xb7, 0x37, 0xff,
    0xff, 0xb5, 0x3a, 0xff, 0xff, 0xb6, 0x3a, 0xff, 0xff, 0xb5, 0x3b, 0xff,
    0xfe, 0xb7, 0x38, 0xff, 0xff, 0xb8, 0x35, 0xff, 0xfe, 0xb9, 0x34, 0xff,
    0xfc, 0xb5, 0x35, 0xff, 0xf1, 0xba, 0x52, 0xff, 0x78, 0x5a, 0x23, 0xff,
    0x14, 0x05, 0x00, 0x32, 0x00, 0x00, 0x00, 0x00, 0x00, 0x00, 0x00, 0x00,
    0x00, 0x00, 0x00, 0x00, 0x00, 0x00, 0x00, 0x00, 0x00, 0x00, 0x00, 0x00,
    0x00, 0x00, 0x00, 0x00, 0x00, 0x00, 0x00, 0x00, 0x00, 0x00, 0x00, 0x00,
    0x00, 0x00, 0x00, 0x00, 0x00, 0x00, 0x00, 0x00, 0x00, 0x00, 0x00, 0x00,
    0x00, 0x00, 0x00, 0x00, 0x00, 0x00, 0x00, 0x00, 0x00, 0x00, 0x00, 0x00,
    0x00, 0x00, 0x00, 0x00, 0x00, 0x00, 0x00, 0x00, 0x00, 0x00, 0x00, 0x00,
    0x00, 0x00, 0x00, 0x00, 0x00, 0x00, 0x00, 0x00, 0x00, 0x00, 0x00, 0x00,
    0x00, 0x00, 0x00, 0x00, 0x00, 0x00, 0x00, 0x00, 0x00, 0x00, 0x00, 0x00,
    0x00, 0x00, 0x00, 0x00, 0x14, 0x03, 0x00, 0x5b, 0x78, 0x59, 0x24, 0xff,
    0xef, 0xbb, 0x51, 0xfa, 0xf8, 0xb7, 0x32, 0xff, 0xfc, 0xb8, 0x37, 0xff,
    0xfe, 0xb7, 0x37, 0xff, 0xff, 0xb5, 0x3a, 0xff, 0xff, 0xb6, 0x3a, 0xff,
    0xff, 0xb5, 0x3b, 0xff, 0xfe, 0xb7, 0x38, 0xff, 0xff, 0xb8, 0x35, 0xff,
    0xfe, 0xb9, 0x34, 0xff, 0xfc, 0xb5, 0x35, 0xff, 0xf1, 0xba, 0x52, 0xff,
    0x78, 0x5a, 0x23, 0xff, 0x13, 0x09, 0x00, 0x1b, 0x00, 0x00, 0x00, 0x00,
    0x00, 0x00, 0x00, 0x00, 0x00, 0x00, 0x00, 0x00, 0x00, 0x00, 0x00, 0x00,
    0x00, 0x00, 0x00, 0x00, 0x00, 0x00, 0x00, 0x00, 0x00, 0x00, 0x00, 0x00,
    0x00, 0x00, 0x00, 0x00, 0x00, 0x00, 0x00, 0x00, 0x00, 0x00, 0x00, 0x00,
    0x00, 0x00, 0x00, 0x00, 0x00, 0x00, 0x00, 0x00, 0x00, 0x00, 0x00, 0x00,
    0x00, 0x00, 0x00, 0x00, 0x00, 0x00, 0x00, 0x00, 0x00, 0x00, 0x00, 0x00,
    0x00, 0x00, 0x00, 0x00, 0x00, 0x00, 0x00, 0x00, 0x00, 0x00, 0x00, 0x00,
    0x00, 0x00, 0x00, 0x00, 0x00, 0x00, 0x00, 0x00, 0x00, 0x00, 0x00, 0x00,
    0x00, 0x00, 0x00, 0x00, 0x00, 0x00, 0x00, 0x00, 0x14, 0x03, 0x00, 0x5b,
    0x78, 0x59, 0x24, 0xff, 0xef, 0xbb, 0x51, 0xfc, 0xf8, 0xb7, 0x32, 0xff,
    0xfc, 0xb8, 0x37, 0xff, 0xfe, 0xb7, 0x37, 0xff, 0xff, 0xb5, 0x3a, 0xff,
    0xff, 0xb6, 0x3a, 0xff, 0xff, 0xb5, 0x3b, 0xff, 0xfe, 0xb7, 0x38, 0xff,
    0xff, 0xb8, 0x35, 0xff, 0xfe, 0xb9, 0x34, 0xff, 0xfc, 0xb5, 0x35, 0xff,
    0xf1, 0xba, 0x52, 0xff, 0x78, 0x5a, 0x23, 0xff, 0x12, 0x00, 0x00, 0x0e,
    0x00, 0x00, 0x00, 0x00, 0x00, 0x00, 0x00, 0x00, 0x00, 0x00, 0x00, 0x00,
    0x00, 0x00, 0x00, 0x00, 0x00, 0x00, 0x00, 0x00, 0x00, 0x00, 0x00, 0x00,
    0x00, 0x00, 0x00, 0x00, 0x00, 0x00, 0x00, 0x00, 0x00, 0x00, 0x00, 0x00,
    0x00, 0x00, 0x00, 0x00, 0x00, 0x00, 0x00, 0x00, 0x00, 0x00, 0x00, 0x00,
    0x00, 0x00, 0x00, 0x00, 0x00, 0x00, 0x00, 0x00, 0x00, 0x00, 0x00, 0x00,
    0x00, 0x00, 0x00, 0x00, 0x00, 0x00, 0x00, 0x00, 0x00, 0x00, 0x00, 0x00,
    0x00, 0x00, 0x00, 0x00, 0x00, 0x00, 0x00, 0x00, 0x00, 0x00, 0x00, 0x00,
    0x00, 0x00, 0x00, 0x00, 0x00, 0x00, 0x00, 0x00, 0x00, 0x00, 0x00, 0x00,
    0x14, 0x03, 0x00, 0x5b, 0x78, 0x59, 0x24, 0xff, 0xef, 0xbb, 0x51, 0xfc,
    0xf8, 0xb7, 0x32, 0xff, 0xfc, 0xb8, 0x37, 0xff, 0xfe, 0xb7, 0x37, 0xff,
    0xff, 0xb5, 0x3a, 0xff, 0xff, 0xb6, 0x3a, 0xff, 0xff, 0xb5, 0x3b, 0xff,
    0xfe, 0xb7, 0x38, 0xff, 0xff, 0xb8, 0x35, 0xff, 0xfe, 0xb9, 0x34, 0xff,
    0xfc, 0xb5, 0x35, 0xff, 0xf1, 0xba, 0x52, 0xff, 0x78, 0x5a, 0x23, 0xff,
    0x12, 0x00, 0x00, 0x0e, 0x00, 0x00, 0x00, 0x00, 0x00, 0x00, 0x00, 0x00,
    0x00, 0x00, 0x00, 0x00, 0x00, 0x00, 0x00, 0x00, 0x00, 0x00, 0x00, 0x00,
    0x00, 0x00, 0x00, 0x00, 0x00, 0x00, 0x00, 0x00, 0x00, 0x00, 0x00, 0x00,
    0x00, 0x00, 0x00, 0x00, 0x00, 0x00, 0x00, 0x00, 0x00, 0x00, 0x00, 0x00,
    0x00, 0x00, 0x00, 0x00, 0x00, 0x00, 0x00, 0x00, 0x00, 0x00, 0x00, 0x00,
    0x00, 0x00, 0x00, 0x00, 0x00, 0x00, 0x00, 0x00, 0x00, 0x00, 0x00, 0x00,
    0x00, 0x00, 0x00, 0x00, 0x00, 0x00, 0x00, 0x00, 0x00, 0x00, 0x00, 0x00,
    0x00, 0x00, 0x00, 0x00, 0x00, 0x00, 0x00, 0x00, 0x00, 0x00, 0x00, 0x00,
    0x00, 0x00, 0x00, 0x00, 0x14, 0x03, 0x00, 0x5b, 0x78, 0x59, 0x24, 0xff,
    0xef, 0xbb, 0x51, 0xfc, 0xf8, 0xb7, 0x32, 0xff, 0xfc, 0xb8, 0x37, 0xff,
    0xfe, 0xb7, 0x37, 0xff, 0xff, 0xb5, 0x3a, 0xff, 0xff, 0xb6, 0x3a, 0xff,
    0xff, 0xb5, 0x3b, 0xff, 0xfe, 0xb7, 0x38, 0xff, 0xff, 0xb8, 0x35, 0xff,
    0xfe, 0xb9, 0x34, 0xff, 0xfc, 0xb5, 0x35, 0xff, 0xf1, 0xba, 0x52, 0xff,
    0x78, 0x5a, 0x23, 0xff, 0x12, 0x00, 0x00, 0x0e, 0x00, 0x00, 0x00, 0x00,
    0x00, 0x00, 0x00, 0x00, 0x00, 0x00, 0x00, 0x00, 0x00, 0x00, 0x00, 0x00,
    0x00, 0x00, 0x00, 0x00, 0x00, 0x00, 0x00, 0x00, 0x00, 0x00, 0x00, 0x00,
    0x00, 0x00, 0x00, 0x00, 0x00, 0x00, 0x00, 0x00, 0x00, 0x00, 0x00, 0x00,
    0x00, 0x00, 0x00, 0x00, 0x00, 0x00, 0x00, 0x00, 0x00, 0x00, 0x00, 0x00,
    0x00, 0x00, 0x00, 0x00, 0x00, 0x00, 0x00, 0x00, 0x00, 0x00, 0x00, 0x00,
    0x00, 0x00, 0x00, 0x00, 0x00, 0x00, 0x00, 0x00, 0x00, 0x00, 0x00, 0x00,
    0x00, 0x00, 0x00, 0x00, 0x00, 0x00, 0x00, 0x00, 0x00, 0x00, 0x00, 0x00,
    0x00, 0x00, 0x00, 0x00, 0x00, 0x00, 0x00, 0x00, 0x14, 0x03, 0x00, 0x5b,
    0x78, 0x59, 0x24, 0xff, 0xef, 0xbb, 0x51, 0xfc, 0xf8, 0xb7, 0x32, 0xff,
    0xfc, 0xb8, 0x37, 0xff, 0xfe, 0xb7, 0x37, 0xff, 0xff, 0xb5, 0x3a, 0xff,
    0xff, 0xb6, 0x3a, 0xff, 0xff, 0xb5, 0x3b, 0xff, 0xfe, 0xb7, 0x38, 0xff,
    0xff, 0xb8, 0x35, 0xff, 0xfe, 0xb9, 0x34, 0xff, 0xfc, 0xb5, 0x35, 0xff,
    0xf1, 0xba, 0x52, 0xff, 0x78, 0x5a, 0x23, 0xff, 0x12, 0x00, 0x00, 0x0e,
    0x00, 0x00, 0x00, 0x00, 0x00, 0x00, 0x00, 0x00, 0x00, 0x00, 0x00, 0x00,
    0x00, 0x00, 0x00, 0x00, 0x00, 0x00, 0x00, 0x00, 0x00, 0x00, 0x00, 0x00,
    0x00, 0x00, 0x00, 0x00, 0x00, 0x00, 0x00, 0x00, 0x00, 0x00, 0x00, 0x00,
    0x00, 0x00, 0x00, 0x00, 0x00, 0x00, 0x00, 0x00, 0x00, 0x00, 0x00, 0x00,
    0x00, 0x00, 0x00, 0x00, 0x00, 0x00, 0x00, 0x00, 0x00, 0x00, 0x00, 0x00,
    0x00, 0x00, 0x00, 0x00, 0x00, 0x00, 0x00, 0x00, 0x00, 0x00, 0x00, 0x00,
    0x00, 0x00, 0x00, 0x00, 0x00, 0x00, 0x00, 0x00, 0x00, 0x00, 0x00, 0x00,
    0x00, 0x00, 0x00, 0x00, 0x00, 0x00, 0x00, 0x00, 0x00, 0x00, 0x00, 0x00,
    0x14, 0x03, 0x00, 0x5b, 0x78, 0x59, 0x24, 0xff, 0xef, 0xbb, 0x51, 0xfc,
    0xf8, 0xb7, 0x32, 0xff, 0xfc, 0xb8, 0x37, 0xff, 0xfe, 0xb7, 0x37, 0xff,
    0xff, 0xb5, 0x3a, 0xff, 0xff, 0xb6, 0x3a, 0xff, 0xff, 0xb5, 0x3b, 0xff,
    0xfe, 0xb7, 0x38, 0xff, 0xff, 0xb8, 0x35, 0xff, 0xfe, 0xb9, 0x34, 0xff,
    0xfc, 0xb5, 0x35, 0xff, 0xf1, 0xba, 0x52, 0xff, 0x78, 0x5a, 0x23, 0xff,
    0x10, 0x00, 0x00, 0x10, 0x00, 0x00, 0x00, 0x00, 0x00, 0x00, 0x00, 0x00,
    0x00, 0x00, 0x00, 0x00, 0x00, 0x00, 0x00, 0x00, 0x00, 0x00, 0x00, 0x00,
    0x00, 0x00, 0x00, 0x00, 0x00, 0x00, 0x00, 0x00, 0x00, 0x00, 0x00, 0x00,
    0x00, 0x00, 0x00, 0x00, 0x00, 0x00, 0x00, 0x00, 0x00, 0x00, 0x00, 0x00,
    0x00, 0x00, 0x00, 0x00, 0x00, 0x00, 0x00, 0x00, 0x00, 0x00, 0x00, 0x00,
    0x00, 0x00, 0x00, 0x00, 0x00, 0x00, 0x00, 0x00, 0x00, 0x00, 0x00, 0x00,
    0x00, 0x00, 0x00, 0x00, 0x00, 0x00, 0x00, 0x00, 0x00, 0x00, 0x00, 0x00,
    0x00, 0x00, 0x00, 0x00, 0x00, 0x00, 0x00, 0x00, 0x00, 0x00, 0x00, 0x00,
    0x00, 0x00, 0x00, 0x00, 0x14, 0x03, 0x00, 0x5b, 0x78, 0x59, 0x24, 0xff,
    0xef, 0xbb, 0x51, 0xfd, 0xf8, 0xb7, 0x32, 0xff, 0xfc, 0xb8, 0x37, 0xff,
    0xfe, 0xb7, 0x37, 0xff, 0xff, 0xb5, 0x3a, 0xff, 0xff, 0xb6, 0x3a, 0xff,
    0xff, 0xb5, 0x3b, 0xff, 0xfe, 0xb7, 0x38, 0xff, 0xff, 0xb8, 0x35, 0xff,
    0xfe, 0xb9, 0x34, 0xff, 0xfc, 0xb5, 0x35, 0xff, 0xf1, 0xba, 0x52, 0xff,
    0x78, 0x5a, 0x23, 0xff, 0x0d, 0x00, 0x00, 0x13, 0x00, 0x00, 0x00, 0x00,
    0x00, 0x00, 0x00, 0x00, 0x00, 0x00, 0x00, 0x00, 0x00, 0x00, 0x00, 0x00,
    0x00, 0x00, 0x00, 0x00, 0x00, 0x00, 0x00, 0x00, 0x00, 0x00, 0x00, 0x00,
    0x00, 0x00, 0x00, 0x00, 0x00, 0x00, 0x00, 0x00, 0x00, 0x00, 0x00, 0x00,
    0x00, 0x00, 0x00, 0x00, 0x00, 0x00, 0x00, 0x00, 0x00, 0x00, 0x00, 0x00,
    0x00, 0x00, 0x00, 0x00, 0x00, 0x00, 0x00, 0x00, 0x00, 0x00, 0x00, 0x00,
    0x00, 0x00, 0x00, 0x00, 0x00, 0x00, 0x00, 0x00, 0x00, 0x00, 0x00, 0x00,
    0x00, 0x00, 0x00, 0x00, 0x00, 0x00, 0x00, 0x00, 0x00, 0x00, 0x00, 0x00,
    0x00, 0x00, 0x00, 0x00, 0x00, 0x00, 0x00, 0x00, 0x14, 0x03, 0x00, 0x5b,
    0x78, 0x59, 0x24, 0xff, 0xef, 0xbb, 0x51, 0xfd, 0xf8, 0xb7, 0x32, 0xff,
    0xfc, 0xb8, 0x37, 0xff, 0xfe, 0xb7, 0x37, 0xff, 0xff, 0xb5, 0x3a, 0xff,
    0xff, 0xb6, 0x3a, 0xff, 0xff, 0xb5, 0x3b, 0xff, 0xfe, 0xb7, 0x38, 0xff,
    0xff, 0xb8, 0x35, 0xff, 0xfe, 0xb9, 0x34, 0xff, 0xfc, 0xb5, 0x35, 0xff,
    0xf1, 0xba, 0x52, 0xff, 0x78, 0x5a, 0x23, 0xff, 0x0c, 0x00, 0x00, 0x15,
    0x00, 0x00, 0x00, 0x00, 0x00, 0x00, 0x00, 0x00, 0x00, 0x00, 0x00, 0x00,
    0x00, 0x00, 0x00, 0x00, 0x00, 0x00, 0x00, 0x00, 0x00, 0x00, 0x00, 0x00,
    0x00, 0x00, 0x00, 0x00, 0x00, 0x00, 0x00, 0x00, 0x00, 0x00, 0x00, 0x00,
    0x00, 0x00, 0x00, 0x00, 0x00, 0x00, 0x00, 0x00, 0x00, 0x00, 0x00, 0x00,
    0x00, 0x00, 0x00, 0x00, 0x00, 0x00, 0x00, 0x00, 0x00, 0x00, 0x00, 0x00,
    0x00, 0x00, 0x00, 0x00, 0x00, 0x00, 0x00, 0x00, 0x00, 0x00, 0x00, 0x00,
    0x00, 0x00, 0x00, 0x00, 0x00, 0x00, 0x00, 0x00, 0x00, 0x00, 0x00, 0x00,
    0x00, 0x00, 0x00, 0x00, 0x00, 0x00, 0x00, 0x00, 0x00, 0x00, 0x00, 0x00,
    0x14, 0x03, 0x00, 0x5b, 0x78, 0x59, 0x24, 0xff, 0xef, 0xbb, 0x51, 0xfe,
    0xf8, 0xb7, 0x32, 0xff, 0xfc, 0xb8, 0x37, 0xff, 0xfe, 0xb7, 0x37, 0xff,
    0xff, 0xb5, 0x3a, 0xff, 0xff, 0xb6, 0x3a, 0xff, 0xff, 0xb5, 0x3b, 0xff,
    0xfe, 0xb7, 0x38, 0xff, 0xff, 0xb8, 0x35, 0xff, 0xfe, 0xb9, 0x34, 0xff,
    0xfc, 0xb5, 0x35, 0xff, 0xf1, 0xba, 0x52, 0xff, 0x78, 0x5a, 0x23, 0xff,
    0x16, 0x0b, 0x00, 0x17, 0x00, 0x00, 0x00, 0x00, 0x00, 0x00, 0x00, 0x00,
    0x00, 0x00, 0x00, 0x00, 0x00, 0x00, 0x00, 0x00, 0x00, 0x00, 0x00, 0x00,
    0x00, 0x00, 0x00, 0x00, 0x00, 0x00, 0x00, 0x00, 0x00, 0x00, 0x00, 0x00,
    0x00, 0x00, 0x00, 0x00, 0x00, 0x00, 0x00, 0x00, 0x00, 0x00, 0x00, 0x00,
    0x00, 0x00, 0x00, 0x00, 0x00, 0x00, 0x00, 0x00, 0x00, 0x00, 0x00, 0x00,
    0x00, 0x00, 0x00, 0x00, 0x00, 0x00, 0x00, 0x00, 0x00, 0x00, 0x00, 0x00,
    0x00, 0x00, 0x00, 0x00, 0x00, 0x00, 0x00, 0x00, 0x00, 0x00, 0x00, 0x00,
    0x00, 0x00, 0x00, 0x00, 0x00, 0x00, 0x00, 0x00, 0x00, 0x00, 0x00, 0x00,
    0x00, 0x00, 0x00, 0x00, 0x12, 0x04, 0x00, 0x8b, 0x78, 0x59, 0x24, 0xff,
    0xef, 0xbb, 0x51, 0xff, 0xf8, 0xb7, 0x32, 0xff, 0xfc, 0xb8, 0x37, 0xff,
    0xfe, 0xb7, 0x37, 0xff, 0xff, 0xb5, 0x3a, 0xff, 0xff, 0xb6, 0x3a, 0xff,
    0xff, 0xb5, 0x3b, 0xff, 0xfe, 0xb7, 0x38, 0xff, 0xff, 0xb8, 0x35, 0xff,
    0xfe, 0xb9, 0x34, 0xff, 0xfc, 0xb5, 0x35, 0xff, 0xf1, 0xba, 0x52, 0xff,
    0x78, 0x5a, 0x23, 0xff, 0x16, 0x0b, 0x00, 0x17, 0x00, 0x00, 0x00, 0x00,
    0x00, 0x00, 0x00, 0x00, 0x00, 0x00, 0x00, 0x00, 0x00, 0x00, 0x00, 0x00,
    0x00, 0x00, 0x00, 0x00, 0x00, 0x00, 0x00, 0x00, 0x00, 0x00, 0x00, 0x00,
    0x00, 0x00, 0x00, 0x00, 0x00, 0x00, 0x00, 0x00, 0x00, 0x00, 0x00, 0x00,
    0x00, 0x00, 0x00, 0x00, 0x00, 0x00, 0x00, 0x00, 0x00, 0x00, 0x00, 0x00,
    0x00, 0x00, 0x00, 0x00, 0x00, 0x00, 0x00, 0x00, 0x00, 0x00, 0x00, 0x00,
    0x00, 0x00, 0x00, 0x00, 0x00, 0x00, 0x00, 0x00, 0x00, 0x00, 0x00, 0x00,
    0x00, 0x00, 0x00, 0x00, 0x00, 0x00, 0x00, 0x00, 0x00, 0x00, 0x00, 0x00,
    0x00, 0x00, 0x00, 0x00, 0x00, 0x00, 0x00, 0x00, 0x12, 0x03, 0x00, 0xb4,
    0x78, 0x59, 0x24, 0xff, 0xef, 0xbb, 0x51, 0xff, 0xf8, 0xb7, 0x32, 0xff,
    0xfc, 0xb8, 0x37, 0xff, 0xfe, 0xb7, 0x37, 0xff, 0xff, 0xb5, 0x3a, 0xff,
    0xff, 0xb6, 0x3a, 0xff, 0xff, 0xb5, 0x3b, 0xff, 0xfe, 0xb7, 0x38, 0xff,
    0xff, 0xb8, 0x35, 0xff, 0xfe, 0xb9, 0x34, 0xff, 0xfc, 0xb5, 0x35, 0xff,
    0xf1, 0xba, 0x52, 0xff, 0x78, 0x5a, 0x23, 0xf9, 0x17, 0x0c, 0x00, 0x16,
    0x00, 0x00, 0x00, 0x00, 0x00, 0x00, 0x00, 0x00, 0x00, 0x00, 0x00, 0x00,
    0x00, 0x00, 0x00, 0x00, 0x00, 0x00, 0x00, 0x00, 0x00, 0x00, 0x00, 0x00,
    0x00, 0x00, 0x00, 0x00, 0x00, 0x00, 0x00, 0x00, 0x00, 0x00, 0x00, 0x00,
    0x00, 0x00, 0x00, 0x00, 0x00, 0x00, 0x00, 0x00, 0x00, 0x00, 0x00, 0x00,
    0x00, 0x00, 0x00, 0x00, 0x00, 0x00, 0x00, 0x00, 0x00, 0x00, 0x00, 0x00,
    0x00, 0x00, 0x00, 0x00, 0x00, 0x00, 0x00, 0x00, 0x00, 0x00, 0x00, 0x00,
    0x00, 0x00, 0x00, 0x00, 0x00, 0x00, 0x00, 0x00, 0x00, 0x00, 0x00, 0x00,
    0x00, 0x00, 0x00, 0x00, 0x00, 0x00, 0x00, 0x00, 0x00, 0x00, 0x00, 0x00,
    0x13, 0x03, 0x00, 0xb1, 0x78, 0x59, 0x24, 0xff, 0xef, 0xbb, 0x51, 0xff,
    0xf8, 0xb7, 0x32, 0xff, 0xfc, 0xb8, 0x37, 0xff, 0xfe, 0xb7, 0x37, 0xff,
    0xff, 0xb5, 0x3a, 0xff, 0xff, 0xb6, 0x3a, 0xff, 0xff, 0xb5, 0x3b, 0xff,
    0xfe, 0xb7, 0x38, 0xff, 0xff, 0xb8, 0x35, 0xff, 0xfe, 0xb9, 0x34, 0xff,
    0xfc, 0xb5, 0x35, 0xff, 0xf1, 0xba, 0x52, 0xff, 0x78, 0x5a, 0x23, 0xe8,
    0x0d, 0x00, 0x00, 0x13, 0x00, 0x00, 0x00, 0x00, 0x00, 0x00, 0x00, 0x00,
    0x00, 0x00, 0x00, 0x00, 0x00, 0x00, 0x00, 0x00, 0x00, 0x00, 0x00, 0x00,
    0x00, 0x00, 0x00, 0x00, 0x00, 0x00, 0x00, 0x00, 0x00, 0x00, 0x00, 0x00,
    0x00, 0x00, 0x00, 0x00, 0x00, 0x00, 0x00, 0x00, 0x00, 0x00, 0x00, 0x00,
    0x00, 0x00, 0x00, 0x00, 0x00, 0x00, 0x00, 0x00, 0x00, 0x00, 0x00, 0x00,
    0x00, 0x00, 0x00, 0x00, 0x00, 0x00, 0x00, 0x00, 0x00, 0x00, 0x00, 0x00,
    0x00, 0x00, 0x00, 0x00, 0x00, 0x00, 0x00, 0x00, 0x00, 0x00, 0x00, 0x00,
    0x00, 0x00, 0x00, 0x00, 0x00, 0x00, 0x00, 0x00, 0x00, 0x00, 0x00, 0x00,
    0x00, 0x00, 0x00, 0x00, 0x12, 0x03, 0x00, 0x62, 0x78, 0x59, 0x24, 0xff,
    0xef, 0xbb, 0x51, 0xff, 0xf8, 0xb7, 0x32, 0xff, 0xfc, 0xb8, 0x37, 0xff,
    0xfe, 0xb7, 0x37, 0xff, 0xff, 0xb5, 0x3a, 0xff, 0xff, 0xb6, 0x3a, 0xff,
    0xff, 0xb5, 0x3b, 0xff, 0xfe, 0xb7, 0x38, 0xff, 0xff, 0xb8, 0x35, 0xff,
    0xfe, 0xb9, 0x34, 0xff, 0xfc, 0xb5, 0x35, 0xff, 0xf1, 0xba, 0x52, 0xff,
    0x78, 0x5b, 0x23, 0xd6, 0x11, 0x00, 0x00, 0x0f, 0x00, 0x00, 0x00, 0x00,
    0x00, 0x00, 0x00, 0x00, 0x00, 0x00, 0x00, 0x00, 0x00, 0x00, 0x00, 0x00,
    0x00, 0x00, 0x00, 0x00, 0x00, 0x00, 0x00, 0x00, 0x00, 0x00, 0x00, 0x00,
    0x00, 0x00, 0x00, 0x00, 0x00, 0x00, 0x00, 0x00, 0x00, 0x00, 0x00, 0x00,
    0x00, 0x00, 0x00, 0x00, 0x00, 0x00, 0x00, 0x00, 0x00, 0x00, 0x00, 0x00,
    0x00, 0x00, 0x00, 0x00, 0x00, 0x00, 0x00, 0x00, 0x00, 0x00, 0x00, 0x00,
    0x00, 0x00, 0x00, 0x00, 0x00, 0x00, 0x00, 0x00, 0x00, 0x00, 0x00, 0x00,
    0x00, 0x00, 0x00, 0x00, 0x00, 0x00, 0x00, 0x00, 0x00, 0x00, 0x00, 0x00,
    0x00, 0x00, 0x00, 0x00, 0x00, 0x00, 0x00, 0x00, 0x14, 0x03, 0x00, 0x5b,
    0x78, 0x59, 0x24, 0xff, 0xef, 0xbb, 0x51, 0xff, 0xf8, 0xb7, 0x32, 0xff,
    0xfc, 0xb8, 0x37, 0xff, 0xfe, 0xb7, 0x37, 0xff, 0xff, 0xb5, 0x3a, 0xff,
    0xff, 0xb6, 0x3a, 0xff, 0xff, 0xb5, 0x3b, 0xff, 0xfe, 0xb7, 0x38, 0xff,
    0xff, 0xb8, 0x35, 0xff, 0xfe, 0xb9, 0x34, 0xff, 0xfc, 0xb5, 0x35, 0xff,
    0xf1, 0xba, 0x52, 0xff, 0x78, 0x5a, 0x23, 0xc0, 0x17, 0x00, 0x00, 0x0b,
    0x00, 0x00, 0x00, 0x00, 0x00, 0x00, 0x00, 0x00, 0x00, 0x00, 0x00, 0x00,
    0x00, 0x00, 0x00, 0x00, 0x00, 0x00, 0x00, 0x00, 0x00, 0x00, 0x00, 0x00,
    0x00, 0x00, 0x00, 0x00, 0x00, 0x00, 0x00, 0x00, 0x00, 0x00, 0x00, 0x00,
    0x00, 0x00, 0x00, 0x00, 0x00, 0x00, 0x00, 0x00, 0x00, 0x00, 0x00, 0x00,
    0x00, 0x00, 0x00, 0x00, 0x00, 0x00, 0x00, 0x00, 0x00, 0x00, 0x00, 0x00,
    0x00, 0x00, 0x00, 0x00, 0x00, 0x00, 0x00, 0x00, 0x00, 0x00, 0x00, 0x00,
    0x00, 0x00, 0x00, 0x00, 0x00, 0x00, 0x00, 0x00, 0x00, 0x00, 0x00, 0x00,
    0x00, 0x00, 0x00, 0x00, 0x00, 0x00, 0x00, 0x00, 0x00, 0x00, 0x00, 0x00,
    0x14, 0x03, 0x00, 0x5b, 0x78, 0x59, 0x24, 0xff, 0xef, 0xbb, 0x51, 0xff,
    0xf8, 0xb7, 0x32, 0xff, 0xfc, 0xb8, 0x37, 0xff, 0xfe, 0xb7, 0x37, 0xff,
    0xff, 0xb5, 0x3a, 0xff, 0xff, 0xb6, 0x3a, 0xff, 0xff, 0xb5, 0x3b, 0xff,
    0xfe, 0xb7, 0x38, 0xff, 0xff, 0xb8, 0x35, 0xff, 0xfe, 0xb9, 0x34, 0xff,
    0xfc, 0xb5, 0x35, 0xff, 0xf1, 0xba, 0x52, 0xff, 0x78, 0x5a, 0x23, 0xaa,
    0x00, 0x00, 0x00, 0x07, 0x00, 0x00, 0x00, 0x00, 0x00, 0x00, 0x00, 0x00,
    0x00, 0x00, 0x00, 0x00, 0x00, 0x00, 0x00, 0x00, 0x00, 0x00, 0x00, 0x00,
    0x00, 0x00, 0x00, 0x00, 0x00, 0x00, 0x00, 0x00, 0x00, 0x00, 0x00, 0x00,
    0x00, 0x00, 0x00, 0x00, 0x00, 0x00, 0x00, 0x00, 0x00, 0x00, 0x00, 0x00,
    0x00, 0x00, 0x00, 0x00, 0x00, 0x00, 0x00, 0x00, 0x00, 0x00, 0x00, 0x00,
    0x00, 0x00, 0x00, 0x00, 0x00, 0x00, 0x00, 0x00, 0x00, 0x00, 0x00, 0x00,
    0x00, 0x00, 0x00, 0x00, 0x00, 0x00, 0x00, 0x00, 0x00, 0x00, 0x00, 0x00,
    0x00, 0x00, 0x00, 0x00, 0x00, 0x00, 0x00, 0x00, 0x00, 0x00, 0x00, 0x00,
    0x00, 0x00, 0x00, 0x00, 0x14, 0x03, 0x00, 0x5b, 0x78, 0x59, 0x24, 0xff,
    0xef, 0xbb, 0x51, 0xff, 0xf8, 0xb7, 0x32, 0xff, 0xfc, 0xb8, 0x37, 0xff,
    0xfe, 0xb7, 0x37, 0xff, 0xff, 0xb5, 0x3a, 0xff, 0xff, 0xb6, 0x3a, 0xff,
    0xff, 0xb5, 0x3b, 0xff, 0xfe, 0xb7, 0x38, 0xff, 0xff, 0xb8, 0x35, 0xff,
    0xfe, 0xb9, 0x34, 0xff, 0xfc, 0xb5, 0x35, 0xff, 0xf1, 0xba, 0x52, 0xff,
    0x79, 0x5b, 0x23, 0x98, 0x00, 0x00, 0x00, 0x05, 0x00, 0x00, 0x00, 0x00,
    0x00, 0x00, 0x00, 0x00, 0x00, 0x00, 0x00, 0x00, 0x00, 0x00, 0x00, 0x00,
    0x00, 0x00, 0x00, 0x00, 0x00, 0x00, 0x00, 0x00, 0x00, 0x00, 0x00, 0x00,
    0x00, 0x00, 0x00, 0x00, 0x00, 0x00, 0x00, 0x00, 0x00, 0x00, 0x00, 0x00,
    0x00, 0x00, 0x00, 0x00, 0x00, 0x00, 0x00, 0x00, 0x00, 0x00, 0x00, 0x00,
    0x00, 0x00, 0x00, 0x00, 0x00, 0x00, 0x00, 0x00, 0x00, 0x00, 0x00, 0x00,
    0x00, 0x00, 0x00, 0x00, 0x00, 0x00, 0x00, 0x00, 0x00, 0x00, 0x00, 0x00,
    0x00, 0x00, 0x00, 0x00, 0x00, 0x00, 0x00, 0x00, 0x00, 0x00, 0x00, 0x00,
    0x00, 0x00, 0x00, 0x00, 0x00, 0x00, 0x00, 0x00, 0x14, 0x03, 0x00, 0x5b,
    0x78, 0x59, 0x24, 0xff, 0xef, 0xbb, 0x51, 0xff, 0xf8, 0xb7, 0x32, 0xff,
    0xfc, 0xb8, 0x37, 0xff, 0xfe, 0xb7, 0x37, 0xff, 0xff, 0xb5, 0x3a, 0xff,
    0xff, 0xb6, 0x3a, 0xff, 0xff, 0xb5, 0x3b, 0xff, 0xfe, 0xb7, 0x38, 0xff,
    0xff, 0xb8, 0x35, 0xff, 0xfe, 0xb9, 0x34, 0xff, 0xfc, 0xb5, 0x35, 0xff,
    0xf1, 0xba, 0x52, 0xff, 0x78, 0x59, 0x23, 0x8c, 0x00, 0x00, 0x00, 0x03,
    0x00, 0x00, 0x00, 0x00, 0x00, 0x00, 0x00, 0x00, 0x00, 0x00, 0x00, 0x00,
    0x00, 0x00, 0x00, 0x00, 0x00, 0x00, 0x00, 0x00, 0x00, 0x00, 0x00, 0x00,
    0x00, 0x00, 0x00, 0x00, 0x00, 0x00, 0x00, 0x00, 0x00, 0x00, 0x00, 0x00,
    0x00, 0x00, 0x00, 0x00, 0x00, 0x00, 0x00, 0x00, 0x00, 0x00, 0x00, 0x00,
    0x00, 0x00, 0x00, 0x00, 0x00, 0x00, 0x00, 0x00, 0x00, 0x00, 0x00, 0x00,
    0x00, 0x00, 0x00, 0x00, 0x00, 0x00, 0x00, 0x00, 0x00, 0x00, 0x00, 0x00,
    0x00, 0x00, 0x00, 0x00, 0x00, 0x00, 0x00, 0x00, 0x00, 0x00, 0x00, 0x00,
    0x00, 0x00, 0x00, 0x00, 0x00, 0x00, 0x00, 0x00, 0x00, 0x00, 0x00, 0x00,
    0x14, 0x03, 0x00, 0x5b, 0x78, 0x59, 0x24, 0xff, 0xef, 0xbb, 0x51, 0xff,
    0xf8, 0xb7, 0x32, 0xff, 0xfc, 0xb8, 0x37, 0xff, 0xfe, 0xb7, 0x37, 0xff,
    0xff, 0xb5, 0x3a, 0xff, 0xff, 0xb6, 0x3a, 0xff, 0xff, 0xb5, 0x3b, 0xff,
    0xfe, 0xb7, 0x38, 0xff, 0xff, 0xb8, 0x35, 0xff, 0xfe, 0xb9, 0x34, 0xff,
    0xfc, 0xb5, 0x35, 0xff, 0xf1, 0xba, 0x52, 0xff, 0x78, 0x5b, 0x23, 0x84,
    0x00, 0x00, 0x00, 0x01, 0x00, 0x00, 0x00, 0x00, 0x00, 0x00, 0x00, 0x00,
    0x00, 0x00, 0x00, 0x00, 0x00, 0x00, 0x00, 0x00, 0x00, 0x00, 0x00, 0x00,
    0x00, 0x00, 0x00, 0x00, 0x00, 0x00, 0x00, 0x00, 0x00, 0x00, 0x00, 0x00,
    0x00, 0x00, 0x00, 0x00, 0x00, 0x00, 0x00, 0x00, 0x00, 0x00, 0x00, 0x00,
    0x00, 0x00, 0x00, 0x00, 0x00, 0x00, 0x00, 0x00, 0x00, 0x00, 0x00, 0x00,
    0x00, 0x00, 0x00, 0x00, 0x00, 0x00, 0x00, 0x00, 0x00, 0x00, 0x00, 0x00,
    0x00, 0x00, 0x00, 0x00, 0x00, 0x00, 0x00, 0x00, 0x00, 0x00, 0x00, 0x00,
    0x00, 0x00, 0x00, 0x00, 0x00, 0x00, 0x00, 0x00, 0x00, 0x00, 0x00, 0x00,
    0x00, 0x00, 0x00, 0x00, 0x14, 0x03, 0x00, 0x5b, 0x78, 0x59, 0x24, 0xff,
    0xef, 0xbb, 0x51, 0xff, 0xf8, 0xb7, 0x32, 0xff, 0xfc, 0xb8, 0x37, 0xff,
    0xfe, 0xb7, 0x37, 0xff, 0xff, 0xb5, 0x3a, 0xff, 0xff, 0xb6, 0x3a, 0xff,
    0xff, 0xb5, 0x3b, 0xff, 0xfe, 0xb7, 0x38, 0xff, 0xff, 0xb8, 0x35, 0xff,
    0xfe, 0xb9, 0x34, 0xff, 0xfc, 0xb5, 0x35, 0xff, 0xf1, 0xba, 0x52, 0xff,
    0x78, 0x5a, 0x22, 0x7f, 0x00, 0x00, 0x00, 0x01, 0x00, 0x00, 0x00, 0x00,
    0x00, 0x00, 0x00, 0x00, 0x00, 0x00, 0x00, 0x00, 0x00, 0x00, 0x00, 0x00,
    0x00, 0x00, 0x00, 0x00, 0x00, 0x00, 0x00, 0x00, 0x00, 0x00, 0x00, 0x00,
    0x00, 0x00, 0x00, 0x00, 0x00, 0x00, 0x00, 0x00, 0x00, 0x00, 0x00, 0x00,
    0x00, 0x00, 0x00, 0x00, 0x00, 0x00, 0x00, 0x00, 0x00, 0x00, 0x00, 0x00,
    0x00, 0x00, 0x00, 0x00, 0x00, 0x00, 0x00, 0x00, 0x00, 0x00, 0x00, 0x00,
    0x00, 0x00, 0x00, 0x00, 0x00, 0x00, 0x00, 0x00, 0x00, 0x00, 0x00, 0x00,
    0x00, 0x00, 0x00, 0x00, 0x00, 0x00, 0x00, 0x00, 0x00, 0x00, 0x00, 0x00,
    0x00, 0x00, 0x00, 0x00, 0x00, 0x00, 0x00, 0x00, 0x14, 0x03, 0x00, 0x5b,
    0x78, 0x59, 0x24, 0xff, 0xef, 0xbb, 0x51, 0xff, 0xf8, 0xb7, 0x32, 0xff,
    0xfc, 0xb8, 0x37, 0xff, 0xfe, 0xb7, 0x37, 0xff, 0xff, 0xb5, 0x3a, 0xff,
    0xff, 0xb6, 0x3a, 0xff, 0xff, 0xb5, 0x3b, 0xff, 0xfe, 0xb7, 0x38, 0xff,
    0xff, 0xb8, 0x35, 0xff, 0xfe, 0xb9, 0x34, 0xff, 0xfc, 0xb5, 0x35, 0xff,
    0xf1, 0xba, 0x52, 0xff, 0x77, 0x5a, 0x23, 0x7c, 0x00, 0x00, 0x00, 0x01,
    0x00, 0x00, 0x00, 0x00, 0x00, 0x00, 0x00, 0x00, 0x00, 0x00, 0x00, 0x00,
    0x00, 0x00, 0x00, 0x00, 0x00, 0x00, 0x00, 0x00, 0x00, 0x00, 0x00, 0x00,
    0x00, 0x00, 0x00, 0x00, 0x00, 0x00, 0x00, 0x00, 0x00, 0x00, 0x00, 0x00,
    0x00, 0x00, 0x00, 0x00, 0x00, 0x00, 0x00, 0x00, 0x00, 0x00, 0x00, 0x00,
    0x00, 0x00, 0x00, 0x00, 0x00, 0x00, 0x00, 0x00, 0x00, 0x00, 0x00, 0x00,
    0x00, 0x00, 0x00, 0x00, 0x00, 0x00, 0x00, 0x00, 0x00, 0x00, 0x00, 0x00,
    0x00, 0x00, 0x00, 0x00, 0x00, 0x00, 0x00, 0x00, 0x00, 0x00, 0x00, 0x00,
    0x00, 0x00, 0x00, 0x00, 0x00, 0x00, 0x00, 0x00, 0x00, 0x00, 0x00, 0x00,
    0x14, 0x03, 0x00, 0x5b, 0x78, 0x59, 0x24, 0xff, 0xef, 0xbb, 0x51, 0xff,
    0xf8, 0xb7, 0x32, 0xff, 0xfc, 0xb8, 0x37, 0xff, 0xfe, 0xb7, 0x37, 0xff,
    0xff, 0xb5, 0x3a, 0xff, 0xff, 0xb6, 0x3a, 0xff, 0xff, 0xb5, 0x3b, 0xff,
    0xfe, 0xb7, 0x38, 0xff, 0xff, 0xb8, 0x35, 0xff, 0xfe, 0xb9, 0x34, 0xff,
    0xfc, 0xb5, 0x35, 0xff, 0xf1, 0xba, 0x52, 0xff, 0x78, 0x5b, 0x24, 0x79,
    0x00, 0x00, 0x00, 0x00, 0x00, 0x00, 0x00, 0x00, 0x00, 0x00, 0x00, 0x00,
    0x00, 0x00, 0x00, 0x00, 0x00, 0x00, 0x00, 0x00, 0x00, 0x00, 0x00, 0x00,
    0x00, 0x00, 0x00, 0x00, 0x00, 0x00, 0x00, 0x00, 0x00, 0x00, 0x00, 0x00,
    0x00, 0x00, 0x00, 0x00, 0x00, 0x00, 0x00, 0x00, 0x00, 0x00, 0x00, 0x00,
    0x00, 0x00, 0x00, 0x00, 0x00, 0x00, 0x00, 0x00, 0x00, 0x00, 0x00, 0x00,
    0x00, 0x00, 0x00, 0x00, 0x00, 0x00, 0x00, 0x00, 0x00, 0x00, 0x00, 0x00,
    0x00, 0x00, 0x00, 0x00, 0x00, 0x00, 0x00, 0x00, 0x00, 0x00, 0x00, 0x00,
    0x00, 0x00, 0x00, 0x00, 0x00, 0x00, 0x00, 0x00, 0x00, 0x00, 0x00, 0x00,
    0x00, 0x00, 0x00, 0x00, 0x14, 0x03, 0x00, 0x5b, 0x78, 0x59, 0x24, 0xff,
    0xef, 0xbb, 0x51, 0xff, 0xf8, 0xb7, 0x32, 0xff, 0xfc, 0xb8, 0x37, 0xff,
    0xfe, 0xb7, 0x37, 0xff, 0xff, 0xb5, 0x3a, 0xff, 0xff, 0xb6, 0x3a, 0xff,
    0xff, 0xb5, 0x3b, 0xff, 0xfe, 0xb7, 0x38, 0xff, 0xff, 0xb8, 0x35, 0xff,
    0xfe, 0xb9, 0x34, 0xff, 0xfc, 0xb5, 0x35, 0xff, 0xf1, 0xba, 0x52, 0xff,
    0x77, 0x59, 0x22, 0x78, 0x00, 0x00, 0x00, 0x00, 0x00, 0x00, 0x00, 0x00,
    0x00, 0x00, 0x00, 0x00, 0x00, 0x00, 0x00, 0x00, 0x00, 0x00, 0x00, 0x00,
    0x00, 0x00, 0x00, 0x00, 0x00, 0x00, 0x00, 0x00, 0x00, 0x00, 0x00, 0x00,
    0x00, 0x00, 0x00, 0x00, 0x00, 0x00, 0x00, 0x00, 0x00, 0x00, 0x00, 0x00,
    0x00, 0x00, 0x00, 0x00, 0x00, 0x00, 0x00, 0x00, 0x00, 0x00, 0x00, 0x00,
    0x00, 0x00, 0x00, 0x00, 0x00, 0x00, 0x00, 0x00, 0x00, 0x00, 0x00, 0x00,
    0x00, 0x00, 0x00, 0x00, 0x00, 0x00, 0x00, 0x00, 0x00, 0x00, 0x00, 0x00,
    0x00, 0x00, 0x00, 0x00, 0x00, 0x00, 0x00, 0x00, 0x00, 0x00, 0x00, 0x00,
    0x00, 0x00, 0x00, 0x00, 0x00, 0x00, 0x00, 0x00, 0x14, 0x03, 0x00, 0x5b,
    0x78, 0x59, 0x24, 0xff, 0xef, 0xbb, 0x51, 0xff, 0xf8, 0xb7, 0x32, 0xff,
    0xfc, 0xb8, 0x37, 0xff, 0xfe, 0xb7, 0x37, 0xff, 0xff, 0xb5, 0x3a, 0xff,
    0xff, 0xb6, 0x3a, 0xff, 0xff, 0xb5, 0x3b, 0xff, 0xfe, 0xb7, 0x38, 0xff,
    0xff, 0xb8, 0x35, 0xff, 0xfe, 0xb9, 0x34, 0xff, 0xfc, 0xb5, 0x35, 0xff,
    0xf1, 0xba, 0x52, 0xff, 0x77, 0x59, 0x22, 0x78, 0x00, 0x00, 0x00, 0x00,
    0x00, 0x00, 0x00, 0x00, 0x00, 0x00, 0x00, 0x00, 0x00, 0x00, 0x00, 0x00,
    0x00, 0x00, 0x00, 0x00, 0x00, 0x00, 0x00, 0x00, 0x00, 0x00, 0x00, 0x00,
    0x00, 0x00, 0x00, 0x00, 0x00, 0x00, 0x00, 0x00, 0x00, 0x00, 0x00, 0x00,
    0x00, 0x00, 0x00, 0x00, 0x00, 0x00, 0x00, 0x00, 0x00, 0x00, 0x00, 0x00,
    0x00, 0x00, 0x00, 0x00, 0x00, 0x00, 0x00, 0x00, 0x00, 0x00, 0x00, 0x00,
    0x00, 0x00, 0x00, 0x00, 0x00, 0x00, 0x00, 0x00, 0x00, 0x00, 0x00, 0x00,
    0x00, 0x00, 0x00, 0x00, 0x00, 0x00, 0x00, 0x00, 0x00, 0x00, 0x00, 0x00,
    0x00, 0x00, 0x00, 0x00, 0x00, 0x00, 0x00, 0x00, 0x00, 0x00, 0x00, 0x00,
    0x14, 0x03, 0x00, 0x5b, 0x78, 0x59, 0x24, 0xff, 0xef, 0xbb, 0x51, 0xff,
    0xf8, 0xb7, 0x32, 0xff, 0xfc, 0xb8, 0x37, 0xff, 0xfe, 0xb7, 0x37, 0xff,
    0xff, 0xb5, 0x3a, 0xff, 0xff, 0xb6, 0x3a, 0xff, 0xff, 0xb5, 0x3b, 0xff,
    0xfe, 0xb7, 0x38, 0xff, 0xff, 0xb8, 0x35, 0xff, 0xfe, 0xb9, 0x34, 0xff,
    0xfc, 0xb5, 0x35, 0xff, 0xf1, 0xba, 0x52, 0xff, 0x77, 0x59, 0x22, 0x78,
    0x00, 0x00, 0x00, 0x00, 0x00, 0x00, 0x00, 0x00, 0x00, 0x00, 0x00, 0x00,
    0x00, 0x00, 0x00, 0x00, 0x00, 0x00, 0x00, 0x00, 0x00, 0x00, 0x00, 0x00,
    0x00, 0x00, 0x00, 0x00, 0x00, 0x00, 0x00, 0x00, 0x00, 0x00, 0x00, 0x00,
    0x00, 0x00, 0x00, 0x00, 0x00, 0x00, 0x00, 0x00, 0x00, 0x00, 0x00, 0x00,
    0x00, 0x00, 0x00, 0x00, 0x00, 0x00, 0x00, 0x00, 0x00, 0x00, 0x00, 0x00,
    0x00, 0x00, 0x00, 0x00, 0x00, 0x00, 0x00, 0x00, 0x00, 0x00, 0x00, 0x00,
    0x00, 0x00, 0x00, 0x00, 0x00, 0x00, 0x00, 0x00, 0x00, 0x00, 0x00, 0x00,
    0x00, 0x00, 0x00, 0x00, 0x00, 0x00, 0x00, 0x00, 0x00, 0x00, 0x00, 0x00,
    0x00, 0x00, 0x00, 0x00, 0x14, 0x03, 0x00, 0x5b, 0x78, 0x59, 0x24, 0xff,
    0xef, 0xbb, 0x51, 0xff, 0xf8, 0xb7, 0x32, 0xff, 0xfc, 0xb8, 0x37, 0xff,
    0xfe, 0xb7, 0x37, 0xff, 0xff, 0xb5, 0x3a, 0xff, 0xff, 0xb6, 0x3a, 0xff,
    0xff, 0xb5, 0x3b, 0xff, 0xfe, 0xb7, 0x38, 0xff, 0xff, 0xb8, 0x35, 0xff,
    0xfe, 0xb9, 0x34, 0xff, 0xfc, 0xb5, 0x35, 0xff, 0xf1, 0xba, 0x52, 0xff,
    0x78, 0x5a, 0x22, 0x77, 0x00, 0x00, 0x00, 0x00, 0x00, 0x00, 0x00, 0x00,
    0x00, 0x00, 0x00, 0x00, 0x00, 0x00, 0x00, 0x00, 0x00, 0x00, 0x00, 0x00,
    0x00, 0x00, 0x00, 0x00, 0x00, 0x00, 0x00, 0x00, 0x00, 0x00, 0x00, 0x00,
    0x00, 0x00, 0x00, 0x00, 0x00, 0x00, 0x00, 0x00, 0x00, 0x00, 0x00, 0x00,
    0x00, 0x00, 0x00, 0x00, 0x00, 0x00, 0x00, 0x00, 0x00, 0x00, 0x00, 0x00,
    0x00, 0x00, 0x00, 0x00, 0x00, 0x00, 0x00, 0x00, 0x00, 0x00, 0x00, 0x00,
    0x00, 0x00, 0x00, 0x00, 0x00, 0x00, 0x00, 0x00, 0x00, 0x00, 0x00, 0x00,
    0x00, 0x00, 0x00, 0x00, 0x00, 0x00, 0x00, 0x00, 0x00, 0x00, 0x00, 0x00,
    0x00, 0x00, 0x00, 0x00, 0x00, 0x00, 0x00, 0x00, 0x14, 0x03, 0x00, 0x5b,
    0x78, 0x59, 0x24, 0xff, 0xef, 0xbb, 0x51, 0xff, 0xf8, 0xb7, 0x32, 0xff,
    0xfc, 0xb8, 0x37, 0xff, 0xfe, 0xb7, 0x37, 0xff, 0xff, 0xb5, 0x3a, 0xff,
    0xff, 0xb6, 0x3a, 0xff, 0xff, 0xb5, 0x3b, 0xff, 0xfe, 0xb7, 0x38, 0xff,
    0xff, 0xb8, 0x35, 0xff, 0xfe, 0xb9, 0x34, 0xff, 0xfc, 0xb5, 0x35, 0xff,
    0xf1, 0xba, 0x52, 0xff, 0x78, 0x5b, 0x24, 0x79, 0x00, 0x00, 0x00, 0x00,
    0x00, 0x00, 0x00, 0x00, 0x00, 0x00, 0x00, 0x00, 0x00, 0x00, 0x00, 0x00,
    0x00, 0x00, 0x00, 0x00, 0x00, 0x00, 0x00, 0x00, 0x00, 0x00, 0x00, 0x00,
    0x00, 0x00, 0x00, 0x00, 0x00, 0x00, 0x00, 0x00, 0x00, 0x00, 0x00, 0x00,
    0x00, 0x00, 0x00, 0x00, 0x00, 0x00, 0x00, 0x00, 0x00, 0x00, 0x00, 0x00,
    0x00, 0x00, 0x00, 0x00, 0x00, 0x00, 0x00, 0x00, 0x00, 0x00, 0x00, 0x00,
    0x00, 0x00, 0x00, 0x00, 0x00, 0x00, 0x00, 0x00, 0x00, 0x00, 0x00, 0x00,
    0x00, 0x00, 0x00, 0x00, 0x00, 0x00, 0x00, 0x00, 0x00, 0x00, 0x00, 0x00,
    0x00, 0x00, 0x00, 0x00, 0x00, 0x00, 0x00, 0x00, 0x00, 0x00, 0x00, 0x00,
    0x14, 0x03, 0x00, 0x5b, 0x78, 0x59, 0x24, 0xff, 0xef, 0xbb, 0x51, 0xff,
    0xf8, 0xb7, 0x32, 0xff, 0xfc, 0xb8, 0x37, 0xff, 0xfe, 0xb7, 0x37, 0xff,
    0xff, 0xb5, 0x3a, 0xff, 0xff, 0xb6, 0x3a, 0xff, 0xff, 0xb5, 0x3b, 0xff,
    0xfe, 0xb7, 0x38, 0xff, 0xff, 0xb8, 0x35, 0xff, 0xfe, 0xb9, 0x34, 0xff,
    0xfc, 0xb5, 0x35, 0xff, 0xf1, 0xba, 0x52, 0xff, 0x77, 0x5a, 0x23, 0x7c,
    0x00, 0x00, 0x00, 0x00, 0x00, 0x00, 0x00, 0x00, 0x00, 0x00, 0x00, 0x00,
    0x00, 0x00, 0x00, 0x00, 0x00, 0x00, 0x00, 0x00, 0x00, 0x00, 0x00, 0x00,
    0x00, 0x00, 0x00, 0x00, 0x00, 0x00, 0x00, 0x00, 0x00, 0x00, 0x00, 0x00,
    0x00, 0x00, 0x00, 0x00, 0x00, 0x00, 0x00, 0x00, 0x00, 0x00, 0x00, 0x00,
    0x00, 0x00, 0x00, 0x00, 0x00, 0x00, 0x00, 0x00, 0x00, 0x00, 0x00, 0x00,
    0x00, 0x00, 0x00, 0x00, 0x00, 0x00, 0x00, 0x00, 0x00, 0x00, 0x00, 0x00,
    0x00, 0x00, 0x00, 0x00, 0x00, 0x00, 0x00, 0x00, 0x00, 0x00, 0x00, 0x00,
    0x00, 0x00, 0x00, 0x00, 0x00, 0x00, 0x00, 0x00, 0x00, 0x00, 0x00, 0x00,
    0x00, 0x00, 0x00, 0x00, 0x14, 0x03, 0x00, 0x5b, 0x78, 0x59, 0x24, 0xff,
    0xef, 0xbb, 0x51, 0xff, 0xf8, 0xb7, 0x32, 0xff, 0xfc, 0xb8, 0x37, 0xff,
    0xfe, 0xb7, 0x37, 0xff, 0xff, 0xb5, 0x3a, 0xff, 0xff, 0xb6, 0x3a, 0xff,
    0xff, 0xb5, 0x3b, 0xff, 0xfe, 0xb7, 0x38, 0xff, 0xff, 0xb8, 0x35, 0xff,
    0xfe, 0xb9, 0x34, 0xff, 0xfc, 0xb5, 0x35, 0xff, 0xf1, 0xba, 0x52, 0xff,
    0x78, 0x5a, 0x24, 0x80, 0x00, 0x00, 0x00, 0x00, 0x00, 0x00, 0x00, 0x00,
    0x00, 0x00, 0x00, 0x00, 0x00, 0x00, 0x00, 0x00, 0x00, 0x00, 0x00, 0x00,
    0x00, 0x00, 0x00, 0x00, 0x00, 0x00, 0x00, 0x00, 0x00, 0x00, 0x00, 0x00,
    0x00, 0x00, 0x00, 0x00, 0x00, 0x00, 0x00, 0x00, 0x00, 0x00, 0x00, 0x00,
    0x00, 0x00, 0x00, 0x00, 0x00, 0x00, 0x00, 0x00, 0x00, 0x00, 0x00, 0x00,
    0x00, 0x00, 0x00, 0x00, 0x00, 0x00, 0x00, 0x00, 0x00, 0x00, 0x00, 0x00,
    0x00, 0x00, 0x00, 0x00, 0x00, 0x00, 0x00, 0x00, 0x00, 0x00, 0x00, 0x00,
    0x00, 0x00, 0x00, 0x00, 0x00, 0x00, 0x00, 0x00, 0x00, 0x00, 0x00, 0x00,
    0x00, 0x00, 0x00, 0x00, 0x00, 0x00, 0x00, 0x00, 0x14, 0x03, 0x00, 0x5b,
    0x78, 0x59, 0x24, 0xff, 0xef, 0xbb, 0x51, 0xff, 0xf8, 0xb7, 0x32, 0xff,
    0xfc, 0xb8, 0x37, 0xff, 0xfe, 0xb7, 0x37, 0xff, 0xff, 0xb5, 0x3a, 0xff,
    0xff, 0xb6, 0x3a, 0xff, 0xff, 0xb5, 0x3b, 0xff, 0xfe, 0xb7, 0x38, 0xff,
    0xff, 0xb8, 0x35, 0xff, 0xfe, 0xb9, 0x34, 0xff, 0xfc, 0xb5, 0x35, 0xff,
    0xf1, 0xba, 0x52, 0xff, 0x79, 0x5b, 0x24, 0x87, 0x00, 0x00, 0x00, 0x00,
    0x00, 0x00, 0x00, 0x00, 0x00, 0x00, 0x00, 0x00, 0x00, 0x00, 0x00, 0x00,
    0x00, 0x00, 0x00, 0x00, 0x00, 0x00, 0x00, 0x00, 0x00, 0x00, 0x00, 0x00,
    0x00, 0x00, 0x00, 0x00, 0x00, 0x00, 0x00, 0x00, 0x00, 0x00, 0x00, 0x00,
    0x00, 0x00, 0x00, 0x00, 0x00, 0x00, 0x00, 0x00, 0x00, 0x00, 0x00, 0x00,
    0x00, 0x00, 0x00, 0x00, 0x00, 0x00, 0x00, 0x00, 0x00, 0x00, 0x00, 0x00,
    0x00, 0x00, 0x00, 0x00, 0x00, 0x00, 0x00, 0x00, 0x00, 0x00, 0x00, 0x00,
    0x00, 0x00, 0x00, 0x00, 0x00, 0x00, 0x00, 0x00, 0x00, 0x00, 0x00, 0x00,
    0x00, 0x00, 0x00, 0x00, 0x00, 0x00, 0x00, 0x00, 0x00, 0x00, 0x00, 0x00,
    0x14, 0x03, 0x00, 0x5b, 0x78, 0x59, 0x24, 0xff, 0xef, 0xbb, 0x51, 0xff,
    0xf8, 0xb7, 0x32, 0xff, 0xfc, 0xb8, 0x37, 0xff, 0xfe, 0xb7, 0x37, 0xff,
    0xff, 0xb5, 0x3a, 0xff, 0xff, 0xb6, 0x3a, 0xff, 0xff, 0xb5, 0x3b, 0xff,
    0xfe, 0xb7, 0x38, 0xff, 0xff, 0xb8, 0x35, 0xff, 0xfe, 0xb9, 0x34, 0xff,
    0xfc, 0xb5, 0x35, 0xff, 0xf1, 0xba, 0x52, 0xff, 0x77, 0x59, 0x24, 0x8f,
    0x00, 0x00, 0x00, 0x00, 0x00, 0x00, 0x00, 0x00, 0x00, 0x00, 0x00, 0x00,
    0x00, 0x00, 0x00, 0x00, 0x00, 0x00, 0x00, 0x00, 0x00, 0x00, 0x00, 0x00,
    0x00, 0x00, 0x00, 0x00, 0x00, 0x00, 0x00, 0x00, 0x00, 0x00, 0x00, 0x00,
    0x00, 0x00, 0x00, 0x00, 0x00, 0x00, 0x00, 0x00, 0x00, 0x00, 0x00, 0x00,
    0x00, 0x00, 0x00, 0x00, 0x00, 0x00, 0x00, 0x00, 0x00, 0x00, 0x00, 0x00,
    0x00, 0x00, 0x00, 0x00, 0x00, 0x00, 0x00, 0x00, 0x00, 0x00, 0x00, 0x00,
    0x00, 0x00, 0x00, 0x00, 0x00, 0x00, 0x00, 0x00, 0x00, 0x00, 0x00, 0x00,
    0x00, 0x00, 0x00, 0x00, 0x00, 0x00, 0x00, 0x00, 0x00, 0x00, 0x00, 0x00,
    0x00, 0x00, 0x00, 0x00, 0x14, 0x03, 0x00, 0x5b, 0x78, 0x59, 0x24, 0xff,
    0xef, 0xbb, 0x51, 0xff, 0xf8, 0xb7, 0x32, 0xff, 0xfc, 0xb8, 0x37, 0xff,
    0xfe, 0xb7, 0x37, 0xff, 0xff, 0xb5, 0x3a, 0xff, 0xff, 0xb6, 0x3a, 0xff,
    0xff, 0xb5, 0x3b, 0xff, 0xfe, 0xb7, 0x38, 0xff, 0xff, 0xb8, 0x35, 0xff,
    0xfe, 0xb9, 0x34, 0xff, 0xfc, 0xb5, 0x35, 0xff, 0xf1, 0xba, 0x52, 0xff,
    0x78, 0x5a, 0x23, 0x9b, 0x00, 0x00, 0x00, 0x00, 0x00, 0x00, 0x00, 0x00,
    0x00, 0x00, 0x00, 0x00, 0x00, 0x00, 0x00, 0x00, 0x00, 0x00, 0x00, 0x00,
    0x00, 0x00, 0x00, 0x00, 0x00, 0x00, 0x00, 0x00, 0x00, 0x00, 0x00, 0x00,
    0x00, 0x00, 0x00, 0x00, 0x00, 0x00, 0x00, 0x00, 0x00, 0x00, 0x00, 0x00,
    0x00, 0x00, 0x00, 0x00, 0x00, 0x00, 0x00, 0x00, 0x00, 0x00, 0x00, 0x00,
    0x00, 0x00, 0x00, 0x00, 0x00, 0x00, 0x00, 0x00, 0x00, 0x00, 0x00, 0x00,
    0x00, 0x00, 0x00, 0x00, 0x00, 0x00, 0x00, 0x00, 0x00, 0x00, 0x00, 0x00,
    0x00, 0x00, 0x00, 0x00, 0x00, 0x00, 0x00, 0x00, 0x00, 0x00, 0x00, 0x00,
    0x00, 0x00, 0x00, 0x00, 0x00, 0x00, 0x00, 0x00, 0x14, 0x03, 0x00, 0x5b,
    0x78, 0x59, 0x24, 0xff, 0xef, 0xbb, 0x51, 0xff, 0xf8, 0xb7, 0x32, 0xff,
    0xfc, 0xb8, 0x37, 0xff, 0xfe, 0xb7, 0x37, 0xff, 0xff, 0xb5, 0x3a, 0xff,
    0xff, 0xb6, 0x3a, 0xff, 0xff, 0xb5, 0x3b, 0xff, 0xfe, 0xb7, 0x38, 0xff,
    0xff, 0xb8, 0x35, 0xff, 0xfe, 0xb9, 0x34, 0xff, 0xfc, 0xb5, 0x35, 0xff,
    0xf1, 0xba, 0x52, 0xff, 0x78, 0x5a, 0x23, 0xa8, 0x00, 0x00, 0x00, 0x00,
    0x00, 0x00, 0x00, 0x00, 0x00, 0x00, 0x00, 0x00, 0x00, 0x00, 0x00, 0x00,
    0x00, 0x00, 0x00, 0x00, 0x00, 0x00, 0x00, 0x00, 0x00, 0x00, 0x00, 0x00,
    0x00, 0x00, 0x00, 0x00, 0x00, 0x00, 0x00, 0x00, 0x00, 0x00, 0x00, 0x00,
    0x00, 0x00, 0x00, 0x00, 0x00, 0x00, 0x00, 0x00, 0x00, 0x00, 0x00, 0x00,
    0x00, 0x00, 0x00, 0x00, 0x00, 0x00, 0x00, 0x00, 0x00, 0x00, 0x00, 0x00,
    0x00, 0x00, 0x00, 0x00, 0x00, 0x00, 0x00, 0x00, 0x00, 0x00, 0x00, 0x00,
    0x00, 0x00, 0x00, 0x00, 0x00, 0x00, 0x00, 0x00, 0x00, 0x00, 0x00, 0x00,
    0x00, 0x00, 0x00, 0x00, 0x00, 0x00, 0x00, 0x00, 0x00, 0x00, 0x00, 0x00,
    0x14, 0x03, 0x00, 0x5b, 0x78, 0x59, 0x24, 0xff, 0xef, 0xbb, 0x51, 0xff,
    0xf8, 0xb7, 0x32, 0xff, 0xfc, 0xb8, 0x37, 0xff, 0xfe, 0xb7, 0x37, 0xff,
    0xff, 0xb5, 0x3a, 0xff, 0xff, 0xb6, 0x3a, 0xff, 0xff, 0xb5, 0x3b, 0xff,
    0xfe, 0xb7, 0x38, 0xff, 0xff, 0xb8, 0x35, 0xff, 0xfe, 0xb9, 0x34, 0xff,
    0xfc, 0xb5, 0x35, 0xff, 0xf1, 0xba, 0x52, 0xff, 0x78, 0x5a, 0x22, 0xb9,
    0x00, 0x00, 0x00, 0x00, 0x00, 0x00, 0x00, 0x00, 0x00, 0x00, 0x00, 0x00,
    0x00, 0x00, 0x00, 0x00, 0x00, 0x00, 0x00, 0x00, 0x00, 0x00, 0x00, 0x00,
    0x00, 0x00, 0x00, 0x00, 0x00, 0x00, 0x00, 0x00, 0x00, 0x00, 0x00, 0x00,
    0x00, 0x00, 0x00, 0x00, 0x00, 0x00, 0x00, 0x00, 0x00, 0x00, 0x00, 0x00,
    0x00, 0x00, 0x00, 0x00, 0x00, 0x00, 0x00, 0x00, 0x00, 0x00, 0x00, 0x00,
    0x00, 0x00, 0x00, 0x00, 0x00, 0x00, 0x00, 0x00, 0x00, 0x00, 0x00, 0x00,
    0x00, 0x00, 0x00, 0x00, 0x00, 0x00, 0x00, 0x00, 0x00, 0x00, 0x00, 0x00,
    0x00, 0x00, 0x00, 0x00, 0x00, 0x00, 0x00, 0x00, 0x00, 0x00, 0x00, 0x00,
    0x00, 0x00, 0x00, 0x00, 0x14, 0x03, 0x00, 0x5b, 0x78, 0x59, 0x24, 0xff,
    0xef, 0xbb, 0x51, 0xff, 0xf8, 0xb7, 0x32, 0xff, 0xfc, 0xb8, 0x37, 0xff,
    0xfe, 0xb7, 0x37, 0xff, 0xff, 0xb5, 0x3a, 0xff, 0xff, 0xb6, 0x3a, 0xff,
    0xff, 0xb5, 0x3b, 0xff, 0xfe, 0xb7, 0x38, 0xff, 0xff, 0xb8, 0x35, 0xff,
    0xfe, 0xb9, 0x34, 0xff, 0xfc, 0xb5, 0x35, 0xff, 0xf1, 0xba, 0x52, 0xff,
    0x79, 0x5a, 0x23, 0xcb, 0x00, 0x00, 0x00, 0x00, 0x00, 0x00, 0x00, 0x00,
    0x00, 0x00, 0x00, 0x00, 0x00, 0x00, 0x00, 0x00, 0x00, 0x00, 0x00, 0x00,
    0x00, 0x00, 0x00, 0x00, 0x00, 0x00, 0x00, 0x00, 0x00, 0x00, 0x00, 0x00,
    0x00, 0x00, 0x00, 0x00, 0x00, 0x00, 0x00, 0x00, 0x00, 0x00, 0x00, 0x00,
    0x00, 0x00, 0x00, 0x00, 0x00, 0x00, 0x00, 0x00, 0x00, 0x00, 0x00, 0x00,
    0x00, 0x00, 0x00, 0x00, 0x00, 0x00, 0x00, 0x00, 0x00, 0x00, 0x00, 0x00,
    0x00, 0x00, 0x00, 0x00, 0x00, 0x00, 0x00, 0x00, 0x00, 0x00, 0x00, 0x00,
    0x00, 0x00, 0x00, 0x00, 0x00, 0x00, 0x00, 0x00, 0x00, 0x00, 0x00, 0x00,
    0x00, 0x00, 0x00, 0x00, 0x00, 0x00, 0x00, 0x00, 0x14, 0x03, 0x00, 0x5b,
    0x78, 0x59, 0x24, 0xff, 0xef, 0xbb, 0x51, 0xff, 0xf8, 0xb7, 0x32, 0xff,
    0xfc, 0xb8, 0x37, 0xff, 0xfe, 0xb7, 0x37, 0xff, 0xff, 0xb5, 0x3a, 0xff,
    0xff, 0xb6, 0x3a, 0xff, 0xff, 0xb5, 0x3b, 0xff, 0xfe, 0xb7, 0x38, 0xff,
    0xff, 0xb8, 0x35, 0xff, 0xfe, 0xb9, 0x34, 0xff, 0xfc, 0xb5, 0x35, 0xff,
    0xf1, 0xba, 0x52, 0xff, 0x78, 0x5a, 0x23, 0xdf, 0x00, 0x00, 0x00, 0x00,
    0x00, 0x00, 0x00, 0x00, 0x00, 0x00, 0x00, 0x00, 0x00, 0x00, 0x00, 0x00,
    0x00, 0x00, 0x00, 0x00, 0x00, 0x00, 0x00, 0x00, 0x00, 0x00, 0x00, 0x00,
    0x00, 0x00, 0x00, 0x00, 0x00, 0x00, 0x00, 0x00, 0x00, 0x00, 0x00, 0x00,
    0x00, 0x00, 0x00, 0x00, 0x00, 0x00, 0x00, 0x00, 0x00, 0x00, 0x00, 0x00,
    0x00, 0x00, 0x00, 0x00, 0x00, 0x00, 0x00, 0x00, 0x00, 0x00, 0x00, 0x00,
    0x00, 0x00, 0x00, 0x00, 0x00, 0x00, 0x00, 0x00, 0x00, 0x00, 0x00, 0x00,
    0x00, 0x00, 0x00, 0x00, 0x00, 0x00, 0x00, 0x00, 0x00, 0x00, 0x00, 0x00,
    0x00, 0x00, 0x00, 0x00, 0x00, 0x00, 0x00, 0x00, 0x00, 0x00, 0x00, 0x00,
    0x14, 0x03, 0x00, 0x4e, 0x78, 0x59, 0x24, 0xff, 0xef, 0xbb, 0x51, 0xff,
    0xf8, 0xb7, 0x32, 0xff, 0xfc, 0xb8, 0x37, 0xff, 0xfe, 0xb7, 0x37, 0xff,
    0xff, 0xb5, 0x3a, 0xff, 0xff, 0xb6, 0x3a, 0xff, 0xff, 0xb5, 0x3b, 0xff,
    0xfe, 0xb7, 0x38, 0xff, 0xff, 0xb8, 0x35, 0xff, 0xfe, 0xb9, 0x34, 0xff,
    0xfc, 0xb5, 0x35, 0xff, 0xf1, 0xba, 0x52, 0xff, 0x78, 0x5a, 0x22, 0xf4,
    0x00, 0x00, 0x00, 0x00, 0x00, 0x00, 0x00, 0x00, 0x00, 0x00, 0x00, 0x00,
    0x00, 0x00, 0x00, 0x00, 0x00, 0x00, 0x00, 0x00, 0x00, 0x00, 0x00, 0x00,
    0x00, 0x00, 0x00, 0x00, 0x00, 0x00, 0x00, 0x00, 0x00, 0x00, 0x00, 0x00,
    0x00, 0x00, 0x00, 0x00, 0x00, 0x00, 0x00, 0x00, 0x00, 0x00, 0x00, 0x00,
    0x00, 0x00, 0x00, 0x00, 0x00, 0x00, 0x00, 0x00, 0x00, 0x00, 0x00, 0x00,
    0x00, 0x00, 0x00, 0x00, 0x00, 0x00, 0x00, 0x00, 0x00, 0x00, 0x00, 0x00,
    0x00, 0x00, 0x00, 0x00, 0x00, 0x00, 0x00, 0x00, 0x00, 0x00, 0x00, 0x00,
    0x00, 0x00, 0x00, 0x00, 0x00, 0x00, 0x00, 0x00, 0x00, 0x00, 0x00, 0x00,
    0x00, 0x00, 0x00, 0x00, 0x13, 0x03, 0x00, 0x52, 0x78, 0x59, 0x24, 0xff,
    0xef, 0xbb, 0x51, 0xff, 0xf8, 0xb7, 0x32, 0xff, 0xfc, 0xb8, 0x37, 0xff,
    0xfe, 0xb7, 0x37, 0xff, 0xff, 0xb5, 0x3a, 0xff, 0xff, 0xb6, 0x3a, 0xff,
    0xff, 0xb5, 0x3b, 0xff, 0xfe, 0xb7, 0x38, 0xff, 0xff, 0xb8, 0x35, 0xff,
    0xfe, 0xb9, 0x34, 0xff, 0xfc, 0xb5, 0x35, 0xff, 0xf1, 0xba, 0x52, 0xff,
    0x78, 0x5a, 0x23, 0xff, 0x00, 0x00, 0x00, 0x00, 0x00, 0x00, 0x00, 0x00,
    0x00, 0x00, 0x00, 0x00, 0x00, 0x00, 0x00, 0x00, 0x00, 0x00, 0x00, 0x00,
    0x00, 0x00, 0x00, 0x00, 0x00, 0x00, 0x00, 0x00, 0x00, 0x00, 0x00, 0x00,
    0x00, 0x00, 0x00, 0x00, 0x00, 0x00, 0x00, 0x00, 0x00, 0x00, 0x00, 0x00,
    0x00, 0x00, 0x00, 0x00, 0x00, 0x00, 0x00, 0x00, 0x00, 0x00, 0x00, 0x00,
    0x00, 0x00, 0x00, 0x00, 0x00, 0x00, 0x00, 0x00, 0x00, 0x00, 0x00, 0x00,
    0x00, 0x00, 0x00, 0x00, 0x00, 0x00, 0x00, 0x00, 0x00, 0x00, 0x00, 0x00,
    0x00, 0x00, 0x00, 0x00, 0x00, 0x00, 0x00, 0x00, 0x00, 0x00, 0x00, 0x00,
    0x00, 0x00, 0x00, 0x00, 0x00, 0x00, 0x00, 0x00, 0x14, 0x03, 0x00, 0x5b,
    0x78, 0x59, 0x24, 0xff, 0xed, 0xba, 0x52, 0xfc, 0xf7, 0xb6, 0x36, 0xff,
    0xfa, 0xb7, 0x38, 0xff, 0xfe, 0xb7, 0x38, 0xff, 0xff, 0xb6, 0x38, 0xff,
    0xff, 0xb5, 0x3a, 0xff, 0xff, 0xb5, 0x3b, 0xff, 0xff, 0xb6, 0x3a, 0xff,
    0xff, 0xb8, 0x35, 0xff, 0xfe, 0xb9, 0x34, 0xff, 0xfa, 0xb6, 0x35, 0xff,
    0xef, 0xba, 0x52, 0xff, 0x76, 0x5a, 0x24, 0xff, 0x00, 0x00, 0x00, 0x01,
    0x00, 0x00, 0x00, 0x00, 0x00, 0x00, 0x00, 0x00, 0x00, 0x00, 0x00, 0x00,
    0x00, 0x00, 0x00, 0x00, 0x00, 0x00, 0x00, 0x00, 0x00, 0x00, 0x00, 0x00,
    0x00, 0x00, 0x00, 0x00, 0x00, 0x00, 0x00, 0x00, 0x00, 0x00, 0x00, 0x00,
    0x00, 0x00, 0x00, 0x00, 0x00, 0x00, 0x00, 0x00, 0x00, 0x00, 0x00, 0x00,
    0x00, 0x00, 0x00, 0x00, 0x00, 0x00, 0x00, 0x00, 0x00, 0x00, 0x00, 0x00,
    0x00, 0x00, 0x00, 0x00, 0x00, 0x00, 0x00, 0x00, 0x00, 0x00, 0x00, 0x00,
    0x00, 0x00, 0x00, 0x00, 0x00, 0x00, 0x00, 0x00, 0x00, 0x00, 0x00, 0x00,
    0x00, 0x00, 0x00, 0x00, 0x00, 0x00, 0x00, 0x00, 0x00, 0x00, 0x00, 0x00,
    0x13, 0x08, 0x00, 0x42, 0x72, 0x56, 0x20, 0xff, 0xed, 0xba, 0x59, 0xf6,
    0xf2, 0xb3, 0x3b, 0xff, 0xf9, 0xb6, 0x3b, 0xff, 0xfe, 0xb6, 0x3a, 0xff,
    0xff, 0xb6, 0x37, 0xff, 0xff, 0xb5, 0x38, 0xff, 0xff, 0xb4, 0x3b, 0xff,
    0xff, 0xb4, 0x3b, 0xff, 0xff, 0xb7, 0x37, 0xff, 0xfc, 0xb8, 0x35, 0xff,
    0xf6, 0xb6, 0x32, 0xff, 0xf0, 0xbe, 0x54, 0xff, 0x70, 0x55, 0x22, 0xff,
    0x00, 0x00, 0x00, 0x01, 0x00, 0x00, 0x00, 0x00, 0x00, 0x00, 0x00, 0x00,
    0x00, 0x00, 0x00, 0x00, 0x00, 0x00, 0x00, 0x00, 0x00, 0x00, 0x00, 0x00,
    0x00, 0x00, 0x00, 0x00, 0x00, 0x00, 0x00, 0x00, 0x00, 0x00, 0x00, 0x00,
    0x00, 0x00, 0x00, 0x00, 0x00, 0x00, 0x00, 0x00, 0x00, 0x00, 0x00, 0x00,
    0x00, 0x00, 0x00, 0x00, 0x00, 0x00, 0x00, 0x00, 0x00, 0x00, 0x00, 0x00,
    0x00, 0x00, 0x00, 0x00, 0x00, 0x00, 0x00, 0x00, 0x00, 0x00, 0x00, 0x00,
    0x00, 0x00, 0x00, 0x00, 0x00, 0x00, 0x00, 0x00, 0x00, 0x00, 0x00, 0x00,
    0x00, 0x00, 0x00, 0x00, 0x00, 0x00, 0x00, 0x00, 0x00, 0x00, 0x00, 0x00,
    0x00, 0x00, 0x00, 0x00, 0x15, 0x00, 0x00, 0x0c, 0x72, 0x57, 0x1f, 0xff,
    0xed, 0xba, 0x5a, 0xf0, 0xf1, 0xb1, 0x3b, 0xff, 0xf9, 0xb6, 0x3c, 0xff,
    0xfc, 0xb6, 0x3a, 0xff, 0xff, 0xb6, 0x37, 0xff, 0xff, 0xb6, 0x37, 0xff,
    0xff, 0xb4, 0x3a, 0xff, 0xff, 0xb5, 0x3a, 0xff, 0xff, 0xb6, 0x3a, 0xff,
    0xfc, 0xb8, 0x37, 0xff, 0xf5, 0xb5, 0x31, 0xff, 0xed, 0xbd, 0x53, 0xff,
    0x70, 0x55, 0x22, 0xff, 0x00, 0x00, 0x00, 0x02, 0x00, 0x00, 0x00, 0x00,
    0x00, 0x00, 0x00, 0x00, 0x00, 0x00, 0x00, 0x00, 0x00, 0x00, 0x00, 0x00,
    0x00, 0x00, 0x00, 0x00, 0x00, 0x00, 0x00, 0x00, 0x00, 0x00, 0x00, 0x00,
    0x00, 0x00, 0x00, 0x00, 0x00, 0x00, 0x00, 0x00, 0x00, 0x00, 0x00, 0x00,
    0x00, 0x00, 0x00, 0x00, 0x00, 0x00, 0x00, 0x00, 0x00, 0x00, 0x00, 0x00,
    0x00, 0x00, 0x00, 0x00, 0x00, 0x00, 0x00, 0x00, 0x00, 0x00, 0x00, 0x00,
    0x00, 0x00, 0x00, 0x00, 0x00, 0x00, 0x00, 0x00, 0x00, 0x00, 0x00, 0x00,
    0x00, 0x00, 0x00, 0x00, 0x00, 0x00, 0x00, 0x00, 0x00, 0x00, 0x00, 0x00,
    0x00, 0x00, 0x00, 0x00, 0x00, 0x00, 0x00, 0x00, 0x15, 0x00, 0x00, 0x0c,
    0x72, 0x57, 0x1e, 0xff, 0xf1, 0xbb, 0x56, 0xe8, 0xf5, 0xb2, 0x38, 0xff,
    0xfa, 0xb5, 0x3c, 0xff, 0xfe, 0xb6, 0x3a, 0xff, 0xff, 0xb6, 0x37, 0xff,
    0xff, 0xb7, 0x35, 0xff, 0xff, 0xb6, 0x37, 0xff, 0xff, 0xb6, 0x38, 0xff,
    0xff, 0xb5, 0x3b, 0xff, 0xfc, 0xb6, 0x3a, 0xff, 0xf5, 0xb5, 0x31, 0xff,
    0xef, 0xbe, 0x52, 0xff, 0x70, 0x56, 0x20, 0xff, 0x00, 0x00, 0x00, 0x02,
    0x00, 0x00, 0x00, 0x00, 0x00, 0x00, 0x00, 0x00, 0x00, 0x00, 0x00, 0x00,
    0x00, 0x00, 0x00, 0x00, 0x00, 0x00, 0x00, 0x00, 0x00, 0x00, 0x00, 0x00,
    0x00, 0x00, 0x00, 0x00, 0x00, 0x00, 0x00, 0x00, 0x00, 0x00, 0x00, 0x00,
    0x00, 0x00, 0x00, 0x00, 0x00, 0x00, 0x00, 0x00, 0x00, 0x00, 0x00, 0x00,
    0x00, 0x00, 0x00, 0x00, 0x00, 0x00, 0x00, 0x00, 0x00, 0x00, 0x00, 0x00,
    0x00, 0x00, 0x00, 0x00, 0x00, 0x00, 0x00, 0x00, 0x00, 0x00, 0x00, 0x00,
    0x00, 0x00, 0x00, 0x00, 0x00, 0x00, 0x00, 0x00, 0x00, 0x00, 0x00, 0x00,
    0x00, 0x00, 0x00, 0x00, 0x00, 0x00, 0x00, 0x00, 0x00, 0x00, 0x00, 0x00,
    0x15, 0x00, 0x00, 0x0c, 0x73, 0x59, 0x1d, 0xff, 0xf4, 0xbd, 0x54, 0xe5,
    0xf9, 0xb4, 0x35, 0xff, 0xfe, 0xb5, 0x3b, 0xff, 0xff, 0xb6, 0x3a, 0xff,
    0xff, 0xb7, 0x35, 0xff, 0xff, 0xb8, 0x34, 0xff, 0xff, 0xb7, 0x35, 0xff,
    0xff, 0xb7, 0x37, 0xff, 0xfe, 0xb5, 0x3b, 0xff, 0xfe, 0xb5, 0x3b, 0xff,
    0xf7, 0xb6, 0x32, 0xff, 0xf1, 0xbd, 0x52, 0xff, 0x73, 0x58, 0x20, 0xde,
    0x00, 0x00, 0x00, 0x03, 0x00, 0x00, 0x00, 0x00, 0x00, 0x00, 0x00, 0x00,
    0x00, 0x00, 0x00, 0x00, 0x00, 0x00, 0x00, 0x00, 0x00, 0x00, 0x00, 0x00,
    0x00, 0x00, 0x00, 0x00, 0x00, 0x00, 0x00, 0x00, 0x00, 0x00, 0x00, 0x00,
    0x00, 0x00, 0x00, 0x00, 0x00, 0x00, 0x00, 0x00, 0x00, 0x00, 0x00, 0x00,
    0x00, 0x00, 0x00, 0x00, 0x00, 0x00, 0x00, 0x00, 0x00, 0x00, 0x00, 0x00,
    0x00, 0x00, 0x00, 0x00, 0x00, 0x00, 0x00, 0x00, 0x00, 0x00, 0x00, 0x00,
    0x00, 0x00, 0x00, 0x00, 0x00, 0x00, 0x00, 0x00, 0x00, 0x00, 0x00, 0x00,
    0x00, 0x00, 0x00, 0x00, 0x00, 0x00, 0x00, 0x00, 0x00, 0x00, 0x00, 0x00,
    0x00, 0x00, 0x00, 0x00, 0x15, 0x00, 0x00, 0x0c, 0x73, 0x5a, 0x1c, 0xff,
    0xf7, 0xbf, 0x50, 0xe2, 0xff, 0xb6, 0x32, 0xff, 0xff, 0xb5, 0x3a, 0xff,
    0xff, 0xb5, 0x3a, 0xff, 0xff, 0xb7, 0x35, 0xff, 0xff, 0xb8, 0x34, 0xff,
    0xfe, 0xba, 0x33, 0xff, 0xfc, 0xb8, 0x35, 0xff, 0xfe, 0xb5, 0x3b, 0xff,
    0xfe, 0xb5, 0x3b, 0xff, 0xfc, 0xb6, 0x33, 0xff, 0xf4, 0xbf, 0x51, 0xff,
    0x74, 0x57, 0x1f, 0xac, 0x00, 0x00, 0x00, 0x03, 0x00, 0x00, 0x00, 0x00,
    0x00, 0x00, 0x00, 0x00, 0x00, 0x00, 0x00, 0x00, 0x00, 0x00, 0x00, 0x00,
    0x00, 0x00, 0x00, 0x00, 0x00, 0x00, 0x00, 0x00, 0x00, 0x00, 0x00, 0x00,
    0x00, 0x00, 0x00, 0x00, 0x00, 0x00, 0x00, 0x00, 0x00, 0x00, 0x00, 0x00,
    0x00, 0x00, 0x00, 0x00, 0x00, 0x00, 0x00, 0x00, 0x00, 0x00, 0x00, 0x00,
    0x00, 0x00, 0x00, 0x00, 0x00, 0x00, 0x00, 0x00, 0x00, 0x00, 0x00, 0x00,
    0x00, 0x00, 0x00, 0x00, 0x00, 0x00, 0x00, 0x00, 0x00, 0x00, 0x00, 0x00,
    0x00, 0x00, 0x00, 0x00, 0x00, 0x00, 0x00, 0x00, 0x00, 0x00, 0x00, 0x00,
    0x00, 0x00, 0x00, 0x00, 0x00, 0x00, 0x00, 0x00, 0x15, 0x00, 0x00, 0x0c,
    0x71, 0x58, 0x19, 0xe6, 0xf7, 0xbd, 0x4c, 0xe0, 0xff, 0xb6, 0x31, 0xff,
    0xff, 0xb6, 0x37, 0xff, 0xff, 0xb6, 0x38, 0xff, 0xff, 0xb7, 0x35, 0xff,
    0xff, 0xb8, 0x34, 0xff, 0xfc, 0xbb, 0x31, 0xff, 0xfc, 0xb9, 0x34, 0xff,
    0xfe, 0xb5, 0x3b, 0xff, 0xff, 0xb5, 0x3b, 0xff, 0xfd, 0xb8, 0x33, 0xff,
    0xf5, 0xbe, 0x4f, 0xff, 0x70, 0x56, 0x1d, 0x98, 0x00, 0x00, 0x00, 0x02,
    0x00, 0x00, 0x00, 0x00, 0x00, 0x00, 0x00, 0x00, 0x00, 0x00, 0x00, 0x00,
    0x00, 0x00, 0x00, 0x00, 0x00, 0x00, 0x00, 0x00, 0x00, 0x00, 0x00, 0x00,
    0x00, 0x00, 0x00, 0x00, 0x00, 0x00, 0x00, 0x00, 0x00, 0x00, 0x00, 0x00,
    0x00, 0x00, 0x00, 0x00, 0x00, 0x00, 0x00, 0x00, 0x00, 0x00, 0x00, 0x00,
    0x00, 0x00, 0x00, 0x00, 0x00, 0x00, 0x00, 0x00, 0x00, 0x00, 0x00, 0x00,
    0x00, 0x00, 0x00, 0x00, 0x00, 0x00, 0x00, 0x00, 0x00, 0x00, 0x00, 0x00,
    0x00, 0x00, 0x00, 0x00, 0x00, 0x00, 0x00, 0x00, 0x00, 0x00, 0x00, 0x00,
    0x00, 0x00, 0x00, 0x00, 0x00, 0x00, 0x00, 0x00, 0x00, 0x00, 0x00, 0x00,
    0x0e, 0x07, 0x00, 0x24, 0x6c, 0x54, 0x18, 0xa0, 0xf4, 0xbb, 0x4c, 0xde,
    0xff, 0xb6, 0x31, 0xff, 0xff, 0xb7, 0x35, 0xff, 0xff, 0xb6, 0x37, 0xff,
    0xff, 0xb7, 0x37, 0xff, 0xff, 0xb8, 0x34, 0xff, 0xfa, 0xbb, 0x31, 0xff,
    0xfa, 0xb9, 0x34, 0xff, 0xfe, 0xb6, 0x3a, 0xff, 0xff, 0xb6, 0x3a, 0xff,
    0xfe, 0xb6, 0x32, 0xff, 0xf3, 0xbc, 0x4d, 0xff, 0x6e, 0x53, 0x1a, 0x87,
    0x00, 0x00, 0x00, 0x02, 0x00, 0x00, 0x00, 0x00, 0x00, 0x00, 0x00, 0x00,
    0x00, 0x00, 0x00, 0x00, 0x00, 0x00, 0x00, 0x00, 0x00, 0x00, 0x00, 0x00,
    0x00, 0x00, 0x00, 0x00, 0x00, 0x00, 0x00, 0x00, 0x00, 0x00, 0x00, 0x00,
    0x00, 0x00, 0x00, 0x00, 0x00, 0x00, 0x00, 0x00, 0x00, 0x00, 0x00, 0x00,
    0x00, 0x00, 0x00, 0x00, 0x00, 0x00, 0x00, 0x00, 0x00, 0x00, 0x00, 0x00,
    0x00, 0x00, 0x00, 0x00, 0x00, 0x00, 0x00, 0x00, 0x00, 0x00, 0x00, 0x00,
    0x00, 0x00, 0x00, 0x00, 0x00, 0x00, 0x00, 0x00, 0x00, 0x00, 0x00, 0x00,
    0x00, 0x00, 0x00, 0x00, 0x00, 0x00, 0x00, 0x00, 0x00, 0x00, 0x00, 0x00,
    0x00, 0x00, 0x00, 0x00, 0x00, 0x00, 0x00, 0x0b, 0x66, 0x51, 0x19, 0x3c,
    0xf0, 0xb9, 0x4f, 0xc7, 0xfd, 0xb5, 0x32, 0xff, 0xff, 0xb7, 0x35, 0xff,
    0xff, 0xb7, 0x35, 0xff, 0xff, 0xb6, 0x37, 0xff, 0xff, 0xb8, 0x35, 0xff,
    0xfc, 0xba, 0x33, 0xff, 0xfa, 0xb9, 0x34, 0xff, 0xfe, 0xb6, 0x3a, 0xff,
    0xfe, 0xb6, 0x3a, 0xff, 0xfb, 0xb5, 0x32, 0xff, 0xee, 0xb8, 0x4d, 0xfd,
    0x6c, 0x4f, 0x1d, 0x61, 0x00, 0x00, 0x00, 0x02, 0x00, 0x00, 0x00, 0x00,
    0x00, 0x00, 0x00, 0x00, 0x00, 0x00, 0x00, 0x00, 0x00, 0x00, 0x00, 0x00,
    0x00, 0x00, 0x00, 0x00, 0x00, 0x00, 0x00, 0x00, 0x00, 0x00, 0x00, 0x00,
    0x00, 0x00, 0x00, 0x00, 0x00, 0x00, 0x00, 0x00, 0x00, 0x00, 0x00, 0x00,
    0x00, 0x00, 0x00, 0x00, 0x00, 0x00, 0x00, 0x00, 0x00, 0x00, 0x00, 0x00,
    0x00, 0x00, 0x00, 0x00, 0x00, 0x00, 0x00, 0x00, 0x00, 0x00, 0x00, 0x00,
    0x00, 0x00, 0x00, 0x00, 0x00, 0x00, 0x00, 0x00, 0x00, 0x00, 0x00, 0x00,
    0x00, 0x00, 0x00, 0x00, 0x00, 0x00, 0x00, 0x00, 0x00, 0x00, 0x00, 0x00,
    0x00, 0x00, 0x00, 0x00, 0x00, 0x00, 0x00, 0x00, 0x00, 0x00, 0x00, 0x00,
    0x00, 0x00, 0x00, 0x00, 0xeb, 0xb1, 0x4e, 0x0d, 0xfb, 0xb6, 0x3d, 0xff,
    0xfd, 0xb6, 0x36, 0xff, 0xff, 0xb4, 0x32, 0xff, 0xff, 0xb7, 0x39, 0xff,
    0xff, 0xb7, 0x39, 0xff, 0xff, 0xb9, 0x36, 0xff, 0xfd, 0xb9, 0x36, 0xff,
    0xf9, 0xb3, 0x37, 0xff, 0xf9, 0xb5, 0x3a, 0xff, 0xf9, 0xb7, 0x3a, 0xff,
    0xe9, 0xb7, 0x53, 0xff, 0x00, 0x00, 0x00, 0x00, 0x00, 0x00, 0x00, 0x00,
    0x00, 0x00, 0x00, 0x00, 0x00, 0x00, 0x00, 0x00, 0x00, 0x00, 0x00, 0x00,
    0x00, 0x00, 0x00, 0x00, 0x00, 0x00, 0x00, 0x00, 0x00, 0x00, 0x00, 0x00,
    0x00, 0x00, 0x00, 0x00, 0x00, 0x00, 0x00, 0x00, 0x00, 0x00, 0x00, 0x00,
    0x00, 0x00, 0x00, 0x00, 0x00, 0x00, 0x00, 0x00, 0x00, 0x00, 0x00, 0x00,
    0x00, 0x00, 0x00, 0x00, 0x00, 0x00, 0x00, 0x00, 0x00, 0x00, 0x00, 0x00,
    0x00, 0x00, 0x00, 0x00, 0x00, 0x00, 0x00, 0x00, 0x00, 0x00, 0x00, 0x00,
    0x00, 0x00, 0x00, 0x00, 0x00, 0x00, 0x00, 0x00, 0x00, 0x00, 0x00, 0x00,
    0x00, 0x00, 0x00, 0x00, 0x00, 0x00, 0x00, 0x00, 0x00, 0x00, 0x00, 0x00,
    0x00, 0x00, 0x00, 0x00, 0x00, 0x00, 0x00, 0x00, 0x00, 0x00, 0x00, 0x00,
    0xe9, 0xab, 0x3f, 0xff, 0xf8, 0xb7, 0x3d, 0xff, 0xff, 0xba, 0x3b, 0xff,
    0xff, 0xb8, 0x3d, 0xff, 0xfe, 0xb2, 0x34, 0xff, 0xfa, 0xb3, 0x34, 0xff,
    0xfd, 0xba, 0x3b, 0xff, 0xfc, 0xb9, 0x3e, 0xff, 0xf4, 0xb6, 0x40, 0xff,
    0xea, 0xae, 0x3c, 0xff, 0x00, 0x00, 0x00, 0x00, 0x00, 0x00, 0x00, 0x00,
    0x00, 0x00, 0x00, 0x00, 0x00, 0x00, 0x00, 0x00, 0x00, 0x00, 0x00, 0x00,
    0x00, 0x00, 0x00, 0x00, 0x00, 0x00, 0x00, 0x00, 0x00, 0x00, 0x00, 0x00,
    0x00, 0x00, 0x00, 0x00, 0x00, 0x00, 0x00, 0x00, 0x00, 0x00, 0x00, 0x00,
    0x00, 0x00, 0x00, 0x00, 0x00, 0x00, 0x00, 0x00, 0x00, 0x00, 0x00, 0x00,
    0x00, 0x00, 0x00, 0x00, 0x00, 0x00, 0x00, 0x00, 0x00, 0x00, 0x00, 0x00,
    0x00, 0x00, 0x00, 0x00, 0x00, 0x00, 0x00, 0x00, 0x00, 0x00, 0x00, 0x00,
    0x00, 0x00, 0x00, 0x00, 0x00, 0x00, 0x00, 0x00, 0x00, 0x00, 0x00, 0x00,
    0x00, 0x00, 0x00, 0x00, 0x00, 0x00, 0x00, 0x00, 0x00, 0x00, 0x00, 0x00,
    0x00, 0x00, 0x00, 0x00, 0x00, 0x00, 0x00, 0x00, 0x00, 0x00, 0x00, 0x00,
    0x00, 0x00, 0x00, 0x00, 0xf2, 0xbf, 0x63, 0xc7, 0xea, 0xb2, 0x43, 0xff,
    0xf3, 0xb2, 0x38, 0xff, 0xfe, 0xb3, 0x39, 0xff, 0xff, 0xb9, 0x3e, 0xff,
    0xff, 0xba, 0x3e, 0xff, 0xf8, 0xb4, 0x39, 0xff, 0xee, 0xb1, 0x3b, 0xff,
    0xe9, 0xb1, 0x44, 0xff, 0xf6, 0xc0, 0x60, 0xbd, 0x00, 0x00, 0x00, 0x00,
    0x00, 0x00, 0x00, 0x00, 0x00, 0x00, 0x00, 0x00, 0x00, 0x00, 0x00, 0x00,
    0x00, 0x00, 0x00, 0x00, 0x00, 0x00, 0x00, 0x00, 0x00, 0x00, 0x00, 0x00,
    0x00, 0x00, 0x00, 0x00, 0x00, 0x00, 0x00, 0x00, 0x00, 0x00, 0x00, 0x00,
    0x00, 0x00, 0x00, 0x00, 0x00, 0x00, 0x00, 0x00, 0x00, 0x00, 0x00, 0x00,
    0x00, 0x00, 0x00, 0x00, 0x00, 0x00, 0x00, 0x00, 0x00, 0x00, 0x00, 0x00,
    0x00, 0x00, 0x00, 0x00, 0x00, 0x00, 0x00, 0x00, 0x00, 0x00, 0x00, 0x00,
    0x00, 0x00, 0x00, 0x00, 0x00, 0x00, 0x00, 0x00, 0x00, 0x00, 0x00, 0x00,
    0x00, 0x00, 0x00, 0x00, 0x00, 0x00, 0x00, 0x00, 0x00, 0x00, 0x00, 0x00,
    0x00, 0x00, 0x00, 0x00, 0x00, 0x00, 0x00, 0x00, 0x00, 0x00, 0x00, 0x00,
    0x00, 0x00, 0x00, 0x00, 0x00, 0x00, 0x00, 0x00, 0x00, 0x00, 0x00, 0x00,
    0xe6, 0xb4, 0x54, 0xff, 0xef, 0xb5, 0x44, 0xff, 0xf8, 0xb1, 0x38, 0xff,
    0xff, 0xb4, 0x39, 0xff, 0xff, 0xb4, 0x3a, 0xff, 0xf5, 0xb0, 0x3b, 0xff,
    0xed, 0xb5, 0x46, 0xff, 0xe6, 0xb4, 0x54, 0xfc, 0x00, 0x00, 0x00, 0x00,
    0x00, 0x00, 0x00, 0x00, 0x00, 0x00, 0x00, 0x00, 0x00, 0x00, 0x00, 0x00,
    0x00, 0x00, 0x00, 0x00, 0x00, 0x00, 0x00, 0x00, 0x00, 0x00, 0x00, 0x00,
    0x00, 0x00, 0x00, 0x00, 0x00, 0x00, 0x00, 0x00, 0x00, 0x00, 0x00, 0x00,
    0x00, 0x00, 0x00, 0x00, 0x00, 0x00, 0x00, 0x00, 0x00, 0x00, 0x00, 0x00,
    0x00, 0x00, 0x00, 0x00, 0x00, 0x00, 0x00, 0x00, 0x00, 0x00, 0x00, 0x00,
    0x00, 0x00, 0x00, 0x00, 0x00, 0x00, 0x00, 0x00, 0x00, 0x00, 0x00, 0x00,
    0x00, 0x00, 0x00, 0x00, 0x00, 0x00, 0x00, 0x00, 0x00, 0x00, 0x00, 0x00,
    0x00, 0x00, 0x00, 0x00, 0x00, 0x00, 0x00, 0x00, 0x00, 0x00, 0x00, 0x00,
    0x00, 0x00, 0x00, 0x00, 0x00, 0x00, 0x00, 0x00, 0x00, 0x00, 0x00, 0x00,
    0x00, 0x00, 0x00, 0x00, 0x00, 0x00, 0x00, 0x00, 0x00, 0x00, 0x00, 0x00,
    0x00, 0x00, 0x00, 0x00, 0x00, 0x00, 0x00, 0x00, 0xea, 0xb8, 0x4f, 0xd6,
    0xff, 0xbd, 0x46, 0xff, 0xff, 0xb6, 0x38, 0xff, 0xfe, 0xb5, 0x3c, 0xff,
    0xfd, 0xbb, 0x4a, 0xff, 0xe9, 0xb6, 0x50, 0x76, 0x00, 0x00, 0x00, 0x00,
    0x00, 0x00, 0x00, 0x00, 0x00, 0x00, 0x00, 0x00, 0x00, 0x00, 0x00, 0x00,
    0x00, 0x00, 0x00, 0x00, 0x00, 0x00, 0x00, 0x00, 0x00, 0x00, 0x00, 0x00,
    0x00, 0x00, 0x00, 0x00, 0x00, 0x00, 0x00, 0x00, 0x00, 0x00, 0x00, 0x00,
    0x00, 0x00, 0x00, 0x00, 0x00, 0x00, 0x00, 0x00, 0x00, 0x00, 0x00, 0x00,
    0x00, 0x00, 0x00, 0x00, 0x00, 0x00, 0x00, 0x00, 0x00, 0x00, 0x00, 0x00,
    0x00, 0x00, 0x00, 0x00, 0x00, 0x00, 0x00, 0x00, 0x00, 0x00, 0x00, 0x00,
    0x00, 0x00, 0x00, 0x00, 0x00, 0x00, 0x00, 0x00, 0x00, 0x00, 0x00, 0x00,
    0x00, 0x00, 0x00, 0x00, 0x00, 0x00, 0x00, 0x00, 0x00, 0x00, 0x00, 0x00,
    0x00, 0x00, 0x00, 0x00, 0x00, 0x00, 0x00, 0x00, 0x00, 0x00, 0x00, 0x00,
    0x00, 0x00, 0x00, 0x00, 0x00, 0x00, 0x00, 0x00, 0x00, 0x00, 0x00, 0x00,
    0x00, 0x00, 0x00, 0x00, 0x00, 0x00, 0x00, 0x00, 0x00, 0x00, 0x00, 0x00,
    0x8f, 0x5f, 0x00, 0x59, 0xd4, 0x96, 0x1e, 0xb4, 0xfa, 0xb0, 0x32, 0xf7,
    0xf8, 0xaf, 0x36, 0xf6, 0xd3, 0x92, 0x26, 0xa2, 0x8d, 0x5e, 0x00, 0x31,
    0x00, 0x00, 0x00, 0x00, 0x00, 0x00, 0x00, 0x00, 0x00, 0x00, 0x00, 0x00,
    0x00, 0x00, 0x00, 0x00, 0x00, 0x00, 0x00, 0x00, 0x00, 0x00, 0x00, 0x00,
    0x00, 0x00, 0x00, 0x00, 0x00, 0x00, 0x00, 0x00, 0x00, 0x00, 0x00, 0x00,
    0x00, 0x00, 0x00, 0x00, 0x00, 0x00, 0x00, 0x00, 0x00, 0x00, 0x00, 0x00,
    0x00, 0x00, 0x00, 0x00, 0x00, 0x00, 0x00, 0x00, 0x00, 0x00, 0x00, 0x00,
    0x00, 0x00, 0x00, 0x00, 0x00, 0x00, 0x00, 0x00
};
